date,open,high,low,close,volume,Name
08-02-2013,67.71,68.4,66.89,67.85,158168416,AAPL
11-02-2013,68.07,69.28,67.61,68.56,129029425,AAPL
12-02-2013,68.5,68.91,66.82,66.84,151829363,AAPL
13-02-2013,66.74,67.66,66.17,66.72,118721995,AAPL
14-02-2013,66.36,67.38,66.29,66.66,88809154,AAPL
15-02-2013,66.98,67.17,65.7,65.74,97924631,AAPL
19-02-2013,65.87,66.1,64.84,65.71,108854046,AAPL
20-02-2013,65.38,65.38,64.11,64.12,118891367,AAPL
21-02-2013,63.71,64.17,63.26,63.72,111596821,AAPL
22-02-2013,64.18,64.51,63.8,64.4,82583823,AAPL
25-02-2013,64.84,65.02,63.22,63.26,92899597,AAPL
26-02-2013,63.4,64.51,62.52,64.14,125096657,AAPL
27-02-2013,64.06,64.63,62.95,63.51,146674682,AAPL
28-02-2013,63.44,63.98,63.06,63.06,80532382,AAPL
01-03-2013,62.57,62.6,61.43,61.5,137899041,AAPL
04-03-2013,61.11,61.17,59.86,60.01,145406366,AAPL
05-03-2013,60.21,62.17,60.11,61.59,159298020,AAPL
06-03-2013,62.07,62.18,60.63,60.81,114903180,AAPL
07-03-2013,60.64,61.72,60.15,61.51,116992841,AAPL
08-03-2013,61.4,62.2,61.23,61.67,97854442,AAPL
11-03-2013,61.39,62.72,60.73,62.55,118272126,AAPL
12-03-2013,62.23,62.7,61.08,61.2,116268341,AAPL
13-03-2013,61.21,62.07,60.77,61.19,101369051,AAPL
14-03-2013,61.83,62.09,61.49,61.79,75834906,AAPL
15-03-2013,62.56,63.46,62.46,63.38,160710606,AAPL
18-03-2013,63.06,65.35,63.03,65.1,150441144,AAPL
19-03-2013,65.64,65.85,64.07,64.93,131531708,AAPL
20-03-2013,65.35,65.38,64.23,64.58,77016849,AAPL
21-03-2013,64.32,65.43,64.3,64.68,95493524,AAPL
22-03-2013,64.94,66.01,64.73,65.99,98570591,AAPL
25-03-2013,66.38,67.14,65.97,66.23,125073165,AAPL
26-03-2013,66.49,66.55,65.79,65.88,73428208,AAPL
27-03-2013,65.21,65.26,64.39,64.58,81854409,AAPL
28-03-2013,64.26,64.55,63.09,63.24,110698007,AAPL
01-04-2013,63.13,63.39,61.11,61.27,97294421,AAPL
02-04-2013,61.09,62.59,60.91,61.4,132350022,AAPL
03-04-2013,61.62,62.47,61.47,61.71,90719482,AAPL
04-04-2013,61.97,62.14,60.75,61.1,89589332,AAPL
05-04-2013,60.64,60.71,59.95,60.46,95743088,AAPL
08-04-2013,60.69,61.07,60.36,60.89,75169647,AAPL
09-04-2013,60.91,61.21,60.39,61,76615504,AAPL
10-04-2013,61.16,62.44,60.86,62.24,93895844,AAPL
11-04-2013,61.96,62.57,61.6,62.05,82073628,AAPL
12-04-2013,62.02,62.02,61.3,61.4,59651011,AAPL
15-04-2013,61,61.13,59.94,59.98,79157071,AAPL
16-04-2013,60.22,60.94,60.08,60.89,76222076,AAPL
17-04-2013,60.04,60.09,56.87,57.54,236138966,AAPL
18-04-2013,57.86,57.97,55.68,56.01,166438048,AAPL
19-04-2013,55.42,57.09,55.01,55.79,152194413,AAPL
22-04-2013,56.09,57.46,55.9,56.95,107338322,AAPL
23-04-2013,57.71,58.34,56.97,58.02,160760747,AAPL
24-04-2013,56.22,59.32,56.07,57.92,242387530,AAPL
25-04-2013,58.75,59.13,58.14,58.34,95984896,AAPL
26-04-2013,58.54,59.82,58.32,59.6,191006032,AAPL
29-04-2013,60.06,61.95,60,61.45,159958876,AAPL
30-04-2013,62.16,63.61,61.72,63.25,172737600,AAPL
01-05-2013,63.49,63.56,62.06,62.76,126720237,AAPL
02-05-2013,63.11,64.08,62.95,63.65,105449078,AAPL
03-05-2013,64.47,64.75,64.16,64.28,90319201,AAPL
06-05-2013,65.1,66.03,64.9,65.82,124017747,AAPL
07-05-2013,66.42,66.54,64.81,65.52,120499960,AAPL
08-05-2013,65.58,66.48,65.12,66.26,118010781,AAPL
09-05-2013,65.69,66.14,65.08,65.25,99555337,AAPL
10-05-2013,65.42,65.67,64.35,64.71,83631828,AAPL
13-05-2013,64.5,65.41,64.5,64.96,79220953,AAPL
14-05-2013,64.84,65.03,63.16,63.41,111647130,AAPL
15-05-2013,62.74,63,60.34,61.26,185278968,AAPL
16-05-2013,60.46,62.55,59.84,62.08,150794546,AAPL
17-05-2013,62.72,62.87,61.57,61.89,106973181,AAPL
20-05-2013,61.7,63.69,61.44,63.28,112681030,AAPL
21-05-2013,62.59,63.64,62.03,62.81,113921367,AAPL
22-05-2013,63.44,64.05,62.6,63.05,110727309,AAPL
23-05-2013,62.28,63.74,62.26,63.16,88244695,AAPL
24-05-2013,62.98,63.67,62.91,63.59,69036716,AAPL
28-05-2013,64.27,64.44,62.98,63.06,96404189,AAPL
29-05-2013,62.86,63.93,62.77,63.56,82641944,AAPL
30-05-2013,63.66,64.93,63.5,64.51,88379522,AAPL
31-05-2013,64.64,65.3,64.21,64.25,95832240,AAPL
03-06-2013,64.39,64.62,63.21,64.39,92926932,AAPL
04-06-2013,64.75,64.92,63.91,64.19,72860221,AAPL
05-06-2013,63.66,64.39,63.39,63.59,72545760,AAPL
06-06-2013,63.64,63.86,62.01,62.64,104230322,AAPL
07-06-2013,62.36,63.32,61.82,63.12,101120551,AAPL
10-06-2013,63.53,64.15,62.4,62.7,112522179,AAPL
11-06-2013,62.25,63.25,61.9,62.51,71526560,AAPL
12-06-2013,62.79,63.04,61.64,61.74,66295887,AAPL
13-06-2013,61.79,62.45,61.25,62.28,71456693,AAPL
14-06-2013,62.2,62.33,61.21,61.44,67962419,AAPL
17-06-2013,61.63,62.24,61.48,61.71,64818670,AAPL
18-06-2013,61.65,62.13,61.46,61.68,48753768,AAPL
19-06-2013,61.63,61.67,60.43,60.43,77715057,AAPL
20-06-2013,59.9,60.85,59.31,59.55,89327210,AAPL
21-06-2013,59.78,60,58.3,59.07,120286768,AAPL
24-06-2013,58.2,58.38,56.86,57.51,120104964,AAPL
25-06-2013,57.96,58.26,56.98,57.52,78534687,AAPL
26-06-2013,57.7,57.83,56.52,56.87,91924994,AAPL
27-06-2013,57.04,57.34,56.22,56.25,84297955,AAPL
28-06-2013,55.91,57.18,55.55,56.65,144619734,AAPL
01-07-2013,57.53,58.9,57.32,58.46,97743408,AAPL
02-07-2013,58.57,60.23,58.5,59.78,117442150,AAPL
03-07-2013,60.12,60.43,59.64,60.11,60232158,AAPL
05-07-2013,60.06,60.47,59.34,59.63,68505794,AAPL
08-07-2013,60.02,60.14,58.66,59.29,74521398,AAPL
09-07-2013,59.09,60.5,58.63,60.34,88142026,AAPL
10-07-2013,59.94,60.69,59.75,60.1,70107226,AAPL
11-07-2013,60.42,61.18,60.17,61.04,81571665,AAPL
12-07-2013,61.09,61.4,60.49,60.93,69882694,AAPL
15-07-2013,60.72,61.64,60.69,61.06,60478033,AAPL
16-07-2013,60.93,61.53,60.6,61.46,54033805,AAPL
17-07-2013,61.39,61.75,61.17,61.47,49743169,AAPL
18-07-2013,61.91,62.12,61.52,61.68,54696012,AAPL
19-07-2013,61.87,62,60.62,60.71,67174828,AAPL
22-07-2013,61.35,61.39,60.78,60.9,51946202,AAPL
23-07-2013,60.86,60.99,59.82,59.86,91062300,AAPL
24-07-2013,62.7,63.51,62.18,62.93,147978789,AAPL
25-07-2013,62.96,63.06,62.26,62.64,57371671,AAPL
26-07-2013,62.19,63.01,62.05,63,50031170,AAPL
29-07-2013,62.97,64.28,62.89,63.97,62021344,AAPL
30-07-2013,64.28,65.31,64.18,64.76,77257432,AAPL
31-07-2013,65,65.33,64.2,64.65,80637830,AAPL
01-08-2013,65.11,65.26,64.75,65.24,51461179,AAPL
02-08-2013,65.43,66.12,65.24,66.08,68467077,AAPL
05-08-2013,66.38,67.24,66.02,67.06,79589930,AAPL
06-08-2013,66.86,67.41,66.02,66.46,83715443,AAPL
07-08-2013,66.26,66.71,65.97,66.43,74663176,AAPL
08-08-2013,66.26,66.3,65.42,65.86,63946841,AAPL
09-08-2013,65.52,65.78,64.81,64.92,66772986,AAPL
12-08-2013,65.27,66.95,65.23,66.77,91008477,AAPL
13-08-2013,67.28,70.67,66.86,69.94,219634975,AAPL
14-08-2013,71.13,72.04,70.49,71.21,188602792,AAPL
15-08-2013,70.92,71.77,69.87,71.13,122441893,AAPL
16-08-2013,71.45,71.85,71.27,71.76,90461889,AAPL
19-08-2013,72.05,73.39,72,72.53,127478547,AAPL
20-08-2013,72.82,72.94,71.55,71.58,89531771,AAPL
21-08-2013,71.94,72.45,71.6,71.77,83809726,AAPL
22-08-2013,72.14,72.23,71.17,71.85,60877852,AAPL
23-08-2013,71.9,71.91,71.34,71.57,55587686,AAPL
26-08-2013,71.54,72.89,71.5,71.85,82398085,AAPL
27-08-2013,71.14,71.79,69.47,69.8,105930335,AAPL
28-08-2013,69.43,70.83,69.43,70.13,76793066,AAPL
29-08-2013,70.24,70.93,70.16,70.24,59807748,AAPL
30-08-2013,70.29,70.42,69.5,69.6,68078395,AAPL
03-09-2013,70.44,71.51,69.62,69.8,83000148,AAPL
04-09-2013,71.37,71.75,70.9,71.24,86049453,AAPL
05-09-2013,71.46,71.53,70.52,70.75,58913211,AAPL
06-09-2013,71.21,71.34,69.99,71.17,89551595,AAPL
09-09-2013,72.14,72.56,71.93,72.31,84887432,AAPL
10-09-2013,72.31,72.49,69.93,70.66,185494435,AAPL
11-09-2013,66.72,67.67,66.4,66.82,224250866,AAPL
12-09-2013,66.93,67.91,66.57,67.53,100874816,AAPL
13-09-2013,67.05,67.4,66.39,66.41,74578903,AAPL
16-09-2013,65.86,65.94,63.89,64.3,136823442,AAPL
17-09-2013,63.99,65.67,63.93,65.05,99756489,AAPL
18-09-2013,66.17,66.62,65.81,66.38,113743049,AAPL
19-09-2013,67.24,67.98,67.04,67.47,100918377,AAPL
20-09-2013,68.29,68.36,66.57,66.77,174570949,AAPL
23-09-2013,70.87,70.99,68.94,70.09,190021706,AAPL
24-09-2013,70.7,70.78,69.69,69.87,90602953,AAPL
25-09-2013,69.89,69.95,68.78,68.79,79110192,AAPL
26-09-2013,69.43,69.79,69.13,69.46,59086559,AAPL
27-09-2013,69.11,69.24,68.67,68.96,56816676,AAPL
30-09-2013,68.18,68.81,67.77,68.11,64852879,AAPL
01-10-2013,68.35,69.88,68.34,69.71,88255013,AAPL
02-10-2013,69.38,70.26,69.11,69.94,71849680,AAPL
03-10-2013,70.07,70.34,68.68,69.06,80629248,AAPL
04-10-2013,69.12,69.23,68.37,69,64673329,AAPL
07-10-2013,69.51,70.38,69.34,69.68,77919884,AAPL
08-10-2013,69.99,70.09,68.65,68.71,72418815,AAPL
09-10-2013,69.23,69.68,68.33,69.51,75311488,AAPL
10-10-2013,70.19,70.34,69.58,69.95,69650490,AAPL
11-10-2013,69.57,70.55,69.31,70.4,66934938,AAPL
14-10-2013,69.98,71.08,69.91,70.86,65474542,AAPL
15-10-2013,71.07,71.71,70.79,71.24,80018603,AAPL
16-10-2013,71.54,71.79,71.32,71.59,62775013,AAPL
17-10-2013,71.43,72.11,71.38,72.07,63398335,AAPL
18-10-2013,72.28,72.75,72.24,72.7,72635570,AAPL
21-10-2013,73.11,74.9,73.07,74.48,99526945,AAPL
22-10-2013,75.2,75.49,72.58,74.27,133515753,AAPL
23-10-2013,74.14,75.1,74.14,74.99,78431122,AAPL
24-10-2013,75,76.07,74.64,75.99,96191095,AAPL
25-10-2013,75.9,76.18,75.02,75.14,84448133,AAPL
28-10-2013,75.58,75.86,74.74,75.7,137610123,AAPL
29-10-2013,76.61,77.04,73.51,73.81,158952115,AAPL
30-10-2013,74.23,75.36,73.86,74.99,88540697,AAPL
31-10-2013,75,75.36,74.47,74.67,68923785,AAPL
01-11-2013,74.86,74.97,73.69,74.29,68722304,AAPL
04-11-2013,74.44,75.26,74.12,75.25,61157033,AAPL
05-11-2013,74.94,75.55,74.71,75.06,66368071,AAPL
06-11-2013,74.88,74.98,74.03,74.42,55844152,AAPL
07-11-2013,74.23,74.74,73.2,73.21,65655100,AAPL
08-11-2013,73.51,74.45,73.23,74.37,69829543,AAPL
11-11-2013,74.28,74.52,73.49,74.15,56863303,AAPL
12-11-2013,73.95,74.85,73.86,74.29,51114651,AAPL
13-11-2013,74,74.61,73.85,74.38,49304927,AAPL
14-11-2013,74.69,75.61,74.55,75.45,70605087,AAPL
15-11-2013,75.23,75.58,74.93,75,79479764,AAPL
18-11-2013,75,75.31,74.03,74.09,61236224,AAPL
19-11-2013,74.15,74.77,74,74.22,52234707,AAPL
20-11-2013,74.18,74.35,73.48,73.57,48545798,AAPL
21-11-2013,73.94,74.46,73.38,74.45,65506861,AAPL
22-11-2013,74.22,74.59,74.08,74.26,55931232,AAPL
25-11-2013,74.43,75.12,74.43,74.82,57348403,AAPL
26-11-2013,74.87,76.59,74.86,76.2,100345728,AAPL
27-11-2013,76.62,78,76.2,77.99,90861841,AAPL
29-11-2013,78.5,79.76,78.26,79.44,79532215,AAPL
02-12-2013,79.71,80.62,78.69,78.75,118135885,AAPL
03-12-2013,79.76,80.91,79.67,80.9,112741734,AAPL
04-12-2013,80.79,81.31,80.12,80.71,94452666,AAPL
05-12-2013,81.81,82.16,80.92,81.13,111895315,AAPL
06-12-2013,80.83,80.96,79.94,80,86088352,AAPL
09-12-2013,80.13,81.37,80.13,80.92,80123533,AAPL
10-12-2013,80.51,81.13,80.17,80.79,69567610,AAPL
11-12-2013,81,81.57,79.96,80.19,89929693,AAPL
12-12-2013,80.31,80.76,80,80.08,65572318,AAPL
13-12-2013,80.41,80.41,79.1,79.2,83205283,AAPL
16-12-2013,79.29,80.38,79.29,79.64,70648452,AAPL
17-12-2013,79.4,79.92,79.05,79.28,57475649,AAPL
18-12-2013,78.53,78.78,76.97,78.68,141465807,AAPL
19-12-2013,78.5,78.57,77.68,77.78,80239369,AAPL
20-12-2013,77.92,78.8,77.83,78.43,109103435,AAPL
23-12-2013,81.14,81.53,80.39,81.44,125326831,AAPL
24-12-2013,81.41,81.7,80.86,81.1,41888735,AAPL
26-12-2013,81.16,81.36,80.48,80.56,51002035,AAPL
27-12-2013,80.55,80.63,79.93,80.01,56471317,AAPL
30-12-2013,79.64,80.01,78.9,79.22,63407722,AAPL
31-12-2013,79.17,80.18,79.14,80.15,55819372,AAPL
02-01-2014,79.38,79.58,78.86,79.02,58791957,AAPL
03-01-2014,78.98,79.1,77.2,77.28,98303870,AAPL
06-01-2014,76.78,78.11,76.23,77.7,103359151,AAPL
07-01-2014,77.76,77.99,76.85,77.15,79432766,AAPL
08-01-2014,76.97,77.94,76.96,77.64,64686685,AAPL
09-01-2014,78.11,78.12,76.48,76.65,69905199,AAPL
10-01-2014,77.12,77.26,75.87,76.13,76320664,AAPL
13-01-2014,75.7,77.5,75.7,76.53,94860843,AAPL
14-01-2014,76.89,78.1,76.81,78.06,83734371,AAPL
15-01-2014,79.07,80.03,78.81,79.62,98472619,AAPL
16-01-2014,79.27,79.55,78.81,79.18,57471330,AAPL
17-01-2014,78.78,78.87,77.13,77.24,108426689,AAPL
21-01-2014,77.28,78.58,77.2,78.44,82255544,AAPL
22-01-2014,78.7,79.61,78.26,78.79,95219334,AAPL
23-01-2014,78.56,79.5,77.83,79.45,100978346,AAPL
24-01-2014,79.14,79.37,77.82,78.01,108384437,AAPL
27-01-2014,78.58,79.26,77.96,78.64,144219152,AAPL
28-01-2014,72.68,73.57,71.72,72.36,266833581,AAPL
29-01-2014,71.99,72.48,71.23,71.54,125942796,AAPL
30-01-2014,71.79,72.36,70.96,71.4,169762789,AAPL
31-01-2014,70.74,71.65,70.51,71.51,116336444,AAPL
03-02-2014,71.8,72.53,71.33,71.65,100620772,AAPL
04-02-2014,72.26,72.78,71.82,72.68,94273543,AAPL
05-02-2014,72.37,73.61,72.32,73.23,82322156,AAPL
06-02-2014,72.87,73.36,72.54,73.22,64497223,AAPL
07-02-2014,74.48,74.7,73.91,74.24,93638601,AAPL
10-02-2014,74.09,76,74,75.57,86451022,AAPL
11-02-2014,75.8,76.82,75.64,76.57,70672252,AAPL
12-02-2014,76.71,77.08,76.18,76.56,77127064,AAPL
13-02-2014,76.38,77.84,76.31,77.78,76960156,AAPL
14-02-2014,77.5,78,77.32,77.71,68468036,AAPL
18-02-2014,78,78.74,77.94,78,65306248,AAPL
19-02-2014,77.82,78.13,76.34,76.77,78554420,AAPL
20-02-2014,76.14,76.71,75.57,75.88,76529103,AAPL
21-02-2014,76.11,76.37,74.94,75.04,69757247,AAPL
24-02-2014,74.74,75.7,74.63,75.36,72364950,AAPL
25-02-2014,75.63,75.65,74.43,74.58,58247350,AAPL
26-02-2014,74.8,75,73.66,73.91,69131286,AAPL
27-02-2014,73.88,75.54,73.72,75.38,75557321,AAPL
28-02-2014,75.58,76.11,74.59,75.18,93074653,AAPL
03-03-2014,74.77,75.81,74.69,75.39,59667923,AAPL
04-03-2014,75.86,76.09,75.4,75.89,64884834,AAPL
05-03-2014,75.85,76.39,75.59,76.05,50065519,AAPL
06-03-2014,76.11,76.35,75.44,75.82,46423111,AAPL
07-03-2014,75.87,76,75.15,75.78,55415241,AAPL
10-03-2014,75.48,76.19,75.48,75.85,44691430,AAPL
11-03-2014,76.49,76.96,76.08,76.58,70198849,AAPL
12-03-2014,76.36,76.76,76,76.66,50195460,AAPL
13-03-2014,76.78,77.09,75.59,75.81,64435609,AAPL
14-03-2014,75.54,75.84,74.71,74.96,59299492,AAPL
17-03-2014,75.39,75.71,75.12,75.25,49886074,AAPL
18-03-2014,75.13,76,75.03,75.91,52411863,AAPL
19-03-2014,76.04,76.61,75.57,75.89,56188958,AAPL
20-03-2014,75.7,76.1,75.34,75.53,52099537,AAPL
21-03-2014,75.99,76.25,75.19,76.12,93612169,AAPL
24-03-2014,76.92,77.21,76.44,77.03,88924871,AAPL
25-03-2014,77.36,77.96,77.08,77.86,70573356,AAPL
26-03-2014,78.07,78.43,76.98,77.11,74942224,AAPL
27-03-2014,77.14,77.36,76.45,76.78,55507676,AAPL
28-03-2014,76.9,76.99,76.32,76.69,50141063,AAPL
31-03-2014,77.03,77.26,76.56,76.68,42167188,AAPL
01-04-2014,76.82,77.41,76.68,77.38,50189685,AAPL
02-04-2014,77.48,77.64,77.18,77.51,44792195,AAPL
03-04-2014,77.34,77.5,76.81,76.97,40648111,AAPL
04-04-2014,77.12,77.14,75.8,75.97,68812485,AAPL
07-04-2014,75.43,75.84,74.56,74.78,72462530,AAPL
08-04-2014,75.03,75.16,74.1,74.78,60971883,AAPL
09-04-2014,74.66,75.78,74.57,75.76,51542722,AAPL
10-04-2014,75.81,76.03,74.74,74.78,59912818,AAPL
11-04-2014,74.14,74.69,73.88,74.23,67975012,AAPL
14-04-2014,74.56,74.59,73.89,74.53,51445177,AAPL
15-04-2014,74.32,74.52,73.05,73.99,66622577,AAPL
16-04-2014,74.01,74.44,73.45,74.14,53732994,AAPL
17-04-2014,74.29,75.39,74.17,74.99,71106721,AAPL
21-04-2014,75.05,76.02,74.85,75.88,45668931,AAPL
22-04-2014,75.47,75.98,75.21,75.96,50664453,AAPL
23-04-2014,75.58,75.88,74.92,74.96,98735259,AAPL
24-04-2014,81.17,81.43,80.1,81.11,189978082,AAPL
25-04-2014,80.65,81.71,80.57,81.71,97568814,AAPL
28-04-2014,81.83,85.11,81.79,84.87,167371680,AAPL
29-04-2014,84.82,85.14,84.22,84.62,84344673,AAPL
30-04-2014,84.66,85.63,84.26,84.3,114220883,AAPL
01-05-2014,84.57,84.97,83.77,84.5,61052418,AAPL
02-05-2014,84.62,84.89,84.24,84.65,47878572,AAPL
05-05-2014,84.31,85.86,84.29,85.85,71766758,AAPL
06-05-2014,85.97,86.34,84.92,84.92,93641373,AAPL
07-05-2014,85.04,85.33,83.96,84.62,70715988,AAPL
08-05-2014,84.04,84.92,83.77,84,57574363,AAPL
09-05-2014,83.51,83.75,82.9,83.65,72899498,AAPL
12-05-2014,83.93,84.81,83.91,84.69,53324677,AAPL
13-05-2014,84.57,84.93,84.39,84.82,39934594,AAPL
14-05-2014,84.63,85.34,84.53,84.84,41600846,AAPL
15-05-2014,84.96,85.23,84.01,84.12,57711731,AAPL
16-05-2014,84.09,85.36,83.63,85.36,69091834,AAPL
19-05-2014,85.41,86.76,85.33,86.37,79439024,AAPL
20-05-2014,86.36,86.63,85.82,86.39,58708986,AAPL
21-05-2014,86.26,86.67,86.01,86.62,49249914,AAPL
22-05-2014,86.66,87.12,86.3,86.75,50218945,AAPL
23-05-2014,86.75,87.82,86.64,87.73,58052491,AAPL
27-05-2014,87.98,89.41,87.95,89.38,87216605,AAPL
28-05-2014,89.43,89.98,89.11,89.14,78921885,AAPL
29-05-2014,89.69,90.98,89.68,90.77,94118633,AAPL
30-05-2014,91.14,92.02,89.84,90.43,141005137,AAPL
02-06-2014,90.57,90.69,88.93,89.81,92337903,AAPL
03-06-2014,89.78,91.25,89.75,91.08,73231620,AAPL
04-06-2014,91.06,92.56,90.87,92.12,83870521,AAPL
05-06-2014,92.31,92.77,91.8,92.48,75951141,AAPL
06-06-2014,92.84,93.04,92.07,92.22,87620911,AAPL
09-06-2014,92.7,93.88,91.75,93.7,75414804,AAPL
10-06-2014,94.73,95.05,93.57,94.25,62777042,AAPL
11-06-2014,94.13,94.76,93.47,93.86,45681114,AAPL
12-06-2014,94.04,94.12,91.9,92.29,54748791,AAPL
13-06-2014,92.2,92.44,90.88,91.28,54525280,AAPL
16-06-2014,91.51,92.75,91.45,92.2,35561270,AAPL
17-06-2014,92.31,92.7,91.8,92.08,29726347,AAPL
18-06-2014,92.27,92.29,91.35,92.18,33514108,AAPL
19-06-2014,92.29,92.3,91.34,91.86,35527686,AAPL
20-06-2014,91.85,92.55,90.9,90.91,100898066,AAPL
23-06-2014,91.32,91.62,90.6,90.83,43694391,AAPL
24-06-2014,90.75,91.74,90.19,90.28,39036087,AAPL
25-06-2014,90.21,90.7,89.65,90.36,36868541,AAPL
26-06-2014,90.37,91.05,89.8,90.9,32629359,AAPL
27-06-2014,90.82,92,90.77,91.98,64028803,AAPL
30-06-2014,92.1,93.73,92.09,92.93,49589028,AAPL
01-07-2014,93.52,94.07,93.13,93.52,38223477,AAPL
02-07-2014,93.87,94.06,93.09,93.48,28465073,AAPL
03-07-2014,93.67,94.1,93.2,94.03,22891753,AAPL
07-07-2014,94.14,95.99,94.1,95.97,56467939,AAPL
08-07-2014,96.27,96.8,93.92,95.35,65221678,AAPL
09-07-2014,95.44,95.95,94.76,95.39,36436440,AAPL
10-07-2014,93.76,95.55,93.52,95.04,39685552,AAPL
11-07-2014,95.36,95.89,94.86,95.22,34018228,AAPL
14-07-2014,95.86,96.89,95.65,96.45,42810155,AAPL
15-07-2014,96.8,96.85,95.03,95.32,45696176,AAPL
16-07-2014,96.97,97.1,94.74,94.78,53502415,AAPL
17-07-2014,95.03,95.28,92.57,93.09,57298243,AAPL
18-07-2014,93.62,94.74,93.02,94.43,49987593,AAPL
21-07-2014,94.99,95,93.72,93.94,39079002,AAPL
22-07-2014,94.68,94.89,94.12,94.72,55196597,AAPL
23-07-2014,95.42,97.88,95.17,97.19,92917719,AAPL
24-07-2014,97.04,97.32,96.42,97.03,45728843,AAPL
25-07-2014,96.85,97.84,96.64,97.67,43469117,AAPL
28-07-2014,97.82,99.24,97.55,99.02,55317689,AAPL
29-07-2014,99.33,99.44,98.25,98.38,43143095,AAPL
30-07-2014,98.44,98.7,97.67,98.15,33010001,AAPL
31-07-2014,97.16,97.45,95.33,95.6,56842647,AAPL
01-08-2014,94.9,96.62,94.81,96.13,48511286,AAPL
04-08-2014,96.37,96.58,95.17,95.59,39958144,AAPL
05-08-2014,95.36,95.68,94.36,95.12,55932663,AAPL
06-08-2014,94.75,95.48,94.71,94.96,38558342,AAPL
07-08-2014,94.93,95.95,94.1,94.48,46711179,AAPL
08-08-2014,94.26,94.82,93.28,94.74,41865193,AAPL
11-08-2014,95.27,96.08,94.84,95.99,36584844,AAPL
12-08-2014,96.04,96.88,95.61,95.97,33795352,AAPL
13-08-2014,96.15,97.24,96.04,97.24,31866088,AAPL
14-08-2014,97.33,97.57,96.8,97.5,28115566,AAPL
15-08-2014,97.9,98.19,96.86,97.98,48951331,AAPL
18-08-2014,98.49,99.37,97.98,99.16,47572413,AAPL
19-08-2014,99.41,100.68,99.32,100.53,69399270,AAPL
20-08-2014,100.44,101.09,99.95,100.57,52699192,AAPL
21-08-2014,100.57,100.94,100.11,100.58,33478198,AAPL
22-08-2014,100.29,101.47,100.19,101.32,44183834,AAPL
25-08-2014,101.79,102.17,101.28,101.54,40270173,AAPL
26-08-2014,101.42,101.5,100.86,100.89,33151984,AAPL
27-08-2014,101.02,102.57,100.7,102.13,52369011,AAPL
28-08-2014,101.59,102.78,101.56,102.25,68459801,AAPL
29-08-2014,102.86,102.9,102.2,102.5,44595247,AAPL
02-09-2014,103.06,103.74,102.72,103.3,53564262,AAPL
03-09-2014,103.1,103.2,98.58,98.94,125420521,AAPL
04-09-2014,98.85,100.09,97.79,98.12,85718221,AAPL
05-09-2014,98.8,99.39,98.31,98.97,58457035,AAPL
08-09-2014,99.3,99.31,98.05,98.36,46356742,AAPL
09-09-2014,99.08,103.08,96.14,97.99,189846255,AAPL
10-09-2014,98.01,101.11,97.76,101,100869587,AAPL
11-09-2014,100.41,101.44,99.62,101.43,62399743,AAPL
12-09-2014,101.21,102.19,101.08,101.66,64096903,AAPL
15-09-2014,102.81,103.05,101.44,101.63,61316516,AAPL
16-09-2014,99.8,101.26,98.89,100.86,66908133,AAPL
17-09-2014,101.27,101.8,100.59,101.58,60926498,AAPL
18-09-2014,101.93,102.35,101.56,101.79,37299435,AAPL
19-09-2014,102.29,102.35,100.88,100.96,70902406,AAPL
22-09-2014,101.8,102.14,100.58,101.06,52788426,AAPL
23-09-2014,100.6,102.94,100.54,102.64,63402196,AAPL
24-09-2014,102.16,102.85,101.2,101.75,60171828,AAPL
25-09-2014,100.51,100.71,97.72,97.87,100091990,AAPL
26-09-2014,98.53,100.75,98.4,100.75,62370501,AAPL
29-09-2014,98.65,100.44,98.63,100.11,49766312,AAPL
30-09-2014,100.81,101.54,100.53,100.75,55264139,AAPL
01-10-2014,100.59,100.69,98.7,99.18,51491286,AAPL
02-10-2014,99.27,100.22,98.04,99.9,47757828,AAPL
03-10-2014,99.44,100.21,99.04,99.62,43469585,AAPL
06-10-2014,99.95,100.65,99.42,99.62,37051182,AAPL
07-10-2014,99.43,100.12,98.73,98.75,42094183,AAPL
08-10-2014,98.76,101.11,98.31,100.8,57404674,AAPL
09-10-2014,101.54,102.38,100.61,101.02,77376525,AAPL
10-10-2014,100.69,102.03,100.3,100.73,66331592,AAPL
13-10-2014,101.33,101.78,99.81,99.81,53583368,AAPL
14-10-2014,100.39,100.52,98.57,98.75,63688562,AAPL
15-10-2014,97.97,99.15,95.18,97.54,100933600,AAPL
16-10-2014,95.55,97.72,95.41,96.26,72154523,AAPL
17-10-2014,97.5,99,96.81,97.67,68179688,AAPL
20-10-2014,98.32,99.96,98.22,99.76,77517279,AAPL
21-10-2014,103.02,103.02,101.27,102.47,94623904,AAPL
22-10-2014,102.84,104.11,102.6,102.99,68263146,AAPL
23-10-2014,104.08,105.05,103.63,104.83,71074674,AAPL
24-10-2014,105.18,105.49,104.53,105.22,47053916,AAPL
27-10-2014,104.85,105.48,104.7,105.11,34187701,AAPL
28-10-2014,105.4,106.74,105.35,106.74,48060949,AAPL
29-10-2014,106.65,107.37,106.36,107.34,52687879,AAPL
30-10-2014,106.96,107.35,105.9,106.98,40654793,AAPL
31-10-2014,108.01,108.04,107.21,108,44639285,AAPL
03-11-2014,108.22,110.3,108.01,109.4,52282550,AAPL
04-11-2014,109.36,109.49,107.72,108.6,41574365,AAPL
05-11-2014,109.1,109.3,108.13,108.86,37435905,AAPL
06-11-2014,108.6,108.79,107.8,108.7,34968457,AAPL
07-11-2014,108.75,109.32,108.55,109.01,33691535,AAPL
10-11-2014,109.02,109.33,108.67,108.83,27195547,AAPL
11-11-2014,108.7,109.75,108.4,109.7,27442252,AAPL
12-11-2014,109.38,111.43,109.37,111.25,46942431,AAPL
13-11-2014,111.8,113.45,111.6,112.82,59522855,AAPL
14-11-2014,113.15,114.19,113.05,114.18,44063595,AAPL
17-11-2014,114.27,117.28,113.3,113.99,46746712,AAPL
18-11-2014,113.94,115.69,113.89,115.47,44223978,AAPL
19-11-2014,115.44,115.74,113.8,114.67,41869160,AAPL
20-11-2014,114.91,116.86,114.85,116.31,43395537,AAPL
21-11-2014,117.51,117.57,116.03,116.47,57179298,AAPL
24-11-2014,116.85,118.77,116.62,118.63,47450824,AAPL
25-11-2014,119.07,119.75,117.45,117.6,68840440,AAPL
26-11-2014,117.94,119.1,117.83,119,40831886,AAPL
28-11-2014,119.27,119.4,118.05,118.93,24814402,AAPL
01-12-2014,118.81,119.25,111.27,115.07,83814037,AAPL
02-12-2014,113.5,115.75,112.75,114.63,59348940,AAPL
03-12-2014,115.75,116.35,115.11,115.93,43063440,AAPL
04-12-2014,115.77,117.2,115.29,115.49,42155776,AAPL
05-12-2014,115.99,116.08,114.64,115,38318895,AAPL
08-12-2014,114.1,114.65,111.62,112.4,57664850,AAPL
09-12-2014,110.19,114.3,109.35,114.12,60208036,AAPL
10-12-2014,114.41,114.85,111.54,111.95,44565318,AAPL
11-12-2014,112.26,113.8,111.34,111.62,41471578,AAPL
12-12-2014,110.46,111.87,109.58,109.73,56028138,AAPL
15-12-2014,110.7,111.6,106.35,108.23,67218082,AAPL
16-12-2014,106.37,110.16,106.26,106.75,60790733,AAPL
17-12-2014,107.12,109.84,106.82,109.41,53411773,AAPL
18-12-2014,111.87,112.65,110.66,112.65,59006218,AAPL
19-12-2014,112.26,113.24,111.66,111.78,88429770,AAPL
22-12-2014,112.16,113.49,111.97,112.94,45167549,AAPL
23-12-2014,113.23,113.33,112.46,112.54,26028419,AAPL
24-12-2014,112.58,112.71,112.01,112.01,14479611,AAPL
26-12-2014,112.1,114.52,112.01,113.99,33720951,AAPL
29-12-2014,113.79,114.77,113.7,113.91,27598920,AAPL
30-12-2014,113.64,113.92,112.11,112.52,29881477,AAPL
31-12-2014,112.82,113.13,110.21,110.38,41403351,AAPL
02-01-2015,111.39,111.44,107.35,109.33,53204626,AAPL
05-01-2015,108.29,108.65,105.41,106.25,64285491,AAPL
06-01-2015,106.54,107.43,104.63,106.26,65797116,AAPL
07-01-2015,107.2,108.2,106.7,107.75,40105934,AAPL
08-01-2015,109.23,112.15,108.7,111.89,59364547,AAPL
09-01-2015,112.67,113.25,110.21,112.01,53699527,AAPL
12-01-2015,112.6,112.63,108.8,109.25,49650790,AAPL
13-01-2015,111.43,112.8,108.91,110.22,67091928,AAPL
14-01-2015,109.04,110.49,108.5,109.8,48956588,AAPL
15-01-2015,110,110.06,106.66,106.82,60013996,AAPL
16-01-2015,107.03,107.58,105.2,105.99,78513345,AAPL
20-01-2015,107.84,108.97,106.5,108.72,49899907,AAPL
21-01-2015,108.95,111.06,108.27,109.55,48575897,AAPL
22-01-2015,110.26,112.47,109.72,112.4,53796409,AAPL
23-01-2015,112.3,113.75,111.53,112.98,46464828,AAPL
26-01-2015,113.74,114.36,112.8,113.1,55614979,AAPL
27-01-2015,112.42,112.48,109.03,109.14,95568749,AAPL
28-01-2015,117.63,118.12,115.31,115.31,146477063,AAPL
29-01-2015,116.32,119.19,115.56,118.9,84436432,AAPL
30-01-2015,118.4,120,116.85,117.16,83745461,AAPL
02-02-2015,118.05,119.17,116.08,118.63,62739100,AAPL
03-02-2015,118.5,119.09,117.61,118.65,51915749,AAPL
04-02-2015,118.5,120.51,118.31,119.56,70149743,AAPL
05-02-2015,120.02,120.23,119.25,119.94,42246245,AAPL
06-02-2015,120.02,120.25,118.45,118.93,43706567,AAPL
09-02-2015,118.55,119.84,118.43,119.72,38889797,AAPL
10-02-2015,120.17,122.15,120.16,122.02,62008506,AAPL
11-02-2015,122.77,124.92,122.5,124.88,73561797,AAPL
12-02-2015,126.06,127.48,125.57,126.46,74474466,AAPL
13-02-2015,127.28,127.28,125.65,127.08,54272219,AAPL
17-02-2015,127.49,128.88,126.92,127.83,63152405,AAPL
18-02-2015,127.63,128.78,127.45,128.72,44891737,AAPL
19-02-2015,128.48,129.03,128.33,128.45,37362381,AAPL
20-02-2015,128.62,129.5,128.05,129.5,48948419,AAPL
23-02-2015,130.02,133,129.66,133,70974110,AAPL
24-02-2015,132.94,133.6,131.17,132.17,69228130,AAPL
25-02-2015,131.56,131.6,128.15,128.79,74711746,AAPL
26-02-2015,128.79,130.87,126.61,130.42,91287529,AAPL
27-02-2015,130,130.57,128.24,128.46,62014847,AAPL
02-03-2015,129.25,130.28,128.3,129.09,48096663,AAPL
03-03-2015,128.96,129.52,128.09,129.36,37816283,AAPL
04-03-2015,129.1,129.56,128.32,128.54,31666340,AAPL
05-03-2015,128.58,128.75,125.76,126.41,56517146,AAPL
06-03-2015,128.4,129.37,126.26,126.6,72842060,AAPL
09-03-2015,127.96,129.57,125.06,127.14,88528487,AAPL
10-03-2015,126.41,127.22,123.8,124.51,68856582,AAPL
11-03-2015,124.75,124.77,122.11,122.24,68938974,AAPL
12-03-2015,122.31,124.9,121.63,124.45,48362719,AAPL
13-03-2015,124.4,125.4,122.58,123.59,51827283,AAPL
16-03-2015,123.88,124.95,122.87,124.95,35874300,AAPL
17-03-2015,125.9,127.32,125.65,127.04,51023104,AAPL
18-03-2015,127,129.16,126.37,128.47,65270945,AAPL
19-03-2015,128.75,129.25,127.4,127.5,45809490,AAPL
20-03-2015,128.25,128.4,125.16,125.9,68695136,AAPL
23-03-2015,127.12,127.85,126.52,127.21,37709674,AAPL
24-03-2015,127.23,128.04,126.56,126.69,32842304,AAPL
25-03-2015,126.54,126.82,123.38,123.38,51655177,AAPL
26-03-2015,122.76,124.88,122.6,124.24,47572869,AAPL
27-03-2015,124.57,124.7,122.91,123.25,39546151,AAPL
30-03-2015,124.05,126.4,124,126.37,47099670,AAPL
31-03-2015,126.09,126.49,124.36,124.43,42090553,AAPL
01-04-2015,124.82,125.12,123.1,124.25,40621437,AAPL
02-04-2015,125.03,125.56,124.19,125.32,32220131,AAPL
06-04-2015,124.47,127.51,124.33,127.35,37193975,AAPL
07-04-2015,127.64,128.12,125.98,126.01,35012268,AAPL
08-04-2015,125.85,126.4,124.97,125.6,37329243,AAPL
09-04-2015,125.85,126.58,124.66,126.56,32483974,AAPL
10-04-2015,125.95,127.21,125.26,127.1,40187953,AAPL
13-04-2015,128.37,128.57,126.61,126.85,36365123,AAPL
14-04-2015,127,127.29,125.91,126.3,25524593,AAPL
15-04-2015,126.41,127.13,126.01,126.78,28970419,AAPL
16-04-2015,126.28,127.1,126.11,126.17,28368987,AAPL
17-04-2015,125.55,126.14,124.46,124.75,51957046,AAPL
20-04-2015,125.57,128.12,125.17,127.6,47054310,AAPL
21-04-2015,128.1,128.2,126.67,126.91,32435057,AAPL
22-04-2015,126.99,128.87,126.32,128.62,37654505,AAPL
23-04-2015,128.3,130.42,128.14,129.67,45770902,AAPL
24-04-2015,130.49,130.63,129.23,130.28,44525905,AAPL
27-04-2015,132.31,133.13,131.15,132.65,96954207,AAPL
28-04-2015,134.46,134.54,129.57,130.56,118923970,AAPL
29-04-2015,130.16,131.59,128.3,128.64,63386083,AAPL
30-04-2015,127.5,127.88,124.58,125.15,83195423,AAPL
01-05-2015,126.1,130.13,125.3,128.95,58512638,AAPL
04-05-2015,129.5,130.57,128.26,128.7,50988278,AAPL
05-05-2015,128.15,128.45,125.78,125.8,49271416,AAPL
06-05-2015,126.56,126.75,123.36,125.01,72141010,AAPL
07-05-2015,124.77,126.08,124.02,125.26,43940895,AAPL
08-05-2015,126.68,127.62,126.11,127.62,55550382,AAPL
11-05-2015,127.39,127.56,125.63,126.32,42035757,AAPL
12-05-2015,125.6,126.88,124.82,125.87,48160032,AAPL
13-05-2015,126.15,127.19,125.87,126.01,34694235,AAPL
14-05-2015,127.41,128.95,127.16,128.95,45203456,AAPL
15-05-2015,129.07,129.49,128.21,128.77,38208034,AAPL
18-05-2015,128.38,130.72,128.36,130.19,50882918,AAPL
19-05-2015,130.69,130.88,129.64,130.07,44633240,AAPL
20-05-2015,130,130.98,129.34,130.06,36454932,AAPL
21-05-2015,130.07,131.63,129.83,131.39,39730364,AAPL
22-05-2015,131.6,132.97,131.4,132.54,45595972,AAPL
26-05-2015,132.6,132.91,129.12,129.62,70697560,AAPL
27-05-2015,130.34,132.26,130.05,132.05,45833246,AAPL
28-05-2015,131.86,131.95,131.1,131.78,30733309,AAPL
29-05-2015,131.23,131.45,129.9,130.28,50884452,AAPL
01-06-2015,131.2,131.39,130.05,130.54,32112797,AAPL
02-06-2015,129.86,130.66,129.32,129.96,33667627,AAPL
03-06-2015,130.66,130.94,129.9,130.12,30983542,AAPL
04-06-2015,129.58,130.58,128.91,129.36,38450118,AAPL
05-06-2015,129.5,129.69,128.36,128.65,35626800,AAPL
08-06-2015,128.9,129.21,126.83,127.8,52674786,AAPL
09-06-2015,126.7,128.08,125.62,127.42,56075420,AAPL
10-06-2015,127.92,129.34,127.85,128.88,39087250,AAPL
11-06-2015,129.18,130.18,128.48,128.59,35390887,AAPL
12-06-2015,128.19,128.33,127.11,127.17,36886246,AAPL
15-06-2015,126.1,127.24,125.71,126.92,43988946,AAPL
16-06-2015,127.03,127.85,126.37,127.6,31494131,AAPL
17-06-2015,127.72,127.88,126.74,127.3,32918071,AAPL
18-06-2015,127.23,128.31,127.22,127.88,35407220,AAPL
19-06-2015,127.71,127.82,126.4,126.6,54716887,AAPL
22-06-2015,127.49,128.06,127.08,127.61,34039345,AAPL
23-06-2015,127.48,127.61,126.88,127.03,30268863,AAPL
24-06-2015,127.21,129.8,127.12,128.11,55280855,AAPL
25-06-2015,128.86,129.2,127.5,127.5,31938100,AAPL
26-06-2015,127.67,127.99,126.51,126.75,44066841,AAPL
29-06-2015,125.46,126.47,124.48,124.53,49161427,AAPL
30-06-2015,125.57,126.12,124.86,125.43,44370682,AAPL
01-07-2015,126.9,126.94,125.99,126.6,30238811,AAPL
02-07-2015,126.43,126.69,125.77,126.44,27210952,AAPL
06-07-2015,124.94,126.23,124.85,126,28060431,AAPL
07-07-2015,125.89,126.15,123.77,125.69,46946811,AAPL
08-07-2015,124.48,124.64,122.54,122.57,60761614,AAPL
09-07-2015,123.85,124.06,119.22,120.07,78595038,AAPL
10-07-2015,121.94,123.85,121.21,123.28,61354474,AAPL
13-07-2015,125.03,125.76,124.32,125.66,41440538,AAPL
14-07-2015,126.04,126.37,125.04,125.61,31768139,AAPL
15-07-2015,125.72,127.15,125.58,126.82,33649200,AAPL
16-07-2015,127.74,128.57,127.35,128.51,36222447,AAPL
17-07-2015,129.08,129.62,128.31,129.62,46164710,AAPL
20-07-2015,130.97,132.97,130.7,132.07,58900203,AAPL
21-07-2015,132.85,132.92,130.32,130.75,76756427,AAPL
22-07-2015,121.99,125.5,121.99,125.22,115450607,AAPL
23-07-2015,126.2,127.09,125.06,125.16,50999452,AAPL
24-07-2015,125.32,125.74,123.9,124.5,42162332,AAPL
27-07-2015,123.09,123.61,122.12,122.77,44455540,AAPL
28-07-2015,123.38,123.91,122.55,123.38,33618097,AAPL
29-07-2015,123.15,123.5,122.27,122.99,37011653,AAPL
30-07-2015,122.32,122.57,121.71,122.37,33628268,AAPL
31-07-2015,122.6,122.64,120.91,121.3,42884953,AAPL
03-08-2015,121.5,122.57,117.52,118.44,69975968,AAPL
04-08-2015,117.42,117.7,113.25,114.64,124138623,AAPL
05-08-2015,112.95,117.44,112.1,115.4,99312613,AAPL
06-08-2015,115.97,116.5,114.12,115.13,52903040,AAPL
07-08-2015,114.58,116.25,114.5,115.52,38670405,AAPL
10-08-2015,116.53,119.99,116.53,119.72,54951597,AAPL
11-08-2015,117.81,118.18,113.33,113.49,97082814,AAPL
12-08-2015,112.53,115.42,109.63,115.24,101685610,AAPL
13-08-2015,116.04,116.4,114.54,115.15,48535789,AAPL
14-08-2015,114.32,116.31,114.01,115.96,42929516,AAPL
17-08-2015,116.04,117.65,115.5,117.16,40884745,AAPL
18-08-2015,116.43,117.44,116.01,116.5,34560708,AAPL
19-08-2015,116.1,116.52,114.68,115.01,48286510,AAPL
20-08-2015,114.08,114.35,111.63,112.65,68501622,AAPL
21-08-2015,110.43,111.9,105.65,105.76,128275471,AAPL
24-08-2015,94.87,108.8,92,103.12,162206292,AAPL
25-08-2015,111.11,111.11,103.5,103.74,103601599,AAPL
26-08-2015,107.09,109.89,105.05,109.69,96774611,AAPL
27-08-2015,112.25,113.24,110.02,112.92,84616056,AAPL
28-08-2015,112.17,113.31,111.54,113.29,53164407,AAPL
31-08-2015,112.13,114.53,112,112.76,56229271,AAPL
01-09-2015,110.18,111.88,107.36,107.72,76845860,AAPL
02-09-2015,110,112.34,109.13,112.34,61888812,AAPL
03-09-2015,112.49,112.78,110.04,110.37,53233940,AAPL
04-09-2015,108.97,110.45,108.51,109.27,49996311,AAPL
08-09-2015,111.65,112.56,110.32,112.31,54843626,AAPL
09-09-2015,113.76,114.02,109.77,110.15,85010804,AAPL
10-09-2015,110.27,113.28,109.9,112.57,62892831,AAPL
11-09-2015,111.79,114.21,111.76,114.21,49915473,AAPL
14-09-2015,116.58,116.89,114.86,115.31,58363431,AAPL
15-09-2015,115.93,116.53,114.42,116.28,43341155,AAPL
16-09-2015,116.25,116.54,115.44,116.41,37173489,AAPL
17-09-2015,115.66,116.49,113.72,113.92,64112641,AAPL
18-09-2015,112.21,114.3,111.87,113.45,74285291,AAPL
21-09-2015,113.67,115.37,113.66,115.21,50221965,AAPL
22-09-2015,113.38,114.18,112.52,113.4,50346159,AAPL
23-09-2015,113.63,114.72,113.3,114.32,35756716,AAPL
24-09-2015,113.25,115.5,112.37,115,50219475,AAPL
25-09-2015,116.44,116.69,114.02,114.71,56151926,AAPL
28-09-2015,113.85,114.57,112.44,112.44,52109011,AAPL
29-09-2015,112.83,113.51,107.86,109.06,73365384,AAPL
30-09-2015,110.17,111.54,108.73,110.3,66473033,AAPL
01-10-2015,109.07,109.62,107.31,109.58,63929100,AAPL
02-10-2015,108.01,111.01,107.55,110.38,58019758,AAPL
05-10-2015,109.88,111.37,109.07,110.78,52064743,AAPL
06-10-2015,110.63,111.74,109.77,111.31,48856977,AAPL
07-10-2015,111.74,111.77,109.41,110.78,46765550,AAPL
08-10-2015,110.19,110.19,108.21,109.5,61979577,AAPL
09-10-2015,110,112.28,109.49,112.12,52766140,AAPL
12-10-2015,112.73,112.75,111.44,111.6,30467204,AAPL
13-10-2015,110.82,112.45,110.68,111.79,33049256,AAPL
14-10-2015,111.29,111.52,109.56,110.21,44462449,AAPL
15-10-2015,110.93,112.1,110.49,111.86,37673452,AAPL
16-10-2015,111.78,112,110.53,111.04,39232609,AAPL
19-10-2015,110.8,111.75,110.11,111.73,29759153,AAPL
20-10-2015,111.34,114.17,110.82,113.77,48967763,AAPL
21-10-2015,114,115.58,113.7,113.76,42326974,AAPL
22-10-2015,114.33,115.5,114.1,115.5,41654089,AAPL
23-10-2015,116.7,119.23,116.33,119.08,59366914,AAPL
26-10-2015,118.08,118.13,114.92,115.28,66333781,AAPL
27-10-2015,115.4,116.54,113.99,114.55,69884400,AAPL
28-10-2015,116.93,119.3,116.06,119.27,85551352,AAPL
29-10-2015,118.7,120.69,118.27,120.53,51227334,AAPL
30-10-2015,120.99,121.22,119.45,119.5,49365254,AAPL
02-11-2015,119.87,121.36,119.61,121.18,32203267,AAPL
03-11-2015,120.79,123.49,120.7,122.57,45518976,AAPL
04-11-2015,123.13,123.82,121.62,122,44886050,AAPL
05-11-2015,121.85,122.69,120.18,120.92,39552680,AAPL
06-11-2015,121.11,121.81,120.62,121.06,33042283,AAPL
09-11-2015,120.96,121.81,120.05,120.57,33871405,AAPL
10-11-2015,116.9,118.07,116.06,116.77,59127931,AAPL
11-11-2015,116.37,117.42,115.21,116.11,45217971,AAPL
12-11-2015,116.26,116.82,115.65,115.72,32525579,AAPL
13-11-2015,115.2,115.57,112.27,112.34,45812403,AAPL
16-11-2015,111.38,114.24,111,114.18,38106701,AAPL
17-11-2015,114.92,115.05,113.32,113.69,27616939,AAPL
18-11-2015,115.76,117.49,115.5,117.29,46674697,AAPL
19-11-2015,117.64,119.75,116.76,118.78,43295820,AAPL
20-11-2015,119.2,119.92,118.85,119.3,34287096,AAPL
23-11-2015,119.27,119.73,117.34,117.75,32482528,AAPL
24-11-2015,117.33,119.35,117.12,118.88,42803172,AAPL
25-11-2015,119.21,119.23,117.92,118.03,21388308,AAPL
27-11-2015,118.29,118.41,117.6,117.81,13046445,AAPL
30-11-2015,117.99,119.41,117.75,118.3,39180322,AAPL
01-12-2015,118.75,118.81,116.86,117.34,34852374,AAPL
02-12-2015,117.05,118.11,116.08,116.28,33386563,AAPL
03-12-2015,116.55,116.79,114.22,115.2,41569509,AAPL
04-12-2015,115.29,119.25,115.11,119.03,57776977,AAPL
07-12-2015,118.98,119.86,117.81,118.28,32084249,AAPL
08-12-2015,117.52,118.6,116.86,118.23,34309450,AAPL
09-12-2015,117.64,117.69,115.08,115.62,46361357,AAPL
10-12-2015,116.04,116.94,115.51,116.17,29212727,AAPL
11-12-2015,115.19,115.39,112.85,113.18,46886161,AAPL
14-12-2015,112.18,112.68,109.79,112.48,65003609,AAPL
15-12-2015,111.94,112.8,110.35,110.49,53323105,AAPL
16-12-2015,111.07,111.99,108.8,111.34,56238467,AAPL
17-12-2015,112.02,112.25,108.98,108.98,44772827,AAPL
18-12-2015,108.91,109.52,105.81,106.03,96453327,AAPL
21-12-2015,107.28,107.37,105.57,107.33,47590610,AAPL
22-12-2015,107.4,107.72,106.45,107.23,32789367,AAPL
23-12-2015,107.27,108.85,107.2,108.61,32657354,AAPL
24-12-2015,109,109,107.95,108.03,13596680,AAPL
28-12-2015,107.59,107.69,106.18,106.82,26704210,AAPL
29-12-2015,106.96,109.43,106.86,108.74,30931243,AAPL
30-12-2015,108.58,108.7,107.18,107.32,25213777,AAPL
31-12-2015,107.01,107.03,104.82,105.26,40912316,AAPL
04-01-2016,102.61,105.37,102,105.35,67649387,AAPL
05-01-2016,105.75,105.85,102.41,102.71,55790992,AAPL
06-01-2016,100.56,102.37,99.87,100.7,68457388,AAPL
07-01-2016,98.68,100.13,96.43,96.45,81094428,AAPL
08-01-2016,98.55,99.11,96.76,96.96,70798016,AAPL
11-01-2016,98.97,99.06,97.34,98.53,49739377,AAPL
12-01-2016,100.55,100.69,98.84,99.96,49154227,AAPL
13-01-2016,100.32,101.19,97.3,97.39,62439631,AAPL
14-01-2016,97.96,100.48,95.74,99.52,63170127,AAPL
15-01-2016,96.2,97.71,95.36,97.13,79833891,AAPL
19-01-2016,98.41,98.65,95.5,96.66,53087747,AAPL
20-01-2016,95.1,98.19,93.42,96.79,72334416,AAPL
21-01-2016,97.06,97.88,94.94,96.3,52161463,AAPL
22-01-2016,98.63,101.46,98.37,101.42,65800467,AAPL
25-01-2016,101.52,101.53,99.21,99.44,51794525,AAPL
26-01-2016,99.93,100.88,98.07,99.99,75077002,AAPL
27-01-2016,96.04,96.63,93.34,93.42,133369674,AAPL
28-01-2016,93.79,94.52,92.39,94.09,55678825,AAPL
29-01-2016,94.79,97.34,94.35,97.34,64416504,AAPL
01-02-2016,96.47,96.71,95.4,96.43,40943541,AAPL
02-02-2016,95.42,96.04,94.28,94.48,37357215,AAPL
03-02-2016,95,96.84,94.08,96.35,45964294,AAPL
04-02-2016,95.86,97.33,95.19,96.6,46471652,AAPL
05-02-2016,96.52,96.92,93.69,94.02,46418064,AAPL
08-02-2016,93.13,95.7,93.04,95.01,54021375,AAPL
09-02-2016,94.29,95.94,93.93,94.99,44331195,AAPL
10-02-2016,95.92,96.35,94.1,94.27,42343601,AAPL
11-02-2016,93.79,94.72,92.59,93.7,50074711,AAPL
12-02-2016,94.19,94.5,93.01,93.99,40351381,AAPL
16-02-2016,95.02,96.85,94.61,96.64,49057916,AAPL
17-02-2016,96.67,98.21,96.15,98.12,44863243,AAPL
18-02-2016,98.84,98.89,96.09,96.26,39020983,AAPL
19-02-2016,96,96.76,95.8,96.04,35374173,AAPL
22-02-2016,96.31,96.9,95.92,96.88,34280758,AAPL
23-02-2016,96.4,96.5,94.55,94.69,31942633,AAPL
24-02-2016,93.98,96.38,93.32,96.1,36255745,AAPL
25-02-2016,96.05,96.76,95.25,96.76,27582659,AAPL
26-02-2016,97.2,98.02,96.58,96.91,28991131,AAPL
29-02-2016,96.86,98.23,96.65,96.69,35216277,AAPL
01-03-2016,97.65,100.77,97.42,100.53,50407147,AAPL
02-03-2016,100.51,100.89,99.64,100.75,33169560,AAPL
03-03-2016,100.58,101.71,100.45,101.5,36955742,AAPL
04-03-2016,102.37,103.75,101.37,103.01,46055100,AAPL
07-03-2016,102.39,102.83,100.96,101.87,35915810,AAPL
08-03-2016,100.78,101.76,100.4,101.03,31561889,AAPL
09-03-2016,101.31,101.58,100.27,101.12,27201683,AAPL
10-03-2016,101.41,102.24,100.15,101.17,33513577,AAPL
11-03-2016,102.24,102.28,101.5,102.26,27408237,AAPL
14-03-2016,101.91,102.91,101.78,102.52,25076062,AAPL
15-03-2016,103.96,105.18,103.85,104.58,40067734,AAPL
16-03-2016,104.61,106.31,104.59,105.97,38303493,AAPL
17-03-2016,105.52,106.47,104.96,105.8,34420705,AAPL
18-03-2016,106.34,106.5,105.19,105.92,44205171,AAPL
21-03-2016,105.93,107.65,105.14,105.91,35502678,AAPL
22-03-2016,105.25,107.29,105.21,106.72,32444375,AAPL
23-03-2016,106.48,107.07,105.9,106.13,25703495,AAPL
24-03-2016,105.47,106.25,104.89,105.67,26132955,AAPL
28-03-2016,106,106.19,105.06,105.19,19411372,AAPL
29-03-2016,104.89,107.79,104.88,107.68,31190083,AAPL
30-03-2016,108.65,110.42,108.6,109.56,45601149,AAPL
31-03-2016,109.72,109.9,108.88,108.99,25888449,AAPL
01-04-2016,108.78,110,108.2,109.99,25873950,AAPL
04-04-2016,110.42,112.19,110.27,111.12,37356204,AAPL
05-04-2016,109.51,110.73,109.42,109.81,26578652,AAPL
06-04-2016,110.23,110.98,109.2,110.96,26404077,AAPL
07-04-2016,109.95,110.42,108.12,108.54,31801870,AAPL
08-04-2016,108.91,109.77,108.17,108.66,23581740,AAPL
11-04-2016,108.97,110.61,108.83,109.02,29407518,AAPL
12-04-2016,109.34,110.5,108.66,110.44,27232325,AAPL
13-04-2016,110.8,112.34,110.8,112.04,33257316,AAPL
14-04-2016,111.62,112.39,111.33,112.1,25473923,AAPL
15-04-2016,112.11,112.3,109.73,109.85,46938969,AAPL
18-04-2016,108.89,108.95,106.94,107.48,60821461,AAPL
19-04-2016,107.88,108,106.23,106.91,32384879,AAPL
20-04-2016,106.64,108.09,106.06,107.13,30611030,AAPL
21-04-2016,106.93,106.93,105.52,105.97,31552525,AAPL
22-04-2016,105.01,106.48,104.62,105.68,33683121,AAPL
25-04-2016,105,105.65,104.51,105.08,28031588,AAPL
26-04-2016,103.91,105.3,103.91,104.35,56016165,AAPL
27-04-2016,96,98.71,95.68,97.82,114602142,AAPL
28-04-2016,97.61,97.88,94.25,94.83,82242690,AAPL
29-04-2016,93.99,94.72,92.51,93.74,68531478,AAPL
02-05-2016,93.97,94.08,92.4,93.64,48160104,AAPL
03-05-2016,94.2,95.74,93.68,95.18,56831277,AAPL
04-05-2016,95.2,95.9,93.82,94.19,41025475,AAPL
05-05-2016,94,94.07,92.68,93.24,35890500,AAPL
06-05-2016,93.37,93.45,91.85,92.72,43699886,AAPL
09-05-2016,93,93.77,92.59,92.79,32936436,AAPL
10-05-2016,93.33,93.57,92.11,93.42,33686836,AAPL
11-05-2016,93.48,93.57,92.46,92.51,28719109,AAPL
12-05-2016,92.72,92.78,89.47,90.34,76314690,AAPL
13-05-2016,90,91.67,90,90.52,44392765,AAPL
16-05-2016,92.39,94.39,91.65,93.88,61259756,AAPL
17-05-2016,94.55,94.7,93.01,93.49,46916939,AAPL
18-05-2016,94.16,95.21,93.89,94.56,42062391,AAPL
19-05-2016,94.64,94.64,93.57,94.2,30442100,AAPL
20-05-2016,94.64,95.43,94.52,95.22,32025968,AAPL
23-05-2016,95.87,97.19,95.67,96.43,38018643,AAPL
24-05-2016,97.22,98.09,96.84,97.9,35140174,AAPL
25-05-2016,98.67,99.74,98.11,99.62,38642108,AAPL
26-05-2016,99.68,100.73,98.64,100.41,56331159,AAPL
27-05-2016,99.44,100.47,99.25,100.35,36341240,AAPL
31-05-2016,99.6,100.4,98.82,99.86,42307212,AAPL
01-06-2016,99.02,99.54,98.33,98.46,29173285,AAPL
02-06-2016,97.6,97.84,96.63,97.72,40191600,AAPL
03-06-2016,97.79,98.27,97.45,97.92,28504888,AAPL
06-06-2016,97.99,101.89,97.55,98.63,23292504,AAPL
07-06-2016,99.25,99.87,98.96,99.03,22409450,AAPL
08-06-2016,99.02,99.56,98.68,98.94,20848131,AAPL
09-06-2016,98.5,99.99,98.46,99.65,26601354,AAPL
10-06-2016,98.53,99.35,98.48,98.83,31712936,AAPL
13-06-2016,98.69,99.12,97.1,97.34,38020494,AAPL
14-06-2016,97.32,98.48,96.75,97.46,31931944,AAPL
15-06-2016,97.82,98.41,97.03,97.14,29445227,AAPL
16-06-2016,96.45,97.75,96.07,97.55,31326815,AAPL
17-06-2016,96.62,96.65,95.3,95.33,61008219,AAPL
20-06-2016,96,96.57,95.03,95.1,34411901,AAPL
21-06-2016,94.94,96.35,94.68,95.91,35546358,AAPL
22-06-2016,96.25,96.89,95.35,95.55,29219122,AAPL
23-06-2016,95.94,96.29,95.25,96.1,32240187,AAPL
24-06-2016,92.91,94.66,92.65,93.4,75311356,AAPL
27-06-2016,93,93.05,91.5,92.04,46622188,AAPL
28-06-2016,92.9,93.66,92.14,93.59,40444914,AAPL
29-06-2016,93.97,94.55,93.63,94.4,36531006,AAPL
30-06-2016,94.44,95.77,94.3,95.6,35836356,AAPL
01-07-2016,95.49,96.47,95.33,95.89,26026540,AAPL
05-07-2016,95.39,95.4,94.46,94.99,27705210,AAPL
06-07-2016,94.6,95.66,94.37,95.53,30949090,AAPL
07-07-2016,95.7,96.5,95.62,95.94,25139558,AAPL
08-07-2016,96.49,96.89,96.05,96.68,28912103,AAPL
11-07-2016,96.75,97.65,96.73,96.98,23794945,AAPL
12-07-2016,97.17,97.7,97.12,97.42,24167463,AAPL
13-07-2016,97.41,97.67,96.84,96.87,25892171,AAPL
14-07-2016,97.39,98.99,97.32,98.79,38918997,AAPL
15-07-2016,98.92,99.3,98.5,98.78,30136990,AAPL
18-07-2016,98.7,100.13,98.6,99.83,36493867,AAPL
19-07-2016,99.56,100,99.34,99.87,23779924,AAPL
20-07-2016,100,100.46,99.74,99.96,26275968,AAPL
21-07-2016,99.83,101,99.13,99.43,32702028,AAPL
22-07-2016,99.26,99.3,98.31,98.66,28313669,AAPL
25-07-2016,98.25,98.84,96.92,97.34,40382921,AAPL
26-07-2016,96.82,97.97,96.42,96.67,56239822,AAPL
27-07-2016,104.27,104.35,102.75,102.95,92344820,AAPL
28-07-2016,102.83,104.45,102.82,104.34,39869839,AAPL
29-07-2016,104.19,104.55,103.68,104.21,27733688,AAPL
01-08-2016,104.41,106.15,104.41,106.05,38167871,AAPL
02-08-2016,106.05,106.07,104,104.48,33816556,AAPL
03-08-2016,104.81,105.84,104.77,105.79,30202641,AAPL
04-08-2016,105.58,106,105.28,105.87,27408650,AAPL
05-08-2016,106.27,107.65,106.18,107.48,40553402,AAPL
08-08-2016,107.52,108.37,107.16,108.37,28037220,AAPL
09-08-2016,108.23,108.94,108.01,108.81,26315204,AAPL
10-08-2016,108.71,108.9,107.76,108,24008505,AAPL
11-08-2016,108.52,108.93,107.85,107.93,27484506,AAPL
12-08-2016,107.78,108.44,107.78,108.18,18660434,AAPL
15-08-2016,108.14,109.54,108.08,109.48,25868209,AAPL
16-08-2016,109.63,110.23,109.21,109.38,33794448,AAPL
17-08-2016,109.1,109.37,108.34,109.22,25355976,AAPL
18-08-2016,109.23,109.6,109.02,109.08,21984703,AAPL
19-08-2016,108.77,109.69,108.36,109.36,25368072,AAPL
22-08-2016,108.86,109.1,107.85,108.51,25820230,AAPL
23-08-2016,108.59,109.32,108.53,108.85,21257669,AAPL
24-08-2016,108.57,108.75,107.68,108.03,23675081,AAPL
25-08-2016,107.39,107.88,106.68,107.57,25086248,AAPL
26-08-2016,107.41,107.95,106.31,106.94,27766291,AAPL
29-08-2016,106.62,107.44,106.29,106.82,24970300,AAPL
30-08-2016,105.8,106.5,105.5,106,24863945,AAPL
31-08-2016,105.66,106.57,105.64,106.1,29662406,AAPL
01-09-2016,106.14,106.8,105.62,106.73,26701523,AAPL
02-09-2016,107.7,108,106.82,107.73,26802450,AAPL
06-09-2016,107.9,108.3,107.51,107.7,26880391,AAPL
07-09-2016,107.83,108.76,107.07,108.36,42364328,AAPL
08-09-2016,107.25,107.27,105.24,105.52,53002026,AAPL
09-09-2016,104.64,105.72,103.13,103.13,46556984,AAPL
12-09-2016,102.65,105.72,102.53,105.44,45292770,AAPL
13-09-2016,107.51,108.79,107.24,107.95,62176190,AAPL
14-09-2016,108.73,113.03,108.6,111.77,112340318,AAPL
15-09-2016,113.86,115.73,113.49,115.57,90613177,AAPL
16-09-2016,115.12,116.13,114.04,114.92,79886911,AAPL
19-09-2016,115.19,116.18,113.25,113.58,47023046,AAPL
20-09-2016,113.05,114.12,112.51,113.57,34514269,AAPL
21-09-2016,113.85,113.99,112.44,113.55,36003185,AAPL
22-09-2016,114.35,114.94,114,114.62,31073984,AAPL
23-09-2016,114.42,114.79,111.55,112.71,52481151,AAPL
26-09-2016,111.64,113.39,111.55,112.88,29869442,AAPL
27-09-2016,113,113.18,112.34,113.09,24607412,AAPL
28-09-2016,113.69,114.64,113.43,113.95,29641085,AAPL
29-09-2016,113.16,113.8,111.8,112.18,35886990,AAPL
30-09-2016,112.46,113.37,111.8,113.05,36379106,AAPL
03-10-2016,112.71,113.05,112.28,112.52,21701760,AAPL
04-10-2016,113.06,114.31,112.63,113,29736835,AAPL
05-10-2016,113.4,113.66,112.69,113.05,21453089,AAPL
06-10-2016,113.7,114.34,113.13,113.89,28779313,AAPL
07-10-2016,114.31,114.56,113.51,114.06,24358443,AAPL
10-10-2016,115.02,116.75,114.72,116.05,36235956,AAPL
11-10-2016,117.7,118.69,116.2,116.3,64041043,AAPL
12-10-2016,117.35,117.98,116.75,117.34,37586787,AAPL
13-10-2016,116.79,117.44,115.72,116.98,35192406,AAPL
14-10-2016,117.88,118.17,117.13,117.63,35652191,AAPL
17-10-2016,117.33,117.84,116.78,117.55,23624896,AAPL
18-10-2016,118.18,118.21,117.45,117.47,24553478,AAPL
19-10-2016,117.25,117.76,113.8,117.12,20034594,AAPL
20-10-2016,116.86,117.38,116.33,117.06,24125801,AAPL
21-10-2016,116.81,116.91,116.28,116.6,23192665,AAPL
24-10-2016,117.1,117.74,117,117.65,23538673,AAPL
25-10-2016,117.95,118.36,117.31,118.25,48128970,AAPL
26-10-2016,114.31,115.7,113.31,115.59,66134219,AAPL
27-10-2016,115.39,115.86,114.1,114.48,34562045,AAPL
28-10-2016,113.87,115.21,113.45,113.72,37861662,AAPL
31-10-2016,113.65,114.23,113.2,113.54,26419398,AAPL
01-11-2016,113.46,113.77,110.53,111.49,43825812,AAPL
02-11-2016,111.4,112.35,111.23,111.59,28331709,AAPL
03-11-2016,110.98,111.46,109.55,109.83,26932602,AAPL
04-11-2016,108.53,110.25,108.11,108.84,30836997,AAPL
07-11-2016,110.08,110.51,109.46,110.41,32560000,AAPL
08-11-2016,110.31,111.72,109.7,111.06,24254179,AAPL
09-11-2016,109.88,111.32,108.05,110.88,59176361,AAPL
10-11-2016,111.09,111.09,105.83,107.79,57134541,AAPL
11-11-2016,107.12,108.87,106.55,108.43,34143898,AAPL
14-11-2016,107.71,107.81,104.08,105.71,51175504,AAPL
15-11-2016,106.57,107.68,106.16,107.11,32264510,AAPL
16-11-2016,106.7,110.23,106.6,109.99,58840522,AAPL
17-11-2016,109.81,110.35,108.83,109.95,27632003,AAPL
18-11-2016,109.72,110.54,109.66,110.06,28428917,AAPL
21-11-2016,110.12,111.99,110.01,111.73,29264571,AAPL
22-11-2016,111.95,112.42,111.4,111.8,25965534,AAPL
23-11-2016,111.36,111.51,110.33,111.23,27426394,AAPL
25-11-2016,111.13,111.87,110.95,111.79,11475922,AAPL
28-11-2016,111.43,112.47,111.39,111.57,27193983,AAPL
29-11-2016,110.78,112.03,110.07,111.46,28528750,AAPL
30-11-2016,111.6,112.2,110.27,110.52,36162258,AAPL
01-12-2016,110.37,110.94,109.03,109.49,37086862,AAPL
02-12-2016,109.17,110.09,108.85,109.9,26527997,AAPL
05-12-2016,110,110.03,108.25,109.11,34324540,AAPL
06-12-2016,109.5,110.36,109.19,109.95,26195462,AAPL
07-12-2016,109.26,111.19,109.16,111.03,29998719,AAPL
08-12-2016,110.86,112.43,110.6,112.12,27068316,AAPL
09-12-2016,112.31,114.7,112.31,113.95,34402627,AAPL
12-12-2016,113.29,115,112.49,113.3,26374377,AAPL
13-12-2016,113.84,115.92,113.75,115.19,43733811,AAPL
14-12-2016,115.04,116.2,114.98,115.19,34031834,AAPL
15-12-2016,115.38,116.73,115.23,115.82,46524544,AAPL
16-12-2016,116.47,116.5,115.65,115.97,44351134,AAPL
19-12-2016,115.8,117.38,115.75,116.64,27779423,AAPL
20-12-2016,116.74,117.5,116.68,116.95,21424965,AAPL
21-12-2016,116.8,117.4,116.78,117.06,23783165,AAPL
22-12-2016,116.35,116.51,115.64,116.29,26085854,AAPL
23-12-2016,115.59,116.52,115.59,116.52,14249484,AAPL
27-12-2016,116.52,117.8,116.49,117.26,18296855,AAPL
28-12-2016,117.52,118.02,116.2,116.76,20905892,AAPL
29-12-2016,116.45,117.11,116.4,116.73,15039519,AAPL
30-12-2016,116.65,117.2,115.43,115.82,30586265,AAPL
03-01-2017,115.8,116.33,114.76,116.15,28781865,AAPL
04-01-2017,115.85,116.51,115.75,116.02,21118116,AAPL
05-01-2017,115.92,116.86,115.81,116.61,22193587,AAPL
06-01-2017,116.78,118.16,116.47,117.91,31751900,AAPL
09-01-2017,117.95,119.43,117.94,118.99,33561948,AAPL
10-01-2017,118.77,119.38,118.3,119.11,24462051,AAPL
11-01-2017,118.74,119.93,118.6,119.75,27588593,AAPL
12-01-2017,118.9,119.3,118.21,119.25,27086220,AAPL
13-01-2017,119.11,119.62,118.81,119.04,26111948,AAPL
17-01-2017,118.34,120.24,118.22,120,34439843,AAPL
18-01-2017,120,120.5,119.71,119.99,23712961,AAPL
19-01-2017,119.4,120.09,119.37,119.78,25597291,AAPL
20-01-2017,120.45,120.45,119.73,120,32597892,AAPL
23-01-2017,120,120.81,119.77,120.08,22050218,AAPL
24-01-2017,119.55,120.1,119.5,119.97,23211038,AAPL
25-01-2017,120.42,122.1,120.28,121.88,32586673,AAPL
26-01-2017,121.67,122.44,121.6,121.94,26337576,AAPL
27-01-2017,122.14,122.35,121.6,121.95,20562944,AAPL
30-01-2017,120.93,121.63,120.66,121.63,30377503,AAPL
31-01-2017,121.15,121.39,120.62,121.35,49200993,AAPL
01-02-2017,127.03,130.49,127.01,128.75,111985040,AAPL
02-02-2017,127.98,129.39,127.78,128.53,33710411,AAPL
03-02-2017,128.31,129.19,128.16,129.08,24507301,AAPL
06-02-2017,129.13,130.5,128.9,130.29,26845924,AAPL
07-02-2017,130.54,132.09,130.45,131.53,38183841,AAPL
08-02-2017,131.35,132.22,131.22,132.04,23004072,AAPL
09-02-2017,131.65,132.45,131.12,132.42,28349859,AAPL
10-02-2017,132.46,132.94,132.05,132.12,20065458,AAPL
13-02-2017,133.08,133.82,132.75,133.29,23035421,AAPL
14-02-2017,133.47,135.09,133.25,135.02,33226223,AAPL
15-02-2017,135.52,136.27,134.62,135.51,35623100,AAPL
16-02-2017,135.67,135.9,134.84,135.35,22584555,AAPL
17-02-2017,135.1,135.83,135.1,135.72,22198197,AAPL
21-02-2017,136.23,136.75,135.98,136.7,24507156,AAPL
22-02-2017,136.43,137.12,136.11,137.11,20836932,AAPL
23-02-2017,137.38,137.48,136.3,136.53,20788186,AAPL
24-02-2017,135.91,136.66,135.28,136.66,21776585,AAPL
27-02-2017,137.14,137.44,136.28,136.93,20257426,AAPL
28-02-2017,137.08,137.44,136.7,136.99,23482860,AAPL
01-03-2017,137.89,140.15,137.6,139.79,36414585,AAPL
02-03-2017,140,140.28,138.76,138.96,26210984,AAPL
03-03-2017,138.78,139.83,138.59,139.78,21571121,AAPL
06-03-2017,139.37,139.77,138.6,139.34,21750044,AAPL
07-03-2017,139.06,139.98,138.79,139.52,17446297,AAPL
08-03-2017,138.95,139.8,138.82,139,18707236,AAPL
09-03-2017,138.74,138.79,137.05,138.68,22155904,AAPL
10-03-2017,139.25,139.36,138.64,139.14,19612801,AAPL
13-03-2017,138.85,139.43,138.82,139.2,17421717,AAPL
14-03-2017,139.3,139.65,138.84,138.99,15309065,AAPL
15-03-2017,139.41,140.75,139.03,140.46,25691774,AAPL
16-03-2017,140.72,141.02,140.26,140.69,19231998,AAPL
17-03-2017,141,141,139.89,139.99,43884952,AAPL
20-03-2017,140.4,141.5,140.23,141.46,21542038,AAPL
21-03-2017,142.11,142.8,139.73,139.84,39529912,AAPL
22-03-2017,139.85,141.6,139.76,141.42,25860165,AAPL
23-03-2017,141.26,141.58,140.61,140.92,20346301,AAPL
24-03-2017,141.5,141.74,140.35,140.64,22395563,AAPL
27-03-2017,139.39,141.22,138.62,140.88,23575094,AAPL
28-03-2017,140.91,144.04,140.62,143.8,33374805,AAPL
29-03-2017,143.68,144.49,143.19,144.12,29189955,AAPL
30-03-2017,144.19,144.5,143.5,143.93,21207252,AAPL
31-03-2017,143.72,144.27,143.01,143.66,19661651,AAPL
03-04-2017,143.71,144.12,143.05,143.7,19985714,AAPL
04-04-2017,143.25,144.89,143.17,144.77,19891354,AAPL
05-04-2017,144.22,145.46,143.81,144.02,27717854,AAPL
06-04-2017,144.29,144.52,143.45,143.66,21149034,AAPL
07-04-2017,143.73,144.18,143.27,143.34,16658543,AAPL
10-04-2017,143.6,143.88,142.9,143.17,18933397,AAPL
11-04-2017,142.94,143.35,140.06,141.63,30379376,AAPL
12-04-2017,141.6,142.15,141.01,141.8,20350000,AAPL
13-04-2017,141.91,142.38,141.05,141.05,17822880,AAPL
17-04-2017,141.48,141.88,140.87,141.83,16582094,AAPL
18-04-2017,141.41,142.04,141.11,141.2,14697544,AAPL
19-04-2017,141.88,142,140.45,140.68,17328375,AAPL
20-04-2017,141.22,142.92,141.16,142.44,23319562,AAPL
21-04-2017,142.44,142.68,141.85,142.27,17320928,AAPL
24-04-2017,143.5,143.95,143.18,143.64,17134333,AAPL
25-04-2017,143.91,144.9,143.87,144.53,18871501,AAPL
26-04-2017,144.47,144.6,143.38,143.68,20041241,AAPL
27-04-2017,143.92,144.16,143.31,143.79,14246347,AAPL
28-04-2017,144.09,144.3,143.27,143.65,20860358,AAPL
01-05-2017,145.1,147.2,144.96,146.58,33602943,AAPL
02-05-2017,147.54,148.09,146.84,147.51,45352194,AAPL
03-05-2017,145.59,147.49,144.27,147.06,45697034,AAPL
04-05-2017,146.52,147.14,145.81,146.53,23371872,AAPL
05-05-2017,146.76,148.98,146.76,148.96,27327725,AAPL
08-05-2017,149.03,153.7,149.03,153.01,48752413,AAPL
09-05-2017,153.87,154.88,153.45,153.99,39130363,AAPL
10-05-2017,153.63,153.94,152.11,153.26,25805692,AAPL
11-05-2017,152.45,154.07,152.31,153.95,27255058,AAPL
12-05-2017,154.7,156.42,154.67,156.1,32527017,AAPL
15-05-2017,156.01,156.65,155.05,155.7,26009719,AAPL
16-05-2017,155.94,156.06,154.72,155.47,20048478,AAPL
17-05-2017,153.6,154.57,149.71,150.25,50767678,AAPL
18-05-2017,151.27,153.34,151.13,152.54,33568215,AAPL
19-05-2017,153.38,153.98,152.63,153.06,26960788,AAPL
22-05-2017,154,154.58,152.91,153.99,22966437,AAPL
23-05-2017,154.9,154.9,153.31,153.8,19918871,AAPL
24-05-2017,153.84,154.17,152.67,153.34,19219154,AAPL
25-05-2017,153.73,154.35,153.03,153.87,19235598,AAPL
26-05-2017,154,154.24,153.31,153.61,21927637,AAPL
30-05-2017,153.42,154.43,153.33,153.67,20126851,AAPL
31-05-2017,153.97,154.17,152.38,152.76,24451164,AAPL
01-06-2017,153.17,153.33,152.22,153.18,16404088,AAPL
02-06-2017,153.58,155.45,152.89,155.45,27770715,AAPL
05-06-2017,154.34,154.45,153.46,153.93,25331662,AAPL
06-06-2017,153.9,155.81,153.78,154.45,26624926,AAPL
07-06-2017,155.02,155.98,154.48,155.37,21069647,AAPL
08-06-2017,155.25,155.54,154.4,154.99,21250798,AAPL
09-06-2017,155.19,155.19,146.02,148.98,64882657,AAPL
12-06-2017,145.74,146.09,142.51,145.42,72307330,AAPL
13-06-2017,147.16,147.45,145.15,146.59,34165445,AAPL
14-06-2017,147.5,147.5,143.84,145.16,31531232,AAPL
15-06-2017,143.32,144.48,142.21,144.29,32165373,AAPL
16-06-2017,143.78,144.5,142.2,142.27,50361093,AAPL
19-06-2017,143.66,146.74,143.66,146.34,32541404,AAPL
20-06-2017,146.87,146.87,144.94,145.01,24900073,AAPL
21-06-2017,145.52,146.07,144.61,145.87,21265751,AAPL
22-06-2017,145.77,146.7,145.12,145.63,19106294,AAPL
23-06-2017,145.13,147.16,145.11,146.28,35439389,AAPL
26-06-2017,147.17,148.28,145.38,145.82,25692361,AAPL
27-06-2017,145.01,146.16,143.62,143.73,24761891,AAPL
28-06-2017,144.49,146.11,143.16,145.83,22082432,AAPL
29-06-2017,144.71,145.13,142.28,143.68,31499368,AAPL
30-06-2017,144.45,144.96,143.78,144.02,23024107,AAPL
03-07-2017,144.88,145.3,143.1,143.5,14277848,AAPL
05-07-2017,143.69,144.79,142.72,144.09,21569557,AAPL
06-07-2017,143.02,143.5,142.41,142.73,24128782,AAPL
07-07-2017,142.9,144.75,142.9,144.18,19201712,AAPL
10-07-2017,144.11,145.95,143.37,145.06,21090636,AAPL
11-07-2017,144.73,145.85,144.38,145.53,19781836,AAPL
12-07-2017,145.87,146.18,144.82,145.74,24884478,AAPL
13-07-2017,145.5,148.49,145.44,147.77,25199373,AAPL
14-07-2017,147.97,149.33,147.33,149.04,20132061,AAPL
17-07-2017,148.82,150.9,148.57,149.56,23793456,AAPL
18-07-2017,149.2,150.13,148.67,150.08,17868792,AAPL
19-07-2017,150.48,151.42,149.95,151.02,20922969,AAPL
20-07-2017,151.5,151.74,150.19,150.34,17243748,AAPL
21-07-2017,149.99,150.44,148.88,150.27,26252630,AAPL
24-07-2017,150.58,152.44,149.9,152.09,21493160,AAPL
25-07-2017,151.8,153.84,151.8,152.74,18853932,AAPL
26-07-2017,153.35,153.93,153.06,153.46,15780951,AAPL
27-07-2017,153.75,153.99,147.3,150.56,32476337,AAPL
28-07-2017,149.89,150.23,149.19,149.5,17213653,AAPL
31-07-2017,149.9,150.33,148.13,148.73,19845920,AAPL
01-08-2017,157.06,158.92,156.67,158.59,21194042,AAPL
02-08-2017,159.28,159.75,156.16,157.14,69936800,AAPL
03-08-2017,157.05,157.21,155.02,155.57,27097296,AAPL
04-08-2017,156.07,157.4,155.69,156.39,20559852,AAPL
07-08-2017,157.06,158.92,156.67,158.81,21870321,AAPL
08-08-2017,158.6,161.83,158.27,160.08,36205896,AAPL
09-08-2017,159.26,161.27,159.11,161.06,26131530,AAPL
10-08-2017,159.9,160,154.63,155.32,40804273,AAPL
11-08-2017,156.6,158.57,156.07,157.48,26257096,AAPL
14-08-2017,159.32,160.21,158.75,159.85,22122734,AAPL
15-08-2017,160.66,162.2,160.14,161.6,29465487,AAPL
16-08-2017,161.94,162.51,160.15,160.95,27671612,AAPL
17-08-2017,160.52,160.71,157.84,157.86,27940565,AAPL
18-08-2017,157.86,159.5,156.72,157.5,27428069,AAPL
21-08-2017,157.5,157.89,155.11,157.21,26368528,AAPL
22-08-2017,158.23,160,158.02,159.78,21604585,AAPL
23-08-2017,159.07,160.47,158.88,159.98,19399081,AAPL
24-08-2017,160.43,160.74,158.55,159.27,19818918,AAPL
25-08-2017,159.65,160.56,159.27,159.86,25480063,AAPL
28-08-2017,160.14,162,159.93,161.47,25965972,AAPL
29-08-2017,160.1,163.12,160,162.91,29516910,AAPL
30-08-2017,163.8,163.89,162.61,163.35,27269584,AAPL
31-08-2017,163.64,164.52,163.48,164,26785096,AAPL
01-09-2017,164.8,164.94,163.63,164.05,16591051,AAPL
05-09-2017,163.75,164.25,160.56,162.08,29536314,AAPL
06-09-2017,162.71,162.99,160.52,161.91,21651726,AAPL
07-09-2017,162.09,162.24,160.36,161.26,21928502,AAPL
08-09-2017,160.86,161.15,158.53,158.63,28611535,AAPL
11-09-2017,160.5,162.05,159.89,161.5,31580798,AAPL
12-09-2017,162.61,163.96,158.77,160.86,71714046,AAPL
13-09-2017,159.87,159.96,157.91,159.65,44907361,AAPL
14-09-2017,158.99,159.4,158.09,158.28,23760749,AAPL
15-09-2017,158.47,160.97,158,159.88,49114602,AAPL
18-09-2017,160.11,160.5,158,158.67,28269435,AAPL
19-09-2017,159.51,159.77,158.44,158.73,20810632,AAPL
20-09-2017,157.9,158.26,153.83,156.07,52951364,AAPL
21-09-2017,155.8,155.8,152.75,153.39,37511661,AAPL
22-09-2017,152.02,152.27,150.56,151.89,46645443,AAPL
25-09-2017,149.99,151.83,149.16,150.55,44387336,AAPL
26-09-2017,151.78,153.92,151.69,153.14,36660045,AAPL
27-09-2017,153.8,154.72,153.54,154.23,25504227,AAPL
28-09-2017,153.89,154.28,152.7,153.28,22005455,AAPL
29-09-2017,153.21,154.13,152,154.12,26299810,AAPL
02-10-2017,154.26,154.45,152.72,153.81,18698842,AAPL
03-10-2017,154.01,155.09,153.91,154.48,16230293,AAPL
04-10-2017,153.63,153.86,152.46,153.48,20163750,AAPL
05-10-2017,154.18,155.44,154.05,155.39,21283769,AAPL
06-10-2017,154.97,155.49,154.56,155.3,17407558,AAPL
09-10-2017,155.81,156.73,155.49,155.84,16262923,AAPL
10-10-2017,156.06,158,155.1,155.9,15617014,AAPL
11-10-2017,155.97,156.98,155.75,156.55,16905640,AAPL
12-10-2017,156.35,157.37,155.73,156,16125054,AAPL
13-10-2017,156.73,157.28,156.41,156.99,16394188,AAPL
16-10-2017,157.9,160,157.65,159.88,24121452,AAPL
17-10-2017,159.78,160.87,159.23,160.47,18997275,AAPL
18-10-2017,160.42,160.71,159.6,159.76,16374164,AAPL
19-10-2017,156.75,157.08,155.02,155.98,42584166,AAPL
20-10-2017,156.61,157.75,155.96,156.25,23974146,AAPL
23-10-2017,156.89,157.69,155.5,156.17,21984327,AAPL
24-10-2017,156.29,157.42,156.2,157.1,17757230,AAPL
25-10-2017,156.91,157.55,155.27,156.41,21207098,AAPL
26-10-2017,157.23,157.83,156.78,157.41,17000469,AAPL
27-10-2017,159.29,163.6,158.7,163.05,44454160,AAPL
30-10-2017,163.89,168.07,163.72,166.72,44700772,AAPL
31-10-2017,167.9,169.65,166.94,169.04,36046828,AAPL
01-11-2017,169.87,169.94,165.61,166.89,33637762,AAPL
02-11-2017,167.64,168.5,165.28,168.11,41393373,AAPL
03-11-2017,174,174.26,171.12,172.5,59398631,AAPL
06-11-2017,172.37,174.99,171.72,174.25,35026306,AAPL
07-11-2017,173.91,175.25,173.6,174.81,24361485,AAPL
08-11-2017,174.66,176.24,174.33,176.24,24409527,AAPL
09-11-2017,175.11,176.1,173.14,175.88,29185668,AAPL
10-11-2017,175.11,175.38,174.27,174.67,25145500,AAPL
13-11-2017,173.5,174.5,173.4,173.97,16982080,AAPL
14-11-2017,173.04,173.48,171.18,171.34,24782487,AAPL
15-11-2017,169.97,170.32,168.38,169.08,29158070,AAPL
16-11-2017,171.18,171.87,170.3,171.1,23637484,AAPL
17-11-2017,171.04,171.39,169.64,170.15,21899544,AAPL
20-11-2017,170.29,170.56,169.56,169.98,16262447,AAPL
21-11-2017,170.78,173.7,170.78,173.14,25131295,AAPL
22-11-2017,173.36,175,173.05,174.96,25588925,AAPL
24-11-2017,175.1,175.5,174.65,174.97,14026673,AAPL
27-11-2017,175.05,175.08,173.34,174.09,20716802,AAPL
28-11-2017,174.3,174.87,171.86,173.07,26428802,AAPL
29-11-2017,172.63,172.92,167.16,169.48,41666364,AAPL
30-11-2017,170.43,172.14,168.44,171.85,41527218,AAPL
01-12-2017,169.95,171.67,168.5,171.05,39759288,AAPL
04-12-2017,172.48,172.62,169.63,169.8,32542385,AAPL
05-12-2017,169.06,171.52,168.4,169.64,27350154,AAPL
06-12-2017,167.5,170.2,166.46,169.01,28560000,AAPL
07-12-2017,169.03,170.44,168.91,169.32,25673308,AAPL
08-12-2017,170.49,171,168.82,169.37,23355231,AAPL
11-12-2017,169.2,172.89,168.79,172.67,35273759,AAPL
12-12-2017,172.15,172.39,171.46,171.7,19409230,AAPL
13-12-2017,172.5,173.54,172,172.27,23818447,AAPL
14-12-2017,172.4,173.13,171.65,172.22,20476541,AAPL
15-12-2017,173.63,174.17,172.46,173.97,40169307,AAPL
18-12-2017,174.88,177.2,174.86,176.42,29421114,AAPL
19-12-2017,175.03,175.39,174.09,174.54,27436447,AAPL
20-12-2017,174.87,175.42,173.25,174.35,23475649,AAPL
21-12-2017,174.17,176.02,174.1,175.01,20949896,AAPL
22-12-2017,174.68,175.42,174.5,175.01,16349444,AAPL
26-12-2017,170.8,171.47,169.68,170.57,33185536,AAPL
27-12-2017,170.1,170.78,169.71,170.6,21498213,AAPL
28-12-2017,171,171.85,170.48,171.08,16480187,AAPL
29-12-2017,170.52,170.59,169.22,169.23,25999922,AAPL
02-01-2018,170.16,172.3,169.26,172.26,25555934,AAPL
03-01-2018,172.53,174.55,171.96,172.23,29517899,AAPL
04-01-2018,172.54,173.47,172.08,173.03,22434597,AAPL
05-01-2018,173.44,175.37,173.05,175,23660018,AAPL
08-01-2018,174.35,175.61,173.93,174.35,20567766,AAPL
09-01-2018,174.55,175.06,173.41,174.33,21583997,AAPL
10-01-2018,173.16,174.3,173,174.29,23959895,AAPL
11-01-2018,174.59,175.49,174.49,175.28,18667729,AAPL
12-01-2018,176.18,177.36,175.65,177.09,25418080,AAPL
16-01-2018,177.9,179.39,176.14,176.19,29565947,AAPL
17-01-2018,176.15,179.25,175.07,179.1,34386836,AAPL
18-01-2018,179.37,180.1,178.25,179.26,31193352,AAPL
19-01-2018,178.61,179.58,177.41,178.46,32425067,AAPL
22-01-2018,177.3,177.78,176.6,177,27108551,AAPL
23-01-2018,177.3,179.44,176.82,177.04,32689146,AAPL
24-01-2018,177.25,177.3,173.2,174.22,51105090,AAPL
25-01-2018,174.51,174.95,170.53,171.11,41529004,AAPL
26-01-2018,172,172,170.06,171.51,39143011,AAPL
29-01-2018,170.16,170.16,167.07,167.96,50640406,AAPL
30-01-2018,165.53,167.37,164.7,166.97,46048185,AAPL
31-01-2018,166.87,168.44,166.5,167.43,32478930,AAPL
01-02-2018,167.17,168.62,166.76,167.78,47230787,AAPL
02-02-2018,166,166.8,160.1,160.5,86593825,AAPL
05-02-2018,159.1,163.88,156,156.49,72738522,AAPL
06-02-2018,154.83,163.72,154,163.03,68243838,AAPL
07-02-2018,163.09,163.4,159.07,159.54,51608580,AAPL
08-02-2013,261.4,265.25,260.56,261.95,3879078,AMZN
11-02-2013,263.2,263.25,256.6,257.21,3403403,AMZN
12-02-2013,259.19,260.16,257,258.7,2938660,AMZN
13-02-2013,261.53,269.96,260.3,269.47,5292996,AMZN
14-02-2013,267.37,270.65,265.4,269.24,3462780,AMZN
15-02-2013,267.63,268.92,263.11,265.09,3979832,AMZN
19-02-2013,265.91,270.11,264.5,269.75,2853752,AMZN
20-02-2013,270.2,274.3,266.37,266.41,3528862,AMZN
21-02-2013,265.12,269.48,263.25,265.94,3637396,AMZN
22-02-2013,266.62,267.11,261.61,265.42,3123402,AMZN
25-02-2013,266.94,268.69,259.65,259.87,3032109,AMZN
26-02-2013,260.89,262.04,255.73,259.36,3348011,AMZN
27-02-2013,259.4,265.83,256.86,263.25,2908010,AMZN
28-02-2013,261.81,267,260.63,264.27,2667199,AMZN
01-03-2013,263.27,266.6,261.04,265.74,2956724,AMZN
04-03-2013,265.36,273.3,264.14,273.11,3452783,AMZN
05-03-2013,274,276.68,269.99,275.59,3685983,AMZN
06-03-2013,275.76,276.49,271.83,273.79,2050452,AMZN
07-03-2013,274.1,274.8,271.85,273.88,1938987,AMZN
08-03-2013,275,275.44,271.5,274.19,1879762,AMZN
11-03-2013,273.43,273.99,270.4,271.24,1904465,AMZN
12-03-2013,271,277.4,270.36,274.13,3245906,AMZN
13-03-2013,275.24,276.5,272.64,275.1,1884115,AMZN
14-03-2013,269.67,270,263.53,265.74,5226150,AMZN
15-03-2013,264.98,267.26,260.05,261.82,4865572,AMZN
18-03-2013,259.3,261.49,257.12,257.89,2719833,AMZN
19-03-2013,258.4,259.5,252.62,256.41,3738396,AMZN
20-03-2013,258.05,259.76,254.55,257.28,2734710,AMZN
21-03-2013,256.11,257,252.68,253.39,2805646,AMZN
22-03-2013,254.55,257.77,252.07,257.75,3124199,AMZN
25-03-2013,258.58,259.43,254.5,256.02,2513758,AMZN
26-03-2013,257.05,261.48,256.28,260.31,2420504,AMZN
27-03-2013,258.75,265.93,257.9,265.3,2874824,AMZN
28-03-2013,265.82,267.38,264.06,266.49,2473257,AMZN
01-04-2013,266.98,267.4,261.01,261.61,2524725,AMZN
02-04-2013,262.4,265.89,260.55,263.32,2631038,AMZN
03-04-2013,262.12,263.67,257.75,259.03,2413784,AMZN
04-04-2013,259.23,260.41,256.12,259.08,1964377,AMZN
05-04-2013,255.72,256.18,253.67,255.48,2557357,AMZN
08-04-2013,255.92,259.68,255.63,258.95,2295573,AMZN
09-04-2013,258.85,262.61,257,261.14,2156507,AMZN
10-04-2013,261.78,265.98,259.32,264.77,2322407,AMZN
11-04-2013,264.74,270.97,264.74,269.85,3090466,AMZN
12-04-2013,270.12,273.27,267.02,272.87,2865875,AMZN
15-04-2013,271.08,275.12,267.1,267.72,3325359,AMZN
16-04-2013,269.31,272.8,268.06,272.34,2137118,AMZN
17-04-2013,270.8,270.85,264.25,267.4,3135091,AMZN
18-04-2013,266.81,266.99,256.6,259.42,3137451,AMZN
19-04-2013,258.16,262.88,257.5,260.32,2602470,AMZN
22-04-2013,259.35,264.6,258.03,263.55,2119071,AMZN
23-04-2013,264.5,269.87,264.5,268.9,2270594,AMZN
24-04-2013,269.5,271.47,266.81,268.78,1851390,AMZN
25-04-2013,271.53,275.8,270.5,274.7,6011863,AMZN
26-04-2013,269.97,272.02,252.81,254.81,14029220,AMZN
29-04-2013,254.9,257.01,249.15,249.74,7110750,AMZN
30-04-2013,249.37,254.68,248.56,253.81,4248790,AMZN
01-05-2013,253.9,254.2,245.75,248.23,4391302,AMZN
02-05-2013,248.94,252.93,245.78,252.55,3922605,AMZN
03-05-2013,256.14,259.25,254.7,258.05,3513934,AMZN
06-05-2013,258.09,259.5,253.42,255.72,2347669,AMZN
07-05-2013,256.31,259.74,252.91,257.73,3133399,AMZN
08-05-2013,256.87,260.3,255.33,258.68,2676986,AMZN
09-05-2013,258.73,263.55,256.88,260.16,2769255,AMZN
10-05-2013,260.88,263.65,260.21,263.63,3144719,AMZN
13-05-2013,262.77,265.88,262,264.51,2149398,AMZN
14-05-2013,264.5,269.4,264.03,268.33,2699755,AMZN
15-05-2013,267.07,269.05,264.56,266.56,2719687,AMZN
16-05-2013,265.96,268.43,263.85,264.12,1643068,AMZN
17-05-2013,265.83,269.98,265,269.9,2527271,AMZN
20-05-2013,269,271.79,266.5,267.63,2208934,AMZN
21-05-2013,268.74,270.77,267.66,268.86,1740956,AMZN
22-05-2013,267.39,267.59,260.8,262.96,3331960,AMZN
23-05-2013,260.49,263.17,259.59,261.8,2000141,AMZN
24-05-2013,259.85,261.93,258.34,261.74,1696290,AMZN
28-05-2013,266.48,271.1,266,267.29,3470157,AMZN
29-05-2013,265.46,268.25,264.84,265.53,1903390,AMZN
30-05-2013,265.71,268.57,265.62,266.83,1667469,AMZN
31-05-2013,266,271.91,265.94,269.2,3374188,AMZN
03-06-2013,268.96,269.11,262.95,266.88,2543880,AMZN
04-06-2013,267,268.88,263.02,265.7,2088072,AMZN
05-06-2013,265.81,271.66,265.02,267.17,3511955,AMZN
06-06-2013,267.75,270.5,264.21,267.83,2468970,AMZN
07-06-2013,269.74,280.1,269.13,276.87,4632239,AMZN
10-06-2013,276.68,282.47,275.24,281.07,3084405,AMZN
11-06-2013,276,278.41,274.24,274.78,3097745,AMZN
12-06-2013,276.6,276.8,270.45,271.67,2237998,AMZN
13-06-2013,271.5,276.8,270.29,275.79,2649715,AMZN
14-06-2013,275,277.07,273.44,273.99,2150543,AMZN
17-06-2013,276.35,280.2,275.65,278.06,2883867,AMZN
18-06-2013,279.08,282.91,278.11,281.76,2146005,AMZN
19-06-2013,281.26,283.34,277.87,278.16,2827248,AMZN
20-06-2013,275.14,278.6,272.39,273.44,2983983,AMZN
21-06-2013,274.57,275.84,269.79,273.36,4202058,AMZN
24-06-2013,271.29,273.16,265,270.61,3863764,AMZN
25-06-2013,272.3,273.47,269,272.09,2449510,AMZN
26-06-2013,273.98,277.98,273.5,277.57,3029016,AMZN
27-06-2013,279.18,280.2,274.54,277.55,2519422,AMZN
28-06-2013,276.19,279.83,276.19,277.69,3193262,AMZN
01-07-2013,279,283.29,277.16,282.1,2888140,AMZN
02-07-2013,281.04,286.58,280.59,283.73,3238108,AMZN
03-07-2013,282.6,285.4,282,284.03,1380205,AMZN
05-07-2013,285,286.38,282.07,285.88,1985323,AMZN
08-07-2013,286.42,291.67,286.14,290.59,3046664,AMZN
09-07-2013,291,292.57,288.01,291.53,2749006,AMZN
10-07-2013,291.41,293.34,289.4,292.33,1822877,AMZN
11-07-2013,294.99,300.69,292.1,299.66,4007201,AMZN
12-07-2013,298.69,307.55,298.5,307.55,4538473,AMZN
15-07-2013,307.27,307.99,304.35,306.57,2245387,AMZN
16-07-2013,307.3,309.39,305.51,306.87,2660120,AMZN
17-07-2013,306.97,308.8,305.69,308.69,2029681,AMZN
18-07-2013,306.27,306.34,301.87,304.11,3060805,AMZN
19-07-2013,304.39,305.79,301.91,305.23,2973041,AMZN
22-07-2013,309.25,309.25,302,303.48,2520663,AMZN
23-07-2013,303.16,305.06,300.56,301.06,1999344,AMZN
24-07-2013,303.02,303.84,298.04,298.94,1999684,AMZN
25-07-2013,299,304.5,296.75,303.4,5394295,AMZN
26-07-2013,299.55,313.62,295.55,312.01,8817434,AMZN
29-07-2013,311.07,313,305.9,306.1,3212185,AMZN
30-07-2013,307.72,309.78,301.57,302.41,3053675,AMZN
31-07-2013,303.91,305.15,301,301.22,1891314,AMZN
01-08-2013,303.08,306.21,298.91,305.57,2968844,AMZN
02-08-2013,304.63,305.33,301.5,304.21,2502646,AMZN
05-08-2013,303.4,303.62,298.3,300.99,2233158,AMZN
06-08-2013,300.51,301.36,297.52,300.75,1848951,AMZN
07-08-2013,300.15,300.99,296.15,296.91,1963010,AMZN
08-08-2013,298.52,298.52,292.55,295.74,2343430,AMZN
09-08-2013,295.68,299.27,294.3,297.26,1950386,AMZN
12-08-2013,295.79,299.08,295.26,296.69,1504525,AMZN
13-08-2013,295.88,296.37,290.67,293.97,2349902,AMZN
14-08-2013,294.29,294.29,290.54,291.34,1414976,AMZN
15-08-2013,288.79,289.3,285.15,286.47,2261393,AMZN
16-08-2013,286.55,288.33,284.5,284.82,2422856,AMZN
19-08-2013,285.19,289.56,283.48,285.57,2477429,AMZN
20-08-2013,285.88,289.52,285.74,287.09,1585260,AMZN
21-08-2013,285.09,288.5,283.83,284.57,1815346,AMZN
22-08-2013,284.8,289.87,284.8,289.73,1421959,AMZN
23-08-2013,291.21,291.5,287.9,290.01,1967485,AMZN
26-08-2013,290.43,291.05,285.62,286.21,1717000,AMZN
27-08-2013,283.87,285.28,279.74,280.93,2475209,AMZN
28-08-2013,280.36,283,279.33,281.58,1457146,AMZN
29-08-2013,281.45,285.98,280,283.98,1566414,AMZN
30-08-2013,284.59,284.87,280,280.98,1534706,AMZN
03-09-2013,284.73,291.39,284.17,288.8,2897569,AMZN
04-09-2013,288.33,295.23,287.58,293.64,2438551,AMZN
05-09-2013,293.63,297,292.71,294.1,1818815,AMZN
06-09-2013,295.33,298.88,290.8,295.86,2291973,AMZN
09-09-2013,297.22,299.96,296.6,299.71,1643573,AMZN
10-09-2013,300.55,301,297.22,300.36,1778437,AMZN
11-09-2013,298.91,301.86,297.84,299.64,1742677,AMZN
12-09-2013,299.39,302,297.66,298.86,1606193,AMZN
13-09-2013,300.14,300.22,296.2,297.92,1350645,AMZN
16-09-2013,299.82,301,295.26,296.06,1818071,AMZN
17-09-2013,297.63,304.65,296.01,304.17,2297156,AMZN
18-09-2013,304.06,312.74,302.91,312.03,2946338,AMZN
19-09-2013,313.77,314.54,311.04,312.06,2350946,AMZN
20-09-2013,312.54,320.57,312.41,316.34,5302279,AMZN
23-09-2013,314.01,315.9,308.77,311.49,1884997,AMZN
24-09-2013,312.43,318.08,311.28,314.13,2009851,AMZN
25-09-2013,314.53,316.71,310.75,312.65,2008557,AMZN
26-09-2013,313.9,319.37,313.26,318.12,1990182,AMZN
27-09-2013,316.92,317.21,313.35,316.01,1657457,AMZN
30-09-2013,313.41,315.31,311.06,312.64,1624804,AMZN
01-10-2013,314.22,321,313.65,320.95,2398193,AMZN
02-10-2013,318.04,321.73,317.52,320.51,2217873,AMZN
03-10-2013,320.39,322.92,313.02,314.76,2674841,AMZN
04-10-2013,315.13,319.2,312.62,319.04,1814976,AMZN
07-10-2013,315.24,315.34,309.74,310.03,2084585,AMZN
08-10-2013,311.5,311.55,300.27,303.23,3172022,AMZN
09-10-2013,303.42,303.5,296.5,298.23,3247549,AMZN
10-10-2013,304.63,306.7,302.59,305.17,2557138,AMZN
11-10-2013,304.77,310.93,303.84,310.89,2163093,AMZN
14-10-2013,309.22,311.65,307,310.7,1939092,AMZN
15-10-2013,309.87,310.79,305.26,306.4,2261554,AMZN
16-10-2013,308.38,310.8,305.55,310.49,2180521,AMZN
17-10-2013,307.07,311,305.24,310.77,2648384,AMZN
18-10-2013,319.36,331.89,316.75,328.93,5969814,AMZN
21-10-2013,329.89,330,323.8,326.44,2527617,AMZN
22-10-2013,327.72,337.11,325.68,332.54,3942953,AMZN
23-10-2013,330.84,331.72,324.06,326.76,2818158,AMZN
24-10-2013,329.63,332.65,326.75,332.21,5884655,AMZN
25-10-2013,358.6,368.4,352.62,363.39,12043903,AMZN
28-10-2013,359.92,362.75,357.2,358.16,3635848,AMZN
29-10-2013,358.96,362.89,356.29,362.7,2190763,AMZN
30-10-2013,362.62,365,358.65,361.08,4505005,AMZN
31-10-2013,361.73,366,359,364.03,2466937,AMZN
01-11-2013,365.63,365.77,356.1,359,3332126,AMZN
04-11-2013,360.12,361,354.4,358.74,1940496,AMZN
05-11-2013,356.78,360.17,354.84,358.89,2007275,AMZN
06-11-2013,360.45,362.87,354.5,356.18,2288077,AMZN
07-11-2013,355.86,357.9,341.88,343.56,4250065,AMZN
08-11-2013,345.95,351.05,344.04,350.31,2656865,AMZN
11-11-2013,350.59,355.37,348.06,354.38,2262538,AMZN
12-11-2013,352.99,355.48,347.28,349.53,2344304,AMZN
13-11-2013,347.4,356.22,345.68,356.22,2777832,AMZN
14-11-2013,357.39,368.94,356.43,367.4,4164128,AMZN
15-11-2013,367.63,372.9,365.55,369.17,4494773,AMZN
18-11-2013,370.28,373.49,364.67,366.18,2738214,AMZN
19-11-2013,365.82,368.78,362.5,364.94,1904797,AMZN
20-11-2013,367.56,367.56,360.45,362.57,1772984,AMZN
21-11-2013,364.05,369.25,363.3,368.92,1967041,AMZN
22-11-2013,370,374.5,366.31,372.31,2967833,AMZN
25-11-2013,373.82,377.79,373.18,376.64,2972546,AMZN
26-11-2013,377.61,382.5,374.82,381.37,2730689,AMZN
27-11-2013,383.5,387,382.61,386.71,2269656,AMZN
29-11-2013,389.1,394.1,388.62,393.62,2405985,AMZN
02-12-2013,399,399,389.1,392.3,4718883,AMZN
03-12-2013,390.11,390.95,383.1,384.66,3707536,AMZN
04-12-2013,383.5,389.69,381.49,385.96,2355719,AMZN
05-12-2013,386.65,386.65,381.37,384.49,1906452,AMZN
06-12-2013,388.35,388.35,383.83,386.95,1987762,AMZN
09-12-2013,388.11,388.21,382.57,384.89,2766573,AMZN
10-12-2013,383.74,389.06,383.02,387.78,2739875,AMZN
11-12-2013,387.34,388.98,382,382.19,2451254,AMZN
12-12-2013,381.26,385,379.5,381.25,2123652,AMZN
13-12-2013,385.32,389.42,383.8,384.24,3025145,AMZN
16-12-2013,385.03,391.7,385,388.97,2258884,AMZN
17-12-2013,390.65,391.36,386.5,387.65,2348377,AMZN
18-12-2013,389.23,396.3,383.1,395.96,3493635,AMZN
19-12-2013,394.27,397.29,392.6,395.19,2429598,AMZN
20-12-2013,396.55,404.72,395.78,402.2,5038537,AMZN
23-12-2013,403.69,405,399.2,402.92,2661823,AMZN
24-12-2013,402.52,403.72,396.37,399.2,1380373,AMZN
26-12-2013,401.79,404.52,396.81,404.39,1871590,AMZN
27-12-2013,404.65,405.63,396.25,398.08,1987280,AMZN
30-12-2013,399.41,399.92,392.45,393.37,2487812,AMZN
31-12-2013,394.58,398.83,393.8,398.79,1997051,AMZN
02-01-2014,398.8,399.36,394.02,397.97,2140246,AMZN
03-01-2014,398.29,402.71,396.22,396.44,2213512,AMZN
06-01-2014,395.85,397,388.42,393.63,3172207,AMZN
07-01-2014,395.04,398.47,394.29,398.03,1916684,AMZN
08-01-2014,398.47,403,396.04,401.92,2316903,AMZN
09-01-2014,403.71,406.89,398.44,401.01,2103793,AMZN
10-01-2014,402.53,403.76,393.8,397.66,2681701,AMZN
13-01-2014,397.98,399.78,388.45,390.98,2846507,AMZN
14-01-2014,392.13,398.63,391.29,397.54,2340401,AMZN
15-01-2014,398.94,399.31,392.53,395.87,2678794,AMZN
16-01-2014,393.68,399.29,389.41,395.8,2602506,AMZN
17-01-2014,394.26,403.49,393.66,399.61,4508791,AMZN
21-01-2014,403,407.8,401.6,407.05,3122705,AMZN
22-01-2014,408,408.06,402,404.54,2069759,AMZN
23-01-2014,401,406.17,397.79,399.87,3026272,AMZN
24-01-2014,398.16,400.2,387.27,387.6,4513038,AMZN
27-01-2014,390.5,394.1,380.49,386.28,3944752,AMZN
28-01-2014,387.4,394.74,387.12,394.43,2901611,AMZN
29-01-2014,392.16,392.85,383.24,384.2,3399294,AMZN
30-01-2014,393.77,406.25,387.7,403.01,10900116,AMZN
31-01-2014,371.76,375.45,357.76,358.69,16181519,AMZN
03-02-2014,358.98,360.85,340.1,346.15,10290934,AMZN
04-02-2014,349.59,354,344.02,347.95,4821177,AMZN
05-02-2014,346,349.37,337.73,346.45,4439010,AMZN
06-02-2014,347.4,354.82,347.4,354.59,3340542,AMZN
07-02-2014,358.98,361.8,352.49,361.08,4347189,AMZN
10-02-2014,361.61,365,359.35,360.87,3451093,AMZN
11-02-2014,361.84,363.61,356.25,361.79,3225200,AMZN
12-02-2014,356.43,357.75,346.32,349.25,6599199,AMZN
13-02-2014,347.7,357.2,346.5,357.2,4181445,AMZN
14-02-2014,359.34,359.34,353.35,357.35,3524570,AMZN
18-02-2014,355.28,355.73,349.45,353.65,5000493,AMZN
19-02-2014,352.64,354.54,346.1,347.38,4175393,AMZN
20-02-2014,348.8,350.46,344.38,349.8,3496663,AMZN
21-02-2014,352.44,354.14,346.75,346.76,4212144,AMZN
24-02-2014,345.19,353,343.29,351.78,3647182,AMZN
25-02-2014,353,361.08,351.58,358.32,3747076,AMZN
26-02-2014,359.86,364.75,357.17,359.8,3622506,AMZN
27-02-2014,357.22,360.59,355.5,360.13,3105442,AMZN
28-02-2014,360.6,365.87,357.08,362.1,3885207,AMZN
03-03-2014,358.74,360.96,354.48,359.78,2798230,AMZN
04-03-2014,363.9,365.68,362.46,363.9,2706843,AMZN
05-03-2014,364.13,372.73,363.9,372.37,3862706,AMZN
06-03-2014,374.05,375.33,368.9,372.16,2927497,AMZN
07-03-2014,374.58,374.99,369.53,372.06,2280358,AMZN
10-03-2014,372.69,372.73,367,370.53,2107820,AMZN
11-03-2014,370.99,372.8,367.28,368.82,2248019,AMZN
12-03-2014,366.4,371.16,363.61,370.64,2219663,AMZN
13-03-2014,376.62,383.11,368.08,371.51,6829047,AMZN
14-03-2014,372.8,378.57,371.55,373.74,4402220,AMZN
17-03-2014,375.72,378.85,374.88,375.04,2306821,AMZN
18-03-2014,377.32,379,375,378.77,2483508,AMZN
19-03-2014,378.77,379,369.42,373.23,2646687,AMZN
20-03-2014,370.64,373,366.22,368.97,2558460,AMZN
21-03-2014,371,372.84,358.4,360.62,5417935,AMZN
24-03-2014,360.09,361.5,348.6,351.85,4879627,AMZN
25-03-2014,354.03,358.97,348.84,354.71,4455703,AMZN
26-03-2014,357.13,357.6,343.4,343.41,4120665,AMZN
27-03-2014,343.15,344,330.88,338.47,5770462,AMZN
28-03-2014,340.05,347,336.08,338.29,3986782,AMZN
31-03-2014,342.4,346.29,334.06,336.37,4297487,AMZN
01-04-2014,338.09,344.43,338,342.99,3602899,AMZN
02-04-2014,345.99,348.3,340.38,341.96,4465927,AMZN
03-04-2014,341.82,342.5,328.46,333.62,6399299,AMZN
04-04-2014,335.15,335.44,315.61,323,12534578,AMZN
07-04-2014,320.99,324.94,313.13,317.76,7077360,AMZN
08-04-2014,321.88,328,318.44,327.07,6585583,AMZN
09-04-2014,328.47,332.18,322.5,331.81,5058664,AMZN
10-04-2014,330.6,331,316.5,317.11,6133376,AMZN
11-04-2014,314,316.5,309.5,311.73,7292028,AMZN
14-04-2014,317.67,320.48,311.28,315.91,4293532,AMZN
15-04-2014,316.7,318.28,305.5,316.08,5399337,AMZN
16-04-2014,321.17,324,314.71,323.68,4285901,AMZN
17-04-2014,319.76,328.66,319.76,324.91,4300378,AMZN
21-04-2014,323.97,331.15,322.31,330.87,3000598,AMZN
22-04-2014,332,337.5,328.94,329.32,3714288,AMZN
23-04-2014,333.06,333.13,323.39,324.58,3604586,AMZN
24-04-2014,329.67,337.4,322.95,337.15,9293735,AMZN
25-04-2014,316.25,316.49,302.71,303.83,16186737,AMZN
28-04-2014,304,304.39,288,296.58,14479803,AMZN
29-04-2014,296.44,301.84,290.45,300.38,6510591,AMZN
30-04-2014,298.1,304.56,298.1,304.13,4090006,AMZN
01-05-2014,304.13,310.48,304,307.89,4329167,AMZN
02-05-2014,310.42,313.29,304.31,308.01,3995218,AMZN
05-05-2014,306.37,310.23,305,310.05,2520300,AMZN
06-05-2014,309.53,309.81,297.04,297.38,4682327,AMZN
07-05-2014,295.56,296.4,286.68,292.71,7016937,AMZN
08-05-2014,290.82,295.88,287.23,288.32,3848996,AMZN
09-05-2014,290.57,293.68,284.38,292.24,4062984,AMZN
12-05-2014,294.3,303.34,294.16,302.86,3735443,AMZN
13-05-2014,302.6,305.6,300.75,304.64,3509937,AMZN
14-05-2014,302.5,304.64,296.66,297.62,3328414,AMZN
15-05-2014,298.02,299.2,290.38,295.19,4299530,AMZN
16-05-2014,292.8,298.88,291.55,297.7,3637649,AMZN
19-05-2014,295.76,299,293.81,296.76,2286313,AMZN
20-05-2014,297.1,304.46,296.75,301.19,4096308,AMZN
21-05-2014,302.21,305.96,301.52,305.01,3409200,AMZN
22-05-2014,305.05,308.54,303.01,304.91,2576888,AMZN
23-05-2014,305.46,312.35,304.9,312.24,3055997,AMZN
27-05-2014,314.41,314.63,307.38,310.82,4864163,AMZN
28-05-2014,309.5,313.82,307.42,310.16,2726803,AMZN
29-05-2014,310.42,314.87,310.2,313.78,2365679,AMZN
30-05-2014,314.43,314.65,307.57,312.55,4260624,AMZN
02-06-2014,312.59,312.6,307,308.84,2205909,AMZN
03-06-2014,305.75,307.92,305.07,307.19,2379273,AMZN
04-06-2014,306.85,309.5,303.84,306.78,2111176,AMZN
05-06-2014,308.1,327.94,306.9,323.57,7803760,AMZN
06-06-2014,325,330.88,324.93,329.67,5246723,AMZN
09-06-2014,331.57,333,325.65,327.5,3212755,AMZN
10-06-2014,327.65,335.5,327.5,332.41,3668904,AMZN
11-06-2014,336,340.72,333.88,335.2,4439178,AMZN
12-06-2014,335.55,335.55,324.66,325.91,4276316,AMZN
13-06-2014,327.05,329.3,323.53,326.27,2766909,AMZN
16-06-2014,324.86,328.69,323.52,327.62,2449843,AMZN
17-06-2014,327.54,331.34,325.23,325.62,2924058,AMZN
18-06-2014,328,335.75,325,334.38,6409334,AMZN
19-06-2014,335.26,338.9,325.98,327,5327002,AMZN
20-06-2014,327.76,328.22,320.42,324.2,6056210,AMZN
23-06-2014,323.33,327.55,321.41,327.24,2609628,AMZN
24-06-2014,327.54,329.73,322.74,324.16,2627978,AMZN
25-06-2014,324.33,328.15,321.74,327.44,2328006,AMZN
26-06-2014,328.49,328.65,322.13,325.69,2699908,AMZN
27-06-2014,325.88,326.52,323.27,324.57,2419626,AMZN
30-06-2014,324.98,326.98,322.24,324.78,2672165,AMZN
01-07-2014,325.86,333.2,325.1,332.39,3178548,AMZN
02-07-2014,333.2,336.76,331.66,332.85,2681578,AMZN
03-07-2014,334.83,338.3,333.08,337.49,1944300,AMZN
07-07-2014,337.5,337.55,332.52,333.55,2130028,AMZN
08-07-2014,333.1,333.74,321.4,323.81,4275447,AMZN
09-07-2014,324.71,330.2,323.15,329.97,3167133,AMZN
10-07-2014,324.34,329.98,322.65,327.92,2665753,AMZN
11-07-2014,334.71,347,334.71,346.2,8309079,AMZN
14-07-2014,347.03,355.77,345.36,355.32,5615482,AMZN
15-07-2014,353.72,355.59,349.4,354.44,4176758,AMZN
16-07-2014,355.62,359.32,353,355.9,3505023,AMZN
17-07-2014,353.44,356.96,351.38,352.45,3640290,AMZN
18-07-2014,354.4,359.68,352.08,358.66,3410032,AMZN
21-07-2014,358.1,361.71,356.72,359.76,2282741,AMZN
22-07-2014,355.25,362.93,355.25,360.84,2889366,AMZN
23-07-2014,359.05,360.63,356.62,358.14,2688761,AMZN
24-07-2014,359.98,364.85,358.52,358.61,7088655,AMZN
25-07-2014,317.3,324.87,314.76,324.01,17855141,AMZN
28-07-2014,324.25,324.82,316.5,320.41,5933999,AMZN
29-07-2014,321.98,322.9,319.5,320,2885644,AMZN
30-07-2014,321.45,322.73,318.5,322.51,3973213,AMZN
31-07-2014,320.01,320.68,311.86,312.99,5193770,AMZN
01-08-2014,313.69,315.83,304.59,307.06,7443091,AMZN
04-08-2014,308.84,316.18,308.5,313.65,4208660,AMZN
05-08-2014,313.3,314.55,310.06,312.32,2856294,AMZN
06-08-2014,310.83,315.78,310.2,313.89,2297476,AMZN
07-08-2014,315.21,315.88,309.66,311.45,2936913,AMZN
08-08-2014,311.94,317.32,310.66,316.8,2708416,AMZN
11-08-2014,318.48,320.38,316.88,318.33,2472819,AMZN
12-08-2014,318.89,321.31,316.95,319.32,1916143,AMZN
13-08-2014,327.6,331.72,326.14,326.28,4938152,AMZN
14-08-2014,327.8,334.09,326.71,333.21,3420646,AMZN
15-08-2014,334,335,328.32,333.63,3897928,AMZN
18-08-2014,335.48,337.8,333.77,334.53,2488186,AMZN
19-08-2014,334.87,335.81,333.01,335.13,1714120,AMZN
20-08-2014,334.68,337.16,334.02,335.78,1811462,AMZN
21-08-2014,336.48,336.58,332.23,332.91,1975792,AMZN
22-08-2014,332.99,334.08,330.8,331.59,2212965,AMZN
25-08-2014,333.21,336.77,332.71,334.02,1960978,AMZN
26-08-2014,337,344.36,334.55,341.83,3654702,AMZN
27-08-2014,342.09,346.67,341.34,343.18,2961767,AMZN
28-08-2014,340,341.79,338.8,340.02,2254725,AMZN
29-08-2014,341.76,341.82,337.68,339.04,1939848,AMZN
02-09-2014,339.98,342.5,337.16,342.38,2328881,AMZN
03-09-2014,342.54,343.27,337.55,339,1998540,AMZN
04-09-2014,343.69,349.38,343.58,345.95,3965557,AMZN
05-09-2014,346.3,346.83,342.5,346.38,2111220,AMZN
08-09-2014,344.54,345.81,339.04,342.34,2960693,AMZN
09-09-2014,341.61,341.76,329.18,329.75,4646832,AMZN
10-09-2014,334.3,334.98,328.82,331.33,3798904,AMZN
11-09-2014,329.94,333.01,326.39,330.52,2721893,AMZN
12-09-2014,329.56,332.89,328.79,331.19,3429727,AMZN
15-09-2014,330.91,331.33,319,323.89,4006918,AMZN
16-09-2014,321.07,329.48,320.1,327.76,3265860,AMZN
17-09-2014,327.76,328,321.52,324,4138950,AMZN
18-09-2014,325.44,327.1,323.71,325,2577706,AMZN
19-09-2014,327.6,332.76,325.57,331.32,6886382,AMZN
22-09-2014,328.49,329.49,321.06,324.5,3118649,AMZN
23-09-2014,322.46,327.6,321.25,323.63,2353590,AMZN
24-09-2014,324.17,329.44,319.56,328.21,2647232,AMZN
25-09-2014,327.99,328.54,321.4,321.93,2934944,AMZN
26-09-2014,320.6,323.5,317.64,323.21,3639155,AMZN
29-09-2014,320.5,323.75,319,321.82,1929589,AMZN
30-09-2014,321.36,323.43,318.51,322.44,2639967,AMZN
01-10-2014,322.04,322.17,315.55,317.46,3096735,AMZN
02-10-2014,316.92,318.53,311.31,318.41,3553944,AMZN
03-10-2014,320.36,325.16,319.53,322.74,3037891,AMZN
06-10-2014,323.5,324.13,319.6,322.2,2294194,AMZN
07-10-2014,319.43,322,316.67,316.98,2365698,AMZN
08-10-2014,316.58,324.11,314.14,322.7,3458960,AMZN
09-10-2014,321.49,322.27,314.52,315.37,3589464,AMZN
10-10-2014,314.02,317.77,311.38,311.39,3684314,AMZN
13-10-2014,309.87,313.2,303.47,306.45,4369850,AMZN
14-10-2014,308,312.24,305.75,308.31,3385809,AMZN
15-10-2014,304.35,307.9,299.1,305.97,5348254,AMZN
16-10-2014,293.83,306.82,293.83,302.86,4731866,AMZN
17-10-2014,307.15,309.2,302.72,303.64,4409218,AMZN
20-10-2014,302.95,306.53,302.02,306.21,3239490,AMZN
21-10-2014,309.9,315.64,307.07,315.33,3563351,AMZN
22-10-2014,315.43,318.98,312.64,312.97,3130049,AMZN
23-10-2014,313.4,316.8,311.4,313.18,9038193,AMZN
24-10-2014,284.4,293.81,284,287.06,19805911,AMZN
27-10-2014,285.7,290.42,285.02,289.97,5950594,AMZN
28-10-2014,289.76,298,289.76,295.59,5576646,AMZN
29-10-2014,299.11,299.61,293.07,294.12,4883259,AMZN
30-10-2014,293.98,299.74,292.36,299.07,4055155,AMZN
31-10-2014,305.15,305.72,301.5,305.46,4551795,AMZN
03-11-2014,306.24,308.01,303.24,305.72,3244150,AMZN
04-11-2014,303.99,304.25,300.17,302.81,3427384,AMZN
05-11-2014,303.01,304,294.16,296.52,4674492,AMZN
06-11-2014,296.69,297,292.29,296.64,3758121,AMZN
07-11-2014,297.82,299.99,296.29,299.86,2647352,AMZN
10-11-2014,300,305.8,300,305.11,2809056,AMZN
11-11-2014,305.94,312.38,303.65,312.01,3807333,AMZN
12-11-2014,310.75,312.58,308.79,311.51,2182982,AMZN
13-11-2014,312,317.89,311.51,316.48,3686428,AMZN
14-11-2014,317.12,332.88,316.4,327.82,8877785,AMZN
17-11-2014,326.44,328,318.03,323.05,4784933,AMZN
18-11-2014,323.99,329.56,323.25,324.93,3551161,AMZN
19-11-2014,327.25,328.4,324.02,326.54,3281614,AMZN
20-11-2014,324,332.67,323.33,330.54,3436721,AMZN
21-11-2014,335.42,338.33,331.47,332.63,4466587,AMZN
24-11-2014,334.78,337.39,333.6,335.64,2754186,AMZN
25-11-2014,335.27,336.33,331.28,335.04,2564989,AMZN
26-11-2014,333.78,334.65,331.75,333.57,1985949,AMZN
28-11-2014,336.03,341.26,336.03,338.64,3051798,AMZN
01-12-2014,338.12,340.64,325.93,326,4944861,AMZN
02-12-2014,327.5,327.93,323.25,326.31,2790257,AMZN
03-12-2014,325.73,326.77,314.36,316.5,5689904,AMZN
04-12-2014,315.53,318.59,313.47,316.93,3296642,AMZN
05-12-2014,316.8,316.93,310.84,312.63,3265214,AMZN
08-12-2014,311.57,316.56,304.82,306.64,3639180,AMZN
09-12-2014,302.99,313.64,301.14,312.5,4049506,AMZN
10-12-2014,312,313.19,304.68,305.84,3245890,AMZN
11-12-2014,307.89,312.64,306.01,307.36,3272919,AMZN
12-12-2014,303.99,310.64,303.01,307.32,3162322,AMZN
15-12-2014,308.87,310.86,302.15,306.07,3841577,AMZN
16-12-2014,304.35,304.49,295.01,295.06,6501252,AMZN
17-12-2014,296.37,299.67,293.03,298.88,4433505,AMZN
18-12-2014,304.01,304.5,293.25,297.73,7738067,AMZN
19-12-2014,296.91,301.54,295.52,299.9,8709129,AMZN
22-12-2014,301.94,307.36,301.94,306.54,4003827,AMZN
23-12-2014,306.98,307.49,303.25,306.29,2718359,AMZN
24-12-2014,306.38,307,302.88,303.03,1518107,AMZN
26-12-2014,305,310.78,303.81,309.09,2893801,AMZN
29-12-2014,307.85,314.27,306.58,312.04,3009046,AMZN
30-12-2014,309.91,313.94,309.34,310.3,2093023,AMZN
31-12-2014,311.55,312.98,310.01,310.35,2057766,AMZN
02-01-2015,312.58,314.75,306.96,308.52,2788101,AMZN
05-01-2015,307.01,308.38,300.85,302.19,2774231,AMZN
06-01-2015,302.24,303,292.38,295.29,3519034,AMZN
07-01-2015,297.5,301.28,295.33,298.42,2640349,AMZN
08-01-2015,300.32,303.14,296.11,300.46,3088398,AMZN
09-01-2015,301.48,302.87,296.68,296.93,2592360,AMZN
12-01-2015,297.56,298.51,289.28,291.41,3421392,AMZN
13-01-2015,297.48,301.5,293.23,294.74,4136442,AMZN
14-01-2015,291.93,295.91,286.5,293.27,5538666,AMZN
15-01-2015,294,296,286.82,286.95,4419196,AMZN
16-01-2015,286.28,290.79,285.25,290.74,3478176,AMZN
20-01-2015,292.59,293.36,286.39,289.44,3075081,AMZN
21-01-2015,289.64,306,287.26,297.25,10065076,AMZN
22-01-2015,300,312.25,300,310.32,5362640,AMZN
23-01-2015,308.08,316.93,307.72,312.39,4496419,AMZN
26-01-2015,311.82,313,307.52,309.66,3169665,AMZN
27-01-2015,306.3,310.24,302.63,306.75,2920315,AMZN
28-01-2015,309.81,311.51,303.8,303.91,3063774,AMZN
29-01-2015,304.73,312.8,299.33,311.78,8656567,AMZN
30-01-2015,346.32,359.5,340.74,354.53,23856060,AMZN
02-02-2015,350.05,365,350.01,364.47,10231914,AMZN
03-02-2015,360.29,367.82,360.21,363.55,6212565,AMZN
04-02-2015,358.38,367.5,358.23,364.75,4169927,AMZN
05-02-2015,366,378.8,365.9,373.89,7247605,AMZN
06-02-2015,374.87,375.99,371.01,374.28,3892382,AMZN
09-02-2015,371,374.41,367.2,370.56,2724630,AMZN
10-02-2015,371.19,374.3,368.51,373,2287232,AMZN
11-02-2015,371.23,377.1,371.1,375.14,2786523,AMZN
12-02-2015,375.1,378.51,373.15,377.17,2791050,AMZN
13-02-2015,378.41,383,377.01,381.83,3475069,AMZN
17-02-2015,377.72,379.99,372.67,375.43,3673208,AMZN
18-02-2015,373.78,376.74,372.85,373.37,2650610,AMZN
19-02-2015,373.49,381.88,373.43,379,2953752,AMZN
20-02-2015,378.62,383.7,375.84,383.66,3258023,AMZN
23-02-2015,383.44,384.54,378,380.14,2176989,AMZN
24-02-2015,378.65,380.48,376.16,378.59,1921850,AMZN
25-02-2015,377.27,387.85,376.54,385.37,3174495,AMZN
26-02-2015,384.07,389.37,383.28,384.8,2687107,AMZN
27-02-2015,384,385.99,379.79,380.16,2532309,AMZN
02-03-2015,380.85,385.9,379.48,385.66,2139205,AMZN
03-03-2015,383.95,386.1,381.6,384.61,1946498,AMZN
04-03-2015,385.71,387.9,382.19,382.72,2259141,AMZN
05-03-2015,385.61,388.42,383.89,387.83,2693518,AMZN
06-03-2015,385.52,387,378.88,380.09,2627042,AMZN
09-03-2015,378.4,379.33,375.28,378.56,2311390,AMZN
10-03-2015,377.45,377.77,369.18,369.51,3120972,AMZN
11-03-2015,370.61,373.35,366.26,366.37,2495097,AMZN
12-03-2015,368.82,375.5,367.52,374.24,2810001,AMZN
13-03-2015,371.52,373.99,366.68,370.58,2611658,AMZN
16-03-2015,370.38,373.94,366.72,373.35,2354059,AMZN
17-03-2015,371.11,374.5,369.64,371.92,2036961,AMZN
18-03-2015,369.97,375.99,366.7,375.14,2654135,AMZN
19-03-2015,373.87,377.11,372.19,373.24,1915671,AMZN
20-03-2015,376.29,379.37,375.92,378.49,3763553,AMZN
23-03-2015,378.07,381.77,374.94,375.11,2239343,AMZN
24-03-2015,373.99,375.24,372.27,374.09,2228214,AMZN
25-03-2015,375.17,380.5,370.29,370.96,3429497,AMZN
26-03-2015,369.59,371.4,365.65,367.35,2929962,AMZN
27-03-2015,367.11,373.17,366.57,370.56,2609774,AMZN
30-03-2015,371.87,376.12,371.55,374.59,1820933,AMZN
31-03-2015,373.24,377.7,371.51,372.1,2506122,AMZN
01-04-2015,372.1,373.16,368.34,370.26,2458095,AMZN
02-04-2015,370.5,373.28,369,372.25,1875279,AMZN
06-04-2015,370.1,380.2,369.36,377.04,3050709,AMZN
07-04-2015,376.15,379.31,374.03,374.41,1954902,AMZN
08-04-2015,374.66,381.58,374.65,381.2,2636434,AMZN
09-04-2015,380.66,384.42,378.8,383.54,2392328,AMZN
10-04-2015,384.31,387.12,381.32,382.65,2573519,AMZN
13-04-2015,383.53,385.28,380.14,382.36,1894453,AMZN
14-04-2015,383.51,387.81,381.21,385.11,2583575,AMZN
15-04-2015,384.65,385.78,381.64,383.45,1933229,AMZN
16-04-2015,383.69,387.45,383.55,386.04,2080418,AMZN
17-04-2015,382.63,383.56,374.4,375.56,3839664,AMZN
20-04-2015,378.55,391.94,377,389.51,5016148,AMZN
21-04-2015,391.31,394.6,386.8,391.18,4643524,AMZN
22-04-2015,391.91,394.28,388,389.8,3474724,AMZN
23-04-2015,390.21,391.88,386.15,389.99,7979985,AMZN
24-04-2015,439,452.65,439,445.1,17176904,AMZN
27-04-2015,443.86,446.99,437.41,438.56,5430949,AMZN
28-04-2015,438.51,439,428.04,429.31,4140483,AMZN
29-04-2015,426.75,434.24,426.03,429.37,3621688,AMZN
30-04-2015,427.11,431.75,419.24,421.78,3647877,AMZN
01-05-2015,423.82,425.64,416,422.87,3565824,AMZN
04-05-2015,424.8,429.77,422.42,423.04,2270448,AMZN
05-05-2015,422.85,427.51,421.02,421.19,2856386,AMZN
06-05-2015,421.43,422.72,414.55,419.1,2552474,AMZN
07-05-2015,424.15,428.5,422.85,426.88,2766132,AMZN
08-05-2015,430.75,435.2,430.17,433.69,2908838,AMZN
11-05-2015,432.51,439,431.37,432.85,2393737,AMZN
12-05-2015,431.08,433.25,426.71,431.02,1947822,AMZN
13-05-2015,429.98,433.53,425.8,426.87,1996328,AMZN
14-05-2015,429.45,433,427.01,432.28,1888477,AMZN
15-05-2015,428,430.4,424.3,426,4240306,AMZN
18-05-2015,426,427.27,421.46,425.24,2390229,AMZN
19-05-2015,424.87,428.24,420.63,421.71,2465240,AMZN
20-05-2015,420.6,427.1,418.36,423.86,2196159,AMZN
21-05-2015,428,436.9,428,431.63,4121401,AMZN
22-05-2015,431.55,432.44,427.61,427.63,2020629,AMZN
26-05-2015,426.2,427,422,425.47,2244185,AMZN
27-05-2015,427.45,431.85,425.01,431.42,2231088,AMZN
28-05-2015,429.71,431.35,425.47,426.57,1912436,AMZN
29-05-2015,427.23,432.5,427.23,429.23,3016060,AMZN
01-06-2015,430.4,433.16,426.2,430.92,2253264,AMZN
02-06-2015,430.07,433.23,426.25,430.99,1669845,AMZN
03-06-2015,434.4,438.39,432.75,436.59,2727914,AMZN
04-06-2015,434.4,436.76,429.26,430.78,2510761,AMZN
05-06-2015,429.66,430.8,426.5,426.95,1907855,AMZN
08-06-2015,425.62,426.8,421.43,423.5,2172525,AMZN
09-06-2015,422.96,427.49,419.14,425.48,2288663,AMZN
10-06-2015,426.46,432.2,425.66,430.77,2172333,AMZN
11-06-2015,432.29,438.89,431.47,432.97,2922459,AMZN
12-06-2015,431.25,432.36,428.26,429.92,2054385,AMZN
15-06-2015,427.66,428.05,422.64,423.67,2050987,AMZN
16-06-2015,424.15,427.97,422.67,427.26,2297469,AMZN
17-06-2015,428.36,431.35,424.75,427.81,2185869,AMZN
18-06-2015,430.3,439.73,429.41,439.39,3378360,AMZN
19-06-2015,440.26,444.99,433.24,434.92,4495087,AMZN
22-06-2015,437,439.24,434.18,436.29,1823572,AMZN
23-06-2015,435.59,447.04,433.69,445.99,3245049,AMZN
24-06-2015,444.97,446.47,440.23,440.84,2620827,AMZN
25-06-2015,438.07,443.47,436.39,440.1,2237458,AMZN
26-06-2015,441.76,443.49,435.06,438.1,2624479,AMZN
29-06-2015,434.98,437,429,429.86,2753193,AMZN
30-06-2015,434.2,435.57,430.46,434.09,2596873,AMZN
01-07-2015,439.35,440,435.58,437.39,1987076,AMZN
02-07-2015,437,438.2,433.48,437.71,1343397,AMZN
06-07-2015,435.23,439.73,433.52,436.04,1903161,AMZN
07-07-2015,435.68,437.73,425.57,436.72,3454248,AMZN
08-07-2015,434.35,435.99,428.83,429.7,2383130,AMZN
09-07-2015,434.9,438.72,434.15,434.39,2271395,AMZN
10-07-2015,440.49,444.72,439,443.51,2400981,AMZN
13-07-2015,448.29,457.87,447.54,455.57,3956802,AMZN
14-07-2015,462.32,469.6,458.16,465.57,4736215,AMZN
15-07-2015,463.04,464.7,460.2,461.19,2987399,AMZN
16-07-2015,465.5,475.88,464.8,475.48,4095581,AMZN
17-07-2015,477.7,485.42,477.25,483.01,4932176,AMZN
20-07-2015,492.57,493.2,485.4,488.1,4752491,AMZN
21-07-2015,487.9,488.88,482.55,488,3181831,AMZN
22-07-2015,485.99,492.5,484.9,488.27,3114898,AMZN
23-07-2015,491.66,491.66,475.7,482.18,9374431,AMZN
24-07-2015,578.99,580.57,529.35,529.42,21909381,AMZN
27-07-2015,527.75,544.95,526.6,531.41,7490960,AMZN
28-07-2015,536,536.39,523.12,526.03,5273092,AMZN
29-07-2015,530.92,532.97,525.02,529,3752634,AMZN
30-07-2015,527.65,539.2,524.29,536.76,3743065,AMZN
31-07-2015,539.09,542.84,534.52,536.15,3025598,AMZN
03-08-2015,537.45,540.44,529.36,535.03,3014236,AMZN
04-08-2015,529.69,536.95,529.16,531.9,2934590,AMZN
05-08-2015,538.8,539.14,534.12,537.01,2889350,AMZN
06-08-2015,539.3,542.74,527.52,529.46,3820453,AMZN
07-08-2015,529.16,529.46,518.21,522.62,3969215,AMZN
10-08-2015,528.52,532.28,523,524,2615926,AMZN
11-08-2015,523.65,528.98,522,527.46,2676600,AMZN
12-08-2015,523.75,527.5,513.06,525.91,4014684,AMZN
13-08-2015,527.37,534.66,525.48,529.66,2895238,AMZN
14-08-2015,528.25,534.11,528.25,531.52,1994799,AMZN
17-08-2015,531.29,538.74,527.12,535.22,2581680,AMZN
18-08-2015,535.04,539.49,533,535.02,2071342,AMZN
19-08-2015,533.74,537.25,529,532.92,2324040,AMZN
20-08-2015,530.39,533.25,515.77,515.78,4407990,AMZN
21-08-2015,507.36,512.33,494.47,494.47,6706466,AMZN
24-08-2015,463.58,489.76,451,463.37,10097601,AMZN
25-08-2015,487.49,489.44,466.25,466.37,5679329,AMZN
26-08-2015,484.02,503.72,478.76,500.77,6358639,AMZN
27-08-2015,514.03,522.69,507.26,518.37,6114506,AMZN
28-08-2015,517.5,521.5,513.04,518.01,2746708,AMZN
31-08-2015,516.44,519.41,509.07,512.89,3002293,AMZN
01-09-2015,499.14,510,493.43,496.54,3864514,AMZN
02-09-2015,505.09,510.86,497.72,510.55,3707116,AMZN
03-09-2015,514.5,515.84,502.57,504.72,3149694,AMZN
04-09-2015,497.65,502.85,495.64,499,2692510,AMZN
08-09-2015,508.69,518.35,508.51,517.54,3810653,AMZN
09-09-2015,524,529.95,515.06,516.89,4370657,AMZN
10-09-2015,515.15,526.13,514.78,522.24,2575982,AMZN
11-09-2015,521.07,529.44,520.61,529.44,3227862,AMZN
14-09-2015,529.44,532.45,518.58,521.38,3130241,AMZN
15-09-2015,523.25,527.92,517.2,522.37,2865933,AMZN
16-09-2015,521.98,528.3,518.52,527.39,2252790,AMZN
17-09-2015,526.98,546.97,526.57,538.87,4169484,AMZN
18-09-2015,534.62,546.24,531.35,540.26,6160075,AMZN
21-09-2015,544.33,549.78,539.59,548.39,3283313,AMZN
22-09-2015,539.71,543.55,532.66,538.4,3841748,AMZN
23-09-2015,538.3,541.21,534,536.07,2237571,AMZN
24-09-2015,530.55,534.56,522.87,533.75,3500964,AMZN
25-09-2015,542.57,542.8,521.4,524.25,4030998,AMZN
28-09-2015,520.02,520.28,494.33,504.06,5434532,AMZN
29-09-2015,506,511.48,490.5,496.07,4457532,AMZN
30-09-2015,505.44,512.8,501.67,511.89,4004681,AMZN
01-10-2015,511,520.8,506,520.72,3768483,AMZN
02-10-2015,512.99,532.6,508.1,532.54,4597795,AMZN
05-10-2015,536.99,545.91,536,543.68,3391359,AMZN
06-10-2015,545.5,551.5,533.33,537.48,4547519,AMZN
07-10-2015,541.79,542,529,541.94,3812087,AMZN
08-10-2015,536.71,539.39,519.89,533.16,4676440,AMZN
09-10-2015,534.48,541.79,530.27,539.8,3537364,AMZN
12-10-2015,539.96,550.82,539.8,550.19,2776103,AMZN
13-10-2015,546.26,553.2,543.1,548.9,2938044,AMZN
14-10-2015,551.34,552.25,539.68,544.83,3582060,AMZN
15-10-2015,547.75,563,547,562.44,4937034,AMZN
16-10-2015,565.27,570.94,560.31,570.76,4315792,AMZN
19-10-2015,570.76,579,567.38,573.15,4375420,AMZN
20-10-2015,572,573,555.28,560.88,4346209,AMZN
21-10-2015,563.87,565.25,552.52,555.77,3361655,AMZN
22-10-2015,562.7,569.15,556.67,563.91,7779372,AMZN
23-10-2015,617.68,619.45,595.36,599.03,10692667,AMZN
26-10-2015,602.3,609.85,596.29,608.61,4269715,AMZN
27-10-2015,608.6,614.71,605.53,611.01,3787136,AMZN
28-10-2015,612.3,617.23,609.5,617.1,3926200,AMZN
29-10-2015,617.7,627.54,615.39,626.55,3896026,AMZN
30-10-2015,626.01,630.72,625.28,625.9,3874363,AMZN
02-11-2015,627.13,628.63,620.41,628.35,2816479,AMZN
03-11-2015,629.53,629.89,622,625.31,3246910,AMZN
04-11-2015,627.76,645.93,627.35,640.95,4840501,AMZN
05-11-2015,647.1,657,643.09,655.65,4723825,AMZN
06-11-2015,655,662.26,652,659.37,4092165,AMZN
09-11-2015,658.65,661.96,647.85,655.49,4048823,AMZN
10-11-2015,651.01,660,647.26,659.68,3489483,AMZN
11-11-2015,663.25,675.96,663.25,673.25,5387309,AMZN
12-11-2015,673,675.64,664.22,665.6,4284678,AMZN
13-11-2015,663.57,667,640.45,642.35,6261076,AMZN
16-11-2015,640.92,649.99,622.29,647.81,7435934,AMZN
17-11-2015,650.65,653.25,641,643.3,4320177,AMZN
18-11-2015,646.51,664.88,646.37,663.54,4469769,AMZN
19-11-2015,664.99,672.86,659,661.27,4705237,AMZN
20-11-2015,667.94,668.87,657.57,668.45,3896135,AMZN
23-11-2015,671.5,682.77,668.45,678.99,4385057,AMZN
24-11-2015,674.14,675.8,661.21,671.15,4543417,AMZN
25-11-2015,675,679.7,671.24,675.34,2697889,AMZN
27-11-2015,680.8,680.99,672.1,673.26,1966801,AMZN
30-11-2015,675.9,681.29,664.6,664.8,5693172,AMZN
01-12-2015,673.75,681,667.86,679.06,4751152,AMZN
02-12-2015,681,684.82,674.25,676.01,4273526,AMZN
03-12-2015,679.44,682.79,661.48,666.25,5064736,AMZN
04-12-2015,666,674.78,661.4,672.64,4534796,AMZN
07-12-2015,674.74,675.46,660.5,669.83,3732814,AMZN
08-12-2015,663.13,679.99,659.79,677.33,3651908,AMZN
09-12-2015,678,679,655.68,664.79,5158172,AMZN
10-12-2015,665.59,668.53,659.56,662.32,3455472,AMZN
11-12-2015,651.23,657.88,639.62,640.15,5474420,AMZN
14-12-2015,641.75,658.59,635.27,657.91,4361273,AMZN
15-12-2015,665.03,671.5,657.35,658.64,4753415,AMZN
16-12-2015,663.56,677.35,659.32,675.77,3964470,AMZN
17-12-2015,680,682.5,670.65,670.65,3681645,AMZN
18-12-2015,668.65,676.84,664.13,664.14,6841304,AMZN
21-12-2015,668.5,669.9,658.93,664.51,3250900,AMZN
22-12-2015,666.83,668.49,659.26,663.15,2667795,AMZN
23-12-2015,666.5,666.6,656.63,663.7,2722922,AMZN
24-12-2015,663.35,664.68,660.6,662.79,1092970,AMZN
28-12-2015,665.56,675.5,665.5,675.2,3783555,AMZN
29-12-2015,677.98,696.44,677.89,693.97,5734996,AMZN
30-12-2015,691.89,695.49,686.38,689.07,3519003,AMZN
31-12-2015,686.08,687.75,675.89,675.89,3749560,AMZN
04-01-2016,656.29,657.72,627.51,636.99,9314519,AMZN
05-01-2016,646.86,646.91,627.65,633.79,5822603,AMZN
06-01-2016,622,639.79,620.31,632.65,5329197,AMZN
07-01-2016,621.8,630,605.21,607.94,7074915,AMZN
08-01-2016,619.66,624.14,606,607.05,5512915,AMZN
11-01-2016,612.48,619.85,598.57,617.74,4891551,AMZN
12-01-2016,625.25,625.99,612.24,617.89,4724100,AMZN
13-01-2016,620.88,620.88,579.16,581.81,7655239,AMZN
14-01-2016,580.25,602.25,569.88,593,7237978,AMZN
15-01-2016,572.24,584.62,565.3,570.18,7784523,AMZN
19-01-2016,577.09,584,566.45,574.48,4807165,AMZN
20-01-2016,564.36,578.45,547.18,571.77,7966406,AMZN
21-01-2016,573.58,588.81,568.22,575.02,4952217,AMZN
22-01-2016,588.73,600.1,584.11,596.38,5120144,AMZN
25-01-2016,597.99,608.5,594.56,596.53,4396079,AMZN
26-01-2016,603.45,604.5,590.38,601.25,3765655,AMZN
27-01-2016,601.99,603.39,578.78,583.35,5152853,AMZN
28-01-2016,608.37,638.06,597.55,635.35,14015171,AMZN
29-01-2016,571.98,593,570,587,14677550,AMZN
01-02-2016,578.15,581.8,570.31,574.81,6355123,AMZN
02-02-2016,570,571.56,550.09,552.1,6312045,AMZN
03-02-2016,553.5,556,521.9,531.07,10048709,AMZN
04-02-2016,525,538.99,519.22,536.26,6199070,AMZN
05-02-2016,529.28,529.45,499.19,502.13,9708929,AMZN
08-02-2016,486.47,493.5,475.21,488.1,9825509,AMZN
09-02-2016,478.01,498.38,474,482.07,7077915,AMZN
10-02-2016,491.76,504.66,486,490.48,6786181,AMZN
11-02-2016,491.17,509.3,484,503.82,7397393,AMZN
12-02-2016,510.7,516.75,501.49,507.08,5384787,AMZN
16-02-2016,519.48,524.45,511.66,521.1,5118500,AMZN
17-02-2016,528.74,537.48,519.39,534.1,4824002,AMZN
18-02-2016,541.19,541.2,523.73,525,4735008,AMZN
19-02-2016,520.71,535.95,515.35,534.9,4974717,AMZN
22-02-2016,542.2,560.65,541.08,559.5,5566553,AMZN
23-02-2016,555.55,556.91,545.33,552.94,4050790,AMZN
24-02-2016,545.75,554.27,533.15,554.04,6231668,AMZN
25-02-2016,555.52,559.39,545.29,555.15,4525463,AMZN
26-02-2016,560.12,562.5,553.17,555.23,4877039,AMZN
29-02-2016,554,564.81,552.51,552.52,4145396,AMZN
01-03-2016,556.29,579.25,556,579.04,5038452,AMZN
02-03-2016,581.75,585,573.7,580.21,4582170,AMZN
03-03-2016,577.96,579.87,573.11,577.49,2741292,AMZN
04-03-2016,581.07,581.4,571.07,575.14,3416545,AMZN
07-03-2016,573.54,573.63,555.55,562.8,4932527,AMZN
08-03-2016,557.87,571.35,554.74,560.26,4729952,AMZN
09-03-2016,559.56,560.35,550.13,559.47,4377283,AMZN
10-03-2016,566.74,567,547.9,558.93,3919892,AMZN
11-03-2016,566.95,570.06,562.73,569.61,3771310,AMZN
14-03-2016,567,576.89,563.05,573.37,3454152,AMZN
15-03-2016,571,581.52,567,577.02,3876821,AMZN
16-03-2016,576.64,581.32,571.14,574.27,3537669,AMZN
17-03-2016,569.51,571.4,555.01,559.44,5928105,AMZN
18-03-2016,560.94,562.33,546.09,552.08,7296885,AMZN
21-03-2016,548.91,555.24,538.58,553.98,5155732,AMZN
22-03-2016,545.11,562.76,545.05,560.48,4000564,AMZN
23-03-2016,561,572.48,558.1,569.63,3983720,AMZN
24-03-2016,567.11,583.55,567.08,582.95,5185539,AMZN
28-03-2016,584.4,584.75,575.56,579.87,3121522,AMZN
29-03-2016,580.15,595.85,576.5,593.86,4392567,AMZN
30-03-2016,596.71,603.24,595,598.69,3890461,AMZN
31-03-2016,599.28,600.75,592.21,593.64,2681811,AMZN
01-04-2016,590.49,599.03,588.3,598.5,2917386,AMZN
04-04-2016,599,599.5,590.55,593.19,2470825,AMZN
05-04-2016,590.77,593.47,585.25,586.14,2308884,AMZN
06-04-2016,587.52,602.39,587.5,602.08,2849909,AMZN
07-04-2016,598.76,599.6,589.08,591.43,3189037,AMZN
08-04-2016,594.32,597.86,589,594.6,2591936,AMZN
11-04-2016,596.14,604,594.91,595.93,2704267,AMZN
12-04-2016,598.4,604.06,592.31,603.17,2641062,AMZN
13-04-2016,607.68,616.81,605.29,614.82,4228349,AMZN
14-04-2016,615.07,624.38,615.07,620.75,3512136,AMZN
15-04-2016,621.92,626.77,618.11,625.89,2887681,AMZN
18-04-2016,625.35,637.64,624.96,635.35,4360883,AMZN
19-04-2016,637.14,638.01,620.8,627.9,4055870,AMZN
20-04-2016,630,636.55,623,632.99,2609425,AMZN
21-04-2016,631,637.82,628.5,631,2596298,AMZN
22-04-2016,624.47,628.25,611.56,620.5,5083904,AMZN
25-04-2016,616.61,626.98,616.25,626.2,2682924,AMZN
26-04-2016,626.17,626.75,614.88,616.88,2521433,AMZN
27-04-2016,611.8,615.95,601.28,606.57,4068767,AMZN
28-04-2016,615.54,626.8,599.2,602,7872605,AMZN
29-04-2016,666,669.98,654,659.59,10310739,AMZN
02-05-2016,663.92,685.5,662.03,683.85,6578517,AMZN
03-05-2016,677.36,680.3,670.43,671.32,4923351,AMZN
04-05-2016,662.59,674,662.14,670.9,4635462,AMZN
05-05-2016,673.31,676.49,656,659.09,4884114,AMZN
06-05-2016,656.05,676.95,656.01,673.95,4365345,AMZN
09-05-2016,673.95,686.98,671.41,679.75,3982161,AMZN
10-05-2016,694,704.55,693.5,703.07,6105570,AMZN
11-05-2016,705.79,719,701.65,713.23,7338196,AMZN
12-05-2016,717.38,722.45,711.51,717.93,5048150,AMZN
13-05-2016,714.64,719.25,706.51,709.92,4763419,AMZN
16-05-2016,710.13,713.25,700.28,710.66,5432920,AMZN
17-05-2016,709.9,714.47,693.91,695.27,5121357,AMZN
18-05-2016,689.56,702.54,688.76,697.45,4283189,AMZN
19-05-2016,691.88,699.4,689.56,698.52,3025566,AMZN
20-05-2016,701.05,707.24,700,702.8,2916165,AMZN
23-05-2016,704.25,706,696.42,696.75,2595082,AMZN
24-05-2016,698.01,707.5,698,704.2,3033782,AMZN
25-05-2016,708,710.86,705.52,708.35,3276631,AMZN
26-05-2016,708.33,715,707.29,714.91,2446681,AMZN
27-05-2016,715,716.6,711.1,712.24,2249164,AMZN
31-05-2016,712.33,724.23,711.32,722.79,3618323,AMZN
01-06-2016,720.9,726.43,718.22,719.44,3263107,AMZN
02-06-2016,720.97,728.28,715.5,728.24,3026583,AMZN
03-06-2016,726.74,727,718.43,725.54,3367306,AMZN
06-06-2016,726.5,731.5,724.42,726.73,2704806,AMZN
07-06-2016,729.89,730,720.55,723.74,2732463,AMZN
08-06-2016,726.4,729.42,721.6,726.64,2223366,AMZN
09-06-2016,723.1,728.91,722.3,727.65,2170318,AMZN
10-06-2016,722.35,724.98,714.21,717.91,3425718,AMZN
13-06-2016,714.01,721.99,711.16,715.24,3352201,AMZN
14-06-2016,712.33,720.81,712.27,719.3,2506922,AMZN
15-06-2016,722,722.56,713.35,714.26,2709447,AMZN
16-06-2016,712.05,718,705.3,717.51,3097961,AMZN
17-06-2016,718.19,718.2,699.18,706.39,5897788,AMZN
20-06-2016,713.5,721.31,710.81,714.01,3677162,AMZN
21-06-2016,715.72,718.4,712.72,715.82,2137534,AMZN
22-06-2016,716.58,717,707.57,710.6,2260454,AMZN
23-06-2016,715.5,722.12,712.5,722.08,2824974,AMZN
24-06-2016,693,712.53,692.2,698.96,7632511,AMZN
27-06-2016,692.01,696.82,682.12,691.36,5584037,AMZN
28-06-2016,700,708,698.17,707.95,4036957,AMZN
29-06-2016,715.75,719.5,713.54,715.6,3070052,AMZN
30-06-2016,717.2,719.37,712.54,715.62,2855142,AMZN
01-07-2016,717.32,728,716.54,725.68,2920423,AMZN
05-07-2016,722.8,728.11,719.61,728.1,2431431,AMZN
06-07-2016,725.71,737.77,722.58,737.61,3938249,AMZN
07-07-2016,739.33,739.55,731.63,736.57,2945783,AMZN
08-07-2016,740.14,746.1,738,745.81,3429217,AMZN
11-07-2016,750,755.9,747,753.78,3195272,AMZN
12-07-2016,756.86,757.34,740.33,748.21,5623657,AMZN
13-07-2016,746.76,756.87,741.25,742.63,4142265,AMZN
14-07-2016,748.86,749.04,739.02,741.2,2390472,AMZN
15-07-2016,746.55,746.55,734.05,735.44,3121385,AMZN
18-07-2016,735.49,741.6,728.72,736.07,2954914,AMZN
19-07-2016,732.5,743.33,732.31,739.95,2216820,AMZN
20-07-2016,744,746.25,740.7,745.72,2214023,AMZN
21-07-2016,747.5,749.36,742.79,744.43,2317072,AMZN
22-07-2016,747.79,751.28,743.53,744.86,2277711,AMZN
25-07-2016,746.55,748.5,735.35,739.61,2679290,AMZN
26-07-2016,742.71,743.13,732.75,735.59,2529692,AMZN
27-07-2016,737.97,740.94,733.86,736.67,2913134,AMZN
28-07-2016,745.98,753.36,739.7,752.61,7617580,AMZN
29-07-2016,765,766,755,758.81,6777050,AMZN
01-08-2016,759.87,770.5,757.06,767.74,3578205,AMZN
02-08-2016,763.81,765.01,757.02,760.58,3603280,AMZN
03-08-2016,757.06,758.89,752.25,754.64,3581525,AMZN
04-08-2016,753.7,765,750.35,760.77,3178208,AMZN
05-08-2016,764.81,768.47,763.09,765.98,2704391,AMZN
08-08-2016,766.81,767,761.02,766.56,1986272,AMZN
09-08-2016,767.39,772.6,766.9,768.31,1876091,AMZN
10-08-2016,769.8,772.1,766.19,768.56,1604280,AMZN
11-08-2016,769.94,773.75,769.12,771.24,2019740,AMZN
12-08-2016,768.46,773.15,768.42,772.56,1563318,AMZN
15-08-2016,771.9,772.04,767.71,768.49,2118521,AMZN
16-08-2016,768.62,768.73,763.82,764.04,1604561,AMZN
17-08-2016,764.41,765.22,759.2,764.63,1891116,AMZN
18-08-2016,764,765.17,760.6,764.46,1458834,AMZN
19-08-2016,761.9,762.49,756.89,757.31,2343237,AMZN
22-08-2016,757.5,759.85,752.1,759.48,1679251,AMZN
23-08-2016,763.31,764.7,761,762.45,1524131,AMZN
24-08-2016,763,763.41,755.36,757.25,1744107,AMZN
25-08-2016,756,760.56,754.74,759.22,1622992,AMZN
26-08-2016,760.05,770,759.8,769,2776830,AMZN
29-08-2016,768.72,774.98,768.6,771.29,2198560,AMZN
30-08-2016,771.05,771.84,765.56,767.58,1709158,AMZN
31-08-2016,766.6,769.64,764,769.16,1633789,AMZN
01-09-2016,770.9,772.04,766.75,770.62,1792271,AMZN
02-09-2016,774.11,776,771.7,772.44,2181792,AMZN
06-09-2016,774.04,789.48,770.22,788.87,3719788,AMZN
07-09-2016,789.53,790.79,784.33,784.48,2424622,AMZN
08-09-2016,783.89,786.5,781.44,784.06,2030511,AMZN
09-09-2016,779.36,781,760.11,760.14,4257344,AMZN
12-09-2016,757.35,772.66,756,771.49,3124704,AMZN
13-09-2016,768.77,769.89,759.05,761.01,3117224,AMZN
14-09-2016,762.2,767.5,758.85,761.09,2531822,AMZN
15-09-2016,762,770.87,757.58,769.69,3043534,AMZN
16-09-2016,773.28,780.46,771.66,778.52,5499182,AMZN
19-09-2016,779.97,781.94,771,775.1,2297221,AMZN
20-09-2016,776,781.37,776,780.22,1937164,AMZN
21-09-2016,783.25,790.69,779.01,789.74,2718644,AMZN
22-09-2016,794.27,805.89,794.27,804.7,4078910,AMZN
23-09-2016,803.13,807.75,802.12,805.75,2353511,AMZN
26-09-2016,801.8,805.93,797.15,799.16,2651397,AMZN
27-09-2016,801.85,816.64,801.11,816.11,3819600,AMZN
28-09-2016,818,830.14,817.03,828.72,4422078,AMZN
29-09-2016,828.26,837.5,824.63,829.05,4922248,AMZN
30-09-2016,832.61,839.95,832.4,837.31,4430566,AMZN
03-10-2016,836,839.86,831.25,836.74,2769448,AMZN
04-10-2016,840.91,842.37,830.26,834.03,2950314,AMZN
05-10-2016,838,845.67,836.12,844.36,3469055,AMZN
06-10-2016,843.7,847.21,840.6,841.66,2684013,AMZN
07-10-2016,845.79,845.95,837.45,839.43,2426228,AMZN
10-10-2016,843.25,845.2,840.27,841.71,1827143,AMZN
11-10-2016,841.02,841.29,828.35,831,3588180,AMZN
12-10-2016,834,837.67,830.1,834.09,2380416,AMZN
13-10-2016,829,831.8,821.21,829.28,3091387,AMZN
14-10-2016,835.08,835.74,822.96,822.96,2999814,AMZN
17-10-2016,821.5,822,811.68,812.95,3361492,AMZN
18-10-2016,822.11,823.26,815.02,817.65,2512504,AMZN
19-10-2016,820.4,820.67,815.17,817.69,2090706,AMZN
20-10-2016,813.99,815.71,803.1,810.32,3151954,AMZN
21-10-2016,809.36,819.42,809,818.99,2793015,AMZN
24-10-2016,824.95,838.3,822.21,838.09,4060899,AMZN
25-10-2016,839.3,843.09,833.22,835.18,3248358,AMZN
26-10-2016,832.76,833.44,820,822.59,3998102,AMZN
27-10-2016,831.24,831.72,815.43,818.36,7406385,AMZN
28-10-2016,782,789.49,774.61,776.32,10841073,AMZN
31-10-2016,781.03,793.7,780.11,789.82,5413326,AMZN
01-11-2016,799,800.84,776.71,785.41,5305428,AMZN
02-11-2016,783.93,784.75,763.55,765.56,5026504,AMZN
03-11-2016,765.05,777,764,767.03,3872496,AMZN
04-11-2016,762.79,766,753.23,755.05,5122103,AMZN
07-11-2016,771.64,787.73,770.94,784.93,5984354,AMZN
08-11-2016,784.97,791.74,779.1,787.75,3412629,AMZN
09-11-2016,764,777.5,760.09,771.88,8562892,AMZN
10-11-2016,778.81,778.83,717.7,742.38,12746994,AMZN
11-11-2016,735.73,743.26,728.9,739.01,6622784,AMZN
14-11-2016,745.51,746,710.1,719.07,7321344,AMZN
15-11-2016,730,746.78,725.99,743.24,6755785,AMZN
16-11-2016,739.88,749.87,735.61,746.49,3648791,AMZN
17-11-2016,749.32,757.5,748,756.4,3690112,AMZN
18-11-2016,761,767.74,757.64,760.16,4373408,AMZN
21-11-2016,766,780.35,765.11,780,4614574,AMZN
22-11-2016,788.17,792.4,781,785.33,5311320,AMZN
23-11-2016,781.73,781.75,773.12,780.12,3540263,AMZN
25-11-2016,786.5,786.75,777.9,780.37,1837068,AMZN
28-11-2016,776.99,777,764.24,766.77,4438828,AMZN
29-11-2016,768,769.89,761.32,762.52,3272344,AMZN
30-11-2016,762,768.09,750.25,750.57,4625946,AMZN
01-12-2016,752.41,753.37,738.03,743.65,4665993,AMZN
02-12-2016,743.4,748.49,736.7,740.34,3561307,AMZN
05-12-2016,745,761.49,742,759.36,4314723,AMZN
06-12-2016,763.99,768.24,757.25,764.72,3794746,AMZN
07-12-2016,764.55,770.42,755.82,770.42,3684906,AMZN
08-12-2016,771.87,773.79,765.19,767.33,3189608,AMZN
09-12-2016,770,770.25,765.34,768.66,2470923,AMZN
12-12-2016,766.4,766.89,757.2,760.12,2963945,AMZN
13-12-2016,764.96,782.46,762,774.34,5285288,AMZN
14-12-2016,778.25,780.86,762.81,768.82,5454836,AMZN
15-12-2016,766.28,769.1,760.31,761,3801927,AMZN
16-12-2016,765,765.13,754,757.77,4848219,AMZN
19-12-2016,758.89,770.5,756.16,766,3113240,AMZN
20-12-2016,768.65,774.39,767.71,771.22,2703629,AMZN
21-12-2016,770,771.22,765.7,770.6,2044629,AMZN
22-12-2016,768.12,771.21,763.02,766.34,2543551,AMZN
23-12-2016,764.55,766.5,757.99,760.59,1981616,AMZN
27-12-2016,763.4,774.65,761.2,771.4,2638725,AMZN
28-12-2016,776.25,780,770.5,772.13,3301025,AMZN
29-12-2016,772.4,773.4,760.85,765.15,3158299,AMZN
30-12-2016,766.47,767.4,748.28,749.87,4139449,AMZN
03-01-2017,757.92,758.76,747.7,753.67,3521066,AMZN
04-01-2017,758.39,759.68,754.2,757.18,2510526,AMZN
05-01-2017,761.55,782.4,760.26,780.45,5830068,AMZN
06-01-2017,782.36,799.44,778.48,795.99,5986234,AMZN
09-01-2017,798,801.77,791.77,796.92,3446109,AMZN
10-01-2017,796.6,798,789.54,795.9,2558369,AMZN
11-01-2017,793.66,799.5,789.51,799.02,2992791,AMZN
12-01-2017,800.31,814.13,799.5,813.64,4873922,AMZN
13-01-2017,814.32,821.65,811.4,817.14,3791945,AMZN
17-01-2017,815.7,816,803.44,809.72,3670529,AMZN
18-01-2017,809.5,811.73,804.27,807.48,2354201,AMZN
19-01-2017,810,813.51,807.32,809.04,2540784,AMZN
20-01-2017,815.28,816.02,806.26,808.33,3376196,AMZN
23-01-2017,806.8,818.5,805.08,817.88,2797474,AMZN
24-01-2017,822,823.99,814.5,822.44,2971740,AMZN
25-01-2017,825.79,837.42,825.29,836.52,4023078,AMZN
26-01-2017,835.53,843.84,833,839.15,3586323,AMZN
27-01-2017,839,839.7,829.44,835.77,2998700,AMZN
30-01-2017,833,833.5,816.38,830.38,3747336,AMZN
31-01-2017,823.75,826.99,819.56,823.48,3137196,AMZN
01-02-2017,829.21,833.78,824.94,832.35,3850181,AMZN
02-02-2017,836.59,842.49,828.26,839.95,7350492,AMZN
03-02-2017,806.72,818.3,804,810.2,10868773,AMZN
06-02-2017,809.8,810.72,803,807.64,3897301,AMZN
07-02-2017,809.31,816.16,807.5,812.5,3466091,AMZN
08-02-2017,812.69,821.48,812.5,819.71,2857985,AMZN
09-02-2017,821.6,825,819.71,821.36,2484948,AMZN
10-02-2017,823.82,828,822.85,827.46,2429609,AMZN
13-02-2017,831.62,843,828.55,836.53,4172618,AMZN
14-02-2017,837,838.31,831.45,836.39,2792442,AMZN
15-02-2017,834,842.81,832.82,842.7,2968853,AMZN
16-02-2017,841.84,845,839.38,844.14,2714667,AMZN
17-02-2017,842,847.27,840.73,845.07,3112275,AMZN
21-02-2017,848.84,857.98,847.25,856.44,3507742,AMZN
22-02-2017,856.95,858.43,852.18,855.61,2616971,AMZN
23-02-2017,857.57,860.86,848,852.19,3461984,AMZN
24-02-2017,844.69,845.81,837.75,845.24,3687963,AMZN
27-02-2017,842.38,852.5,839.67,848.64,2713627,AMZN
28-02-2017,851.45,854.09,842.05,845.04,2793709,AMZN
01-03-2017,853.05,854.83,849.01,853.08,2760083,AMZN
02-03-2017,853.08,854.82,847.28,848.91,2132098,AMZN
03-03-2017,847.2,851.99,846.27,849.88,1951575,AMZN
06-03-2017,845.23,848.49,841.12,846.61,2610370,AMZN
07-03-2017,845.48,848.46,843.75,846.02,2247554,AMZN
08-03-2017,848,853.07,846.79,850.5,2288317,AMZN
09-03-2017,851,856.4,850.31,853,2048187,AMZN
10-03-2017,857,857.35,851.72,852.46,2436434,AMZN
13-03-2017,851.77,855.69,851.71,854.59,1909672,AMZN
14-03-2017,853.55,853.75,847.55,852.53,2130586,AMZN
15-03-2017,854.33,854.45,847.11,852.97,2562176,AMZN
16-03-2017,855.3,855.5,850.51,853.42,1842296,AMZN
17-03-2017,853.49,853.83,850.64,852.31,3384403,AMZN
20-03-2017,851.51,857.8,851.01,856.97,2282727,AMZN
21-03-2017,858.84,862.8,841.31,843.2,4382852,AMZN
22-03-2017,840.43,849.37,839.05,848.06,2658669,AMZN
23-03-2017,848.2,850.89,844.8,847.38,1952964,AMZN
24-03-2017,851.68,851.8,843.53,845.61,2138269,AMZN
27-03-2017,838.07,850.3,833.5,846.82,2755775,AMZN
28-03-2017,851.75,858.46,850.1,856,3041633,AMZN
29-03-2017,859.05,876.44,859.02,874.32,4485770,AMZN
30-03-2017,874.95,877.06,871.66,876.34,2762730,AMZN
31-03-2017,877,890.35,876.65,886.54,3957612,AMZN
03-04-2017,888,893.49,885.42,891.51,3422328,AMZN
04-04-2017,891.5,908.54,890.28,906.83,4984656,AMZN
05-04-2017,910.82,923.72,905.62,909.28,7508370,AMZN
06-04-2017,913.8,917.19,894.49,898.28,6344065,AMZN
07-04-2017,899.65,900.09,889.31,894.88,3707367,AMZN
10-04-2017,899.63,908.51,899,907.04,3184301,AMZN
11-04-2017,907.04,911.24,897.5,902.36,3012743,AMZN
12-04-2017,903.09,904.09,895.25,896.23,2456140,AMZN
13-04-2017,891.45,894.97,884.49,884.67,3174583,AMZN
17-04-2017,887.5,902.38,887.5,901.99,2854673,AMZN
18-04-2017,900.99,909.61,900.78,903.78,2999238,AMZN
19-04-2017,907.84,910.5,897.37,899.2,2870242,AMZN
20-04-2017,899.7,905.32,896.29,902.06,2814441,AMZN
21-04-2017,902.67,903.65,896.77,898.53,2420494,AMZN
24-04-2017,908.68,909.99,903.82,907.41,3122893,AMZN
25-04-2017,907.04,909.48,903,907.62,3380639,AMZN
26-04-2017,910.3,915.75,907.56,909.29,2608948,AMZN
27-04-2017,914.39,921.86,912.11,918.38,5305543,AMZN
28-04-2017,948.83,949.59,924.33,924.99,7364681,AMZN
01-05-2017,927.8,954.4,927.8,948.23,5466544,AMZN
02-05-2017,946.65,950.1,941.41,946.94,3848835,AMZN
03-05-2017,946,946,935.9,941.03,3582686,AMZN
04-05-2017,944.75,945,934.22,937.53,2418381,AMZN
05-05-2017,940.52,940.79,930.3,934.15,2866397,AMZN
08-05-2017,940.95,949.05,939.21,949.04,3415731,AMZN
09-05-2017,952.8,957.89,950.2,952.82,3262113,AMZN
10-05-2017,953.5,953.75,945,948.95,2096512,AMZN
11-05-2017,945.11,950.29,940.78,947.62,2194070,AMZN
12-05-2017,954.5,962.79,951.53,961.35,3625857,AMZN
15-05-2017,958.73,963.15,956.06,957.97,4270625,AMZN
16-05-2017,961,970.06,960.91,966.07,3126051,AMZN
17-05-2017,954.7,960.4,944.12,944.76,5145578,AMZN
18-05-2017,944.8,962.75,944.76,958.49,3939347,AMZN
19-05-2017,962.84,968.92,959.72,959.84,3972089,AMZN
22-05-2017,964,971.38,962.9,970.67,2642217,AMZN
23-05-2017,975.02,975.2,966.85,971.54,2415594,AMZN
24-05-2017,976,981,970.23,980.35,2463052,AMZN
25-05-2017,984.85,999,982.11,993.38,4822032,AMZN
26-05-2017,995,998.65,989.25,995.78,3469154,AMZN
30-05-2017,996.51,1001.2,995.52,996.7,3263069,AMZN
31-05-2017,1000,1000.12,982.16,994.62,3913115,AMZN
01-06-2017,998.59,998.99,991.37,995.95,2454841,AMZN
02-06-2017,998.99,1008.48,995.67,1006.73,3752328,AMZN
05-06-2017,1007.23,1013.21,1003.51,1011.34,2719859,AMZN
06-06-2017,1012,1016.5,1001.25,1003,3346432,AMZN
07-06-2017,1005.95,1010.25,1002,1010.07,2823041,AMZN
08-06-2017,1012.06,1013.61,1006.11,1010.27,2767857,AMZN
09-06-2017,1012.5,1012.99,927,978.31,7647692,AMZN
12-06-2017,967,975.95,945,964.91,9447233,AMZN
13-06-2017,977.99,984.5,966.1,980.79,4580011,AMZN
14-06-2017,988.59,990.34,966.71,976.47,3974900,AMZN
15-06-2017,958.7,965.73,950.86,964.17,5373865,AMZN
16-06-2017,996,999.75,982,987.71,11472662,AMZN
19-06-2017,1017,1017,989.9,995.17,5043408,AMZN
20-06-2017,998,1004.88,992.02,992.59,4076828,AMZN
21-06-2017,998.7,1002.72,992.65,1002.23,2922473,AMZN
22-06-2017,1002.23,1006.96,997.2,1001.3,2253433,AMZN
23-06-2017,1002.54,1004.62,998.02,1003.74,2879145,AMZN
26-06-2017,1008.5,1009.8,992,993.98,3386157,AMZN
27-06-2017,990.69,998.8,976,976.78,3782389,AMZN
28-06-2017,978.55,990.68,969.21,990.33,3737567,AMZN
29-06-2017,979,987.56,965.25,975.93,4302968,AMZN
30-06-2017,980.12,983.47,967.61,968,3390345,AMZN
03-07-2017,972.79,974.49,951,953.66,2909108,AMZN
05-07-2017,961.53,975,955.25,971.4,3652955,AMZN
06-07-2017,964.66,974.4,959.02,965.14,3259613,AMZN
07-07-2017,969.55,980.11,969.14,978.76,2643387,AMZN
10-07-2017,985,999.44,983.5,996.47,3546268,AMZN
11-07-2017,993,995.99,983.72,994.13,2982726,AMZN
12-07-2017,1000.65,1008.55,998.1,1006.51,3608574,AMZN
13-07-2017,1004.62,1006.88,995.9,1000.63,2880769,AMZN
14-07-2017,1002.4,1004.45,996.89,1001.81,2102469,AMZN
17-07-2017,1004.69,1014.75,1003.81,1010.04,3712587,AMZN
18-07-2017,1006,1026.03,1004,1024.45,4007624,AMZN
19-07-2017,1025,1031.59,1022.5,1026.87,2963964,AMZN
20-07-2017,1031.59,1034.97,1022.51,1028.7,3097487,AMZN
21-07-2017,1021.28,1026.1,1011,1025.67,2734577,AMZN
24-07-2017,1028.34,1043.01,1027.43,1038.95,3288020,AMZN
25-07-2017,1038.05,1043.33,1032.48,1039.87,2447629,AMZN
26-07-2017,1043.2,1053.2,1043.2,1052.8,2921253,AMZN
27-07-2017,1069.55,1083.31,1040.18,1046,10991715,AMZN
28-07-2017,1012.14,1032.85,1001,1020.04,7709420,AMZN
31-07-2017,1019.05,1019.05,987.02,987.78,7352063,AMZN
01-08-2017,990.65,995,987.14,992.27,2650376,AMZN
02-08-2017,1001.77,1003.21,981.73,995.89,4069993,AMZN
03-08-2017,999.47,999.5,984.59,986.92,3255764,AMZN
04-08-2017,989.68,991.67,982,987.58,2730308,AMZN
07-08-2017,990.65,995,987.14,992.27,2676607,AMZN
08-08-2017,994.35,996.28,985.79,989.84,2902815,AMZN
09-08-2017,982.6,988,975.27,982.01,3569731,AMZN
10-08-2017,976.3,979.86,954.68,956.92,5684068,AMZN
11-08-2017,960,970.39,951.38,967.99,3468017,AMZN
14-08-2017,978.41,985.5,976.19,983.3,3172892,AMZN
15-08-2017,988.9,991.74,982,982.74,2549295,AMZN
16-08-2017,981.65,986.46,973.22,978.18,3132066,AMZN
17-08-2017,977.84,977.84,960.32,960.57,3512397,AMZN
18-08-2017,961.4,965.43,954.65,958.47,3284821,AMZN
21-08-2017,957.57,961.2,945.46,953.29,3164483,AMZN
22-08-2017,955.52,967.93,955.5,966.9,2749970,AMZN
23-08-2017,959.38,962,954.2,958,2668264,AMZN
24-08-2017,957.42,959,941.14,952.45,5195726,AMZN
25-08-2017,956,957.62,944.1,945.26,3324791,AMZN
28-08-2017,946.54,953,942.25,946.02,2596737,AMZN
29-08-2017,940,956,936.33,954.06,2874299,AMZN
30-08-2017,958.44,969.41,956.91,967.59,2904604,AMZN
31-08-2017,974.7,981,972.76,980.6,3331488,AMZN
01-09-2017,984.2,984.5,976.88,978.25,2535917,AMZN
05-09-2017,975.4,976.77,960.37,965.27,2998649,AMZN
06-09-2017,968.32,971.84,960.6,967.8,2129861,AMZN
07-09-2017,974,980.59,972.55,979.47,2566794,AMZN
08-09-2017,979.1,979.88,963.47,965.9,2605322,AMZN
11-09-2017,974.46,981.94,974.22,977.96,2186666,AMZN
12-09-2017,983.27,984.67,975.52,982.58,2481066,AMZN
13-09-2017,983.97,1000,979.42,999.6,3374650,AMZN
14-09-2017,996.8,998.56,987.74,992.21,3913263,AMZN
15-09-2017,993.01,996.25,984.03,986.79,3760183,AMZN
18-09-2017,990.4,992.79,968.17,974.19,3411324,AMZN
19-09-2017,977.25,978.24,967.46,969.86,2671054,AMZN
20-09-2017,971.79,974.81,962.16,973.21,2888795,AMZN
21-09-2017,971.31,971.7,962.02,964.65,2337576,AMZN
22-09-2017,961.01,965.61,954.42,955.1,2641787,AMZN
25-09-2017,949.31,949.42,932.89,939.79,5123997,AMZN
26-09-2017,945.49,948.63,931.75,938.6,3564848,AMZN
27-09-2017,948,955.3,943.3,950.87,3148933,AMZN
28-09-2017,951.86,959.7,950.1,956.4,2522567,AMZN
29-09-2017,960.11,964.83,958.38,961.35,2543759,AMZN
02-10-2017,964,967.31,952.12,959.19,2442937,AMZN
03-10-2017,958,963.69,950.37,957.1,2666574,AMZN
04-10-2017,954.21,967.79,954.05,965.45,2527352,AMZN
05-10-2017,970,981.51,969.64,980.85,3229224,AMZN
06-10-2017,975.64,995.75,975.64,989.58,3782067,AMZN
09-10-2017,993.24,998.5,987.5,990.99,2938586,AMZN
10-10-2017,996.67,997.95,980.1,987.2,3084921,AMZN
11-10-2017,991.27,995.5,986.7,995,2337113,AMZN
12-10-2017,996.81,1008.44,992.4,1000.93,4067317,AMZN
13-10-2017,1007,1007.77,1001.03,1002.94,2431462,AMZN
16-10-2017,1008.44,1009.57,1001.04,1006.34,2008908,AMZN
17-10-2017,1005.59,1011.47,1004.38,1009.13,2319742,AMZN
18-10-2017,1009.27,1022.31,996.55,997,2499681,AMZN
19-10-2017,990,991.05,980.24,986.61,3108197,AMZN
20-10-2017,993.53,994.62,982,982.91,2365122,AMZN
23-10-2017,986.73,986.78,962.5,966.3,3494100,AMZN
24-10-2017,969,979.85,965,975.9,2723935,AMZN
25-10-2017,978,984.44,966.24,972.91,3033113,AMZN
26-10-2017,980.33,982.9,968.55,972.43,5618675,AMZN
27-10-2017,1058.14,1105.58,1050.55,1100.95,16565021,AMZN
30-10-2017,1095.01,1122.79,1093.56,1110.85,6613064,AMZN
31-10-2017,1109,1110.54,1101.12,1105.28,3476967,AMZN
01-11-2017,1105.4,1108.97,1096.74,1103.68,3755511,AMZN
02-11-2017,1097.81,1101.93,1086.87,1094.22,3684876,AMZN
03-11-2017,1091.15,1112.68,1088.52,1111.6,3751480,AMZN
06-11-2017,1109.15,1125.41,1108.77,1120.66,3381138,AMZN
07-11-2017,1124.74,1130.6,1117.5,1123.17,2688977,AMZN
08-11-2017,1122.82,1135.54,1119.11,1132.88,2581451,AMZN
09-11-2017,1125.96,1129.62,1115.77,1129.13,3725774,AMZN
10-11-2017,1126.1,1131.75,1124.06,1125.35,2179937,AMZN
13-11-2017,1123,1139.9,1122.34,1129.17,2918439,AMZN
14-11-2017,1130.11,1138,1123.89,1136.84,3138423,AMZN
15-11-2017,1127.01,1131.75,1121.63,1126.69,3928680,AMZN
16-11-2017,1130.16,1138.16,1130.05,1137.29,2213322,AMZN
17-11-2017,1138.28,1138.8,1125.81,1129.88,2413388,AMZN
20-11-2017,1129.77,1133.42,1122.55,1126.31,2163855,AMZN
21-11-2017,1132.86,1140,1128.2,1139.49,2479397,AMZN
22-11-2017,1141,1160.27,1141,1156.16,3555273,AMZN
24-11-2017,1160.7,1186.84,1160.7,1186,3528011,AMZN
27-11-2017,1202.66,1213.41,1191.15,1195.83,6744045,AMZN
28-11-2017,1204.88,1205.34,1188.52,1193.6,4559449,AMZN
29-11-2017,1194.8,1194.8,1145.19,1161.27,9257512,AMZN
30-11-2017,1167.1,1178.57,1160,1176.75,4509208,AMZN
01-12-2017,1172.05,1179.65,1152,1162.35,4107094,AMZN
04-12-2017,1173.85,1175.2,1128,1133.95,5931915,AMZN
05-12-2017,1128.26,1159.27,1124.74,1141.57,4079774,AMZN
06-12-2017,1137.99,1155.89,1136.08,1152.35,2853316,AMZN
07-12-2017,1156.59,1163.19,1151,1159.79,2511569,AMZN
08-12-2017,1170.4,1172.79,1157.1,1162,3050074,AMZN
11-12-2017,1164.6,1169.9,1157,1168.92,2363473,AMZN
12-12-2017,1166.51,1173.6,1161.61,1165.08,2235892,AMZN
13-12-2017,1170,1170.87,1160.27,1164.13,2616760,AMZN
14-12-2017,1163.71,1177.93,1162.45,1174.26,3214337,AMZN
15-12-2017,1179.03,1182.75,1169.33,1179.14,4778621,AMZN
18-12-2017,1187.37,1194.78,1180.91,1190.58,2947625,AMZN
19-12-2017,1189.15,1192.97,1179.14,1187.38,2587792,AMZN
20-12-2017,1190.5,1191,1176,1177.62,2371166,AMZN
21-12-2017,1175.9,1179.17,1167.64,1174.76,2123117,AMZN
22-12-2017,1172.08,1174.62,1167.83,1168.36,1585054,AMZN
26-12-2017,1168.36,1178.32,1160.55,1176.76,2005187,AMZN
27-12-2017,1179.91,1187.29,1175.61,1182.26,1867208,AMZN
28-12-2017,1189,1190.1,1184.38,1186.1,1841676,AMZN
29-12-2017,1182.35,1184,1167.5,1169.47,2688391,AMZN
02-01-2018,1172,1190,1170.51,1189.01,2694494,AMZN
03-01-2018,1188.3,1205.49,1188.3,1204.2,3108793,AMZN
04-01-2018,1205,1215.87,1204.66,1209.59,3022089,AMZN
05-01-2018,1217.51,1229.14,1210,1229.14,3544743,AMZN
08-01-2018,1236,1253.08,1232.03,1246.87,4279475,AMZN
09-01-2018,1256.9,1259.33,1241.76,1252.7,3661316,AMZN
10-01-2018,1245.15,1254.33,1237.23,1254.33,2686017,AMZN
11-01-2018,1259.74,1276.77,1256.46,1276.68,3125048,AMZN
12-01-2018,1273.39,1305.76,1273.39,1305.2,5443730,AMZN
16-01-2018,1323,1339.94,1292.3,1304.86,7220701,AMZN
17-01-2018,1312.24,1314,1280.88,1295,5253754,AMZN
18-01-2018,1293.95,1304.6,1284.02,1293.32,4026915,AMZN
19-01-2018,1312,1313,1292.99,1294.58,4578536,AMZN
22-01-2018,1297.17,1327.45,1296.66,1327.31,4140061,AMZN
23-01-2018,1338.09,1364.9,1337.34,1362.54,5169306,AMZN
24-01-2018,1374.82,1388.16,1338,1357.51,6807457,AMZN
25-01-2018,1368,1378.34,1357.62,1377.95,4753012,AMZN
26-01-2018,1392.01,1402.53,1380.91,1402.05,4857310,AMZN
29-01-2018,1409.18,1431.39,1400.44,1417.68,5701898,AMZN
30-01-2018,1403.17,1439.25,1392,1437.82,5871942,AMZN
31-01-2018,1451.3,1472.58,1450.04,1450.89,6424693,AMZN
01-02-2018,1445,1459.88,1385.14,1390,9113808,AMZN
02-02-2018,1477.39,1498,1414,1429.95,11125722,AMZN
05-02-2018,1402.62,1458.98,1320.72,1390,11494985,AMZN
06-02-2018,1361.46,1443.99,1351.79,1442.84,11066819,AMZN
07-02-2018,1449,1460.99,1415.15,1416.78,7162741,AMZN
08-02-2013,77.24,77.4,76.28,76.56,5100424,BA
11-02-2013,76.42,76.44,75.85,75.87,3677036,BA
12-02-2013,76.06,76.25,75.83,75.99,3597463,BA
13-02-2013,75.67,75.83,74.63,74.78,4313460,BA
14-02-2013,74.69,75.31,74.54,74.93,3830371,BA
15-02-2013,75.26,75.26,74.72,75.03,3650898,BA
19-02-2013,74.99,75.19,74.27,74.65,3882321,BA
20-02-2013,75.64,76.25,74.75,74.78,7553910,BA
21-02-2013,74.96,76.18,74.91,76.01,7440472,BA
22-02-2013,76.7,77.03,76.48,76.66,5391146,BA
25-02-2013,76.83,76.9,75.03,75.03,4936131,BA
26-02-2013,75.43,75.91,75.14,75.65,3433425,BA
27-02-2013,75.53,77.93,75.53,77.36,7160923,BA
28-02-2013,77.24,77.73,76.4,76.9,5594524,BA
01-03-2013,76.7,77.59,76.58,77.28,6024212,BA
04-03-2013,76.95,77.4,76.17,77.09,4750223,BA
05-03-2013,77.45,78.85,77.11,78.66,5694063,BA
06-03-2013,78.67,79.28,78.49,79.08,3825714,BA
07-03-2013,79.37,81.95,79.37,81.05,10030137,BA
08-03-2013,81.16,81.7,80.72,81.23,5232626,BA
11-03-2013,81.01,83.03,80.96,82.94,5087406,BA
12-03-2013,83.1,84.62,83,84.16,6600696,BA
13-03-2013,84.38,84.85,83.52,84.75,7751963,BA
14-03-2013,84.62,85.1,84.13,84.62,5031187,BA
15-03-2013,84.75,86.49,84.5,86.43,8210667,BA
18-03-2013,85.07,85.77,85.04,85.18,4802873,BA
19-03-2013,85.53,86,85.24,85.51,5380654,BA
20-03-2013,85.85,86.14,85.18,85.37,3783484,BA
21-03-2013,85.2,85.83,84.18,84.33,3672315,BA
22-03-2013,84.52,85.1,84.52,84.82,2841589,BA
25-03-2013,85.03,85.48,84.34,84.85,3528393,BA
26-03-2013,85.43,86.84,85.41,86.62,5081970,BA
27-03-2013,85.75,86.42,85.05,86.2,3186133,BA
28-03-2013,86.41,86.5,85.42,85.85,4884493,BA
01-04-2013,85.6,86.19,85.03,85.25,2867848,BA
02-04-2013,85.39,85.5,83.8,84.09,4764696,BA
03-04-2013,84.3,85.35,84.07,84.36,3885015,BA
04-04-2013,84.79,85.02,84.21,84.95,3353866,BA
05-04-2013,84.07,86.3,83.91,86.17,6112106,BA
08-04-2013,86.04,86.81,85.38,86.75,5003597,BA
09-04-2013,87.12,87.49,86.19,87.21,6058380,BA
10-04-2013,87.34,88.56,87.06,87.82,4635330,BA
11-04-2013,87.96,89.46,87.84,88.53,5394606,BA
12-04-2013,88.29,88.93,88,88.89,2588749,BA
15-04-2013,88.44,88.77,86.77,86.77,4324017,BA
16-04-2013,87.45,88.35,86.43,86.89,5234308,BA
17-04-2013,86.47,87,85.78,86.69,3781040,BA
18-04-2013,87.06,87.16,85.75,86.12,2792751,BA
19-04-2013,87.57,88.08,86.57,87.96,6322620,BA
22-04-2013,88.08,88.08,86.44,86.94,4248472,BA
23-04-2013,87.35,88.51,87.2,88.18,3130543,BA
24-04-2013,91.95,92.65,90.42,90.83,9231699,BA
25-04-2013,91.35,92.62,90.07,91.67,5766269,BA
26-04-2013,91.89,93.38,91.67,92.85,5912579,BA
29-04-2013,91.4,92.41,91.19,91.9,6265934,BA
30-04-2013,91.35,91.99,90.82,91.41,4715113,BA
01-05-2013,91.08,91.75,90.73,91.18,4567249,BA
02-05-2013,91.24,92.82,91.2,92.21,4514755,BA
03-05-2013,92.85,93.95,92.67,93.74,4700194,BA
06-05-2013,93.44,94.79,93.36,94.19,5504729,BA
07-05-2013,94.31,95.04,94.06,94.79,3858264,BA
08-05-2013,94.31,94.44,93.77,94.04,3204352,BA
09-05-2013,94.07,95.15,94.04,94.61,3677474,BA
10-05-2013,94.75,94.99,93.82,94.24,3919015,BA
13-05-2013,94.12,95.16,94.1,94.76,3492288,BA
14-05-2013,94.92,96.19,94.7,96.11,4646055,BA
15-05-2013,95.69,97.47,95.6,97.02,4875043,BA
16-05-2013,96.89,97.2,96.3,96.58,5037581,BA
17-05-2013,97.02,99.04,97,98.92,7409076,BA
20-05-2013,99.12,99.33,98.52,98.72,6535432,BA
21-05-2013,98.59,99.05,97.9,98.75,4415942,BA
22-05-2013,98.86,99.48,97.86,97.93,8399904,BA
23-05-2013,97.18,99.99,97.06,99.75,6975739,BA
24-05-2013,99.75,100.58,98.85,100,6746242,BA
28-05-2013,100.85,101.47,100.11,100.11,5736168,BA
29-05-2013,99.56,100.03,98.9,99.09,4405798,BA
30-05-2013,99.29,100.99,99.06,100.54,4784602,BA
31-05-2013,100.21,100.95,99.02,99.02,4220344,BA
03-06-2013,99.36,100.9,99.3,100.74,6473228,BA
04-06-2013,100.48,100.92,99.08,99.61,3769792,BA
05-06-2013,99.34,99.71,98.05,98.49,5150978,BA
06-06-2013,98.65,99.81,98.42,99.76,4131145,BA
07-06-2013,100.25,102.59,100.06,102.49,5733067,BA
10-06-2013,102.51,102.95,101.51,102.24,4047489,BA
11-06-2013,101.61,102.78,100.9,101.75,3144097,BA
12-06-2013,102.19,102.42,100.61,100.88,2936428,BA
13-06-2013,100.96,102.34,100.85,102.16,4078730,BA
14-06-2013,102.16,103.22,101.5,101.83,3944364,BA
17-06-2013,102.69,103.52,102.52,103.03,4217088,BA
18-06-2013,103.22,104.15,102.65,104.08,4035463,BA
19-06-2013,103.83,104.15,102.24,102.25,4186610,BA
20-06-2013,101.46,101.86,99.38,99.64,7116978,BA
21-06-2013,100.08,100.14,97.42,99.98,10328739,BA
24-06-2013,99.06,99.46,96.31,97.85,5585183,BA
25-06-2013,99.2,99.66,98.18,98.67,3557363,BA
26-06-2013,99.65,101.39,99.57,100.75,5260973,BA
27-06-2013,102.41,103.52,102.01,103.15,6578618,BA
28-06-2013,102.86,103.49,102.32,102.44,5432810,BA
01-07-2013,102.93,104.02,102.93,103.24,4091277,BA
02-07-2013,103.22,103.25,100.82,101.47,4146930,BA
03-07-2013,101.01,103.04,100.78,102.89,2897289,BA
05-07-2013,103.7,104.2,102.75,104.2,3673200,BA
08-07-2013,104,105.1,103.44,104.37,4222625,BA
09-07-2013,105.27,105.75,104.46,104.68,3991838,BA
10-07-2013,104.5,105.6,104.41,105.5,3898662,BA
11-07-2013,106.43,107.46,106.29,106.88,4530630,BA
12-07-2013,106.86,108.15,98.99,101.87,44390137,BA
15-07-2013,103.83,105.87,103.1,105.66,13170422,BA
16-07-2013,105.69,105.8,103.78,104.23,5839117,BA
17-07-2013,104.45,105.43,104.42,104.79,3931771,BA
18-07-2013,104.96,107.98,104.8,107.63,7995995,BA
19-07-2013,107.13,107.13,105.61,106.96,5993211,BA
22-07-2013,107.27,107.32,106.45,106.86,4168815,BA
23-07-2013,107.18,107.98,106.34,107.79,5081291,BA
24-07-2013,109.24,109.49,106.26,106.95,7723339,BA
25-07-2013,106.36,107.12,105.85,106.7,5267229,BA
26-07-2013,106.22,106.22,105.31,105.6,4218162,BA
29-07-2013,103.52,105.12,103.5,104.81,4041809,BA
30-07-2013,104.94,106.01,104.8,105.73,5022752,BA
31-07-2013,105.92,106.28,104.99,105.1,4487846,BA
01-08-2013,105.99,107,105.78,106.7,4911611,BA
02-08-2013,106,107.95,106,107.9,4200484,BA
05-08-2013,107.14,107.8,107.14,107.5,3559239,BA
06-08-2013,107.35,107.71,106.62,107.04,5199901,BA
07-08-2013,106.21,106.68,105.53,106.42,3158622,BA
08-08-2013,106.68,107.24,105.83,105.84,3741533,BA
09-08-2013,105.37,106.15,104.88,105.33,3326483,BA
12-08-2013,104.86,105.07,104.05,104.24,3830843,BA
13-08-2013,104.31,106.55,104.27,106.23,3578317,BA
14-08-2013,106.16,106.16,104.07,104.16,4482191,BA
15-08-2013,103.19,103.29,101.77,102.73,4359362,BA
16-08-2013,102.82,103.94,102.7,103.47,3469146,BA
19-08-2013,103,105.2,102.88,104.72,3512246,BA
20-08-2013,104.69,105.09,104.55,104.63,3452518,BA
21-08-2013,104.47,104.76,103.6,103.91,3645566,BA
22-08-2013,103.88,105.5,103.88,105.14,2857798,BA
23-08-2013,105.5,105.5,104.8,105.48,3017610,BA
26-08-2013,105.75,106.52,105.21,105.53,2481846,BA
27-08-2013,104.4,105.14,103.06,103.21,4375169,BA
28-08-2013,103.1,103.82,102.57,103.27,2816250,BA
29-08-2013,103.28,105.44,103,104.93,3095401,BA
30-08-2013,104.92,104.96,103.6,103.92,2723825,BA
03-09-2013,105.13,105.83,104.66,105.01,3660015,BA
04-09-2013,105.05,107.12,104.62,106.37,3837478,BA
05-09-2013,106.16,106.98,105.67,106.65,2590539,BA
06-09-2013,107,107.38,105.11,106.07,3265229,BA
09-09-2013,106.58,107.38,106.56,107.19,2907639,BA
10-09-2013,107.64,108.45,107.4,108.17,3847983,BA
11-09-2013,108.25,109.23,107.8,109.23,3313671,BA
12-09-2013,109.19,110.22,109.14,109.8,4766793,BA
13-09-2013,109.93,111.33,109.56,111.33,3503599,BA
16-09-2013,113.73,115.89,113.26,115.67,7729042,BA
17-09-2013,115.78,117.48,115.59,117.11,5309265,BA
18-09-2013,117.28,119.52,116.55,118.4,6330876,BA
19-09-2013,119.22,120.38,118.81,119.04,5742985,BA
20-09-2013,119.15,119.22,116.63,116.63,8746058,BA
23-09-2013,117.15,118.37,115.8,117.51,5450174,BA
24-09-2013,117.19,119.89,116.8,119,4965155,BA
25-09-2013,119.32,119.61,118.16,118.51,3566586,BA
26-09-2013,118.71,119.5,118.51,119.38,2820440,BA
27-09-2013,118.51,119.17,117.79,118.74,2848897,BA
30-09-2013,117.35,117.9,116.37,117.5,4032998,BA
01-10-2013,117.97,118.3,117.08,117.75,2882973,BA
02-10-2013,117.38,117.84,116.28,117.84,2871860,BA
03-10-2013,117.35,117.49,114.73,115.24,4455126,BA
04-10-2013,115.27,117.26,115.25,117.2,3997981,BA
07-10-2013,115.51,117.17,115.4,116.69,3822280,BA
08-10-2013,116.67,117.32,115.42,115.44,4584827,BA
09-10-2013,115.4,115.4,113.34,114.47,4723598,BA
10-10-2013,116.1,119,115.91,118.9,5635419,BA
11-10-2013,118.6,119.4,117.83,117.98,4504857,BA
14-10-2013,117.42,119.55,116.69,119.46,3617181,BA
15-10-2013,119.42,119.59,118.14,118.18,2749679,BA
16-10-2013,118.78,120.66,118.75,120.34,4022738,BA
17-10-2013,119.81,122.39,119.81,122.29,4114422,BA
18-10-2013,122.5,122.86,121.25,122.52,3924246,BA
21-10-2013,122.69,122.74,121.06,121.47,3175215,BA
22-10-2013,122,123.8,121.88,122.48,4434836,BA
23-10-2013,126,129.99,125.9,129.02,10766456,BA
24-10-2013,129.01,129.57,127.94,128.98,4976209,BA
25-10-2013,129.25,131.43,128.22,131.19,5469286,BA
28-10-2013,128.75,130.47,128.64,129.88,4655846,BA
29-10-2013,129.35,129.88,128.76,129.66,3608650,BA
30-10-2013,129.56,131.43,129.02,129.68,4122175,BA
31-10-2013,129.84,131.88,129.55,130.5,4931859,BA
01-11-2013,130.9,133.5,130.9,133.03,4582423,BA
04-11-2013,133.75,133.99,132.46,132.79,3915872,BA
05-11-2013,132.03,133.74,130.59,133.57,4076322,BA
06-11-2013,134.02,134.58,132.68,133.09,3752271,BA
07-11-2013,133.44,133.93,131.35,131.51,3826826,BA
08-11-2013,131.28,133.9,130.95,133.49,4790874,BA
11-11-2013,133.14,133.33,132.12,132.53,2962158,BA
12-11-2013,132.4,133.08,131.97,132.33,2852933,BA
13-11-2013,131.92,133.49,131.1,133.17,3577200,BA
14-11-2013,133.7,135.38,133.17,135.09,3279579,BA
15-11-2013,135.36,136.57,134.54,136.08,4498336,BA
18-11-2013,140.25,142,137.77,138.36,8163759,BA
19-11-2013,138.5,138.79,136.7,136.98,3953986,BA
20-11-2013,135.8,135.89,132.29,132.45,8636721,BA
21-11-2013,132.45,133.29,131.2,132.93,4700982,BA
22-11-2013,133.49,136.12,133.43,135.97,4290226,BA
25-11-2013,134.01,134.86,130.58,133,7181987,BA
26-11-2013,133,135.44,132.56,134.78,4200762,BA
27-11-2013,135.05,136.3,134.17,134.72,3350895,BA
29-11-2013,134.82,135.23,134.18,134.25,1680858,BA
02-12-2013,134.99,135.46,133.62,134.16,3378700,BA
03-12-2013,133.93,133.93,131.92,132,5172852,BA
04-12-2013,131.73,132.15,130.55,131.5,5137557,BA
05-12-2013,131.26,133.1,131.25,132.73,3665121,BA
06-12-2013,134.58,135.75,134,135.18,5342218,BA
09-12-2013,135.49,135.95,134.57,134.68,3799094,BA
10-12-2013,133.65,135.04,132.18,133.7,4062666,BA
11-12-2013,133.7,133.81,132.44,132.56,3358282,BA
12-12-2013,132.11,133.65,131.9,132.96,3617676,BA
13-12-2013,133.45,134.25,133.14,133.83,3140252,BA
16-12-2013,134.27,135.2,133.94,134.72,3979454,BA
17-12-2013,137.92,138.1,135.36,135.88,6753016,BA
18-12-2013,135.86,136.44,132.84,135.49,5635083,BA
19-12-2013,135,136.23,133.94,135.17,3177232,BA
20-12-2013,135.49,137.85,135.49,136.67,5459719,BA
23-12-2013,137.69,138.09,136.32,136.4,2951938,BA
24-12-2013,136.4,136.98,136.14,136.83,1203194,BA
26-12-2013,137.18,138.59,137.17,138.27,2161373,BA
27-12-2013,138.69,138.88,136.79,136.9,2205373,BA
30-12-2013,137.16,137.37,135.54,135.92,2404111,BA
31-12-2013,136.16,137.05,135.74,136.49,2096204,BA
02-01-2014,136.01,137.25,135.51,136.67,3368009,BA
03-01-2014,137.06,138.5,137.05,137.62,3177498,BA
06-01-2014,139.4,139.76,137.8,138.41,4197039,BA
07-01-2014,138.58,141.1,138.5,140.51,4242072,BA
08-01-2014,140.69,141.4,139.36,140.82,4237122,BA
09-01-2014,141.51,142.52,140.54,142.13,4053185,BA
10-01-2014,142.79,142.8,140.9,141.9,4549806,BA
13-01-2014,141.55,142.14,140.38,140.7,4463037,BA
14-01-2014,140.85,141.7,137.8,140.01,8443317,BA
15-01-2014,140.3,141.08,140.14,140.62,3033652,BA
16-01-2014,140.33,141.45,140.08,140.21,3062987,BA
17-01-2014,140.08,141,139.75,140.46,3382785,BA
21-01-2014,141.46,142.46,140.81,141.67,3240664,BA
22-01-2014,142.31,144.57,141.87,144.37,4390389,BA
23-01-2014,143.1,143.89,141.1,141.31,4494777,BA
24-01-2014,140.4,140.47,136.32,136.65,5873453,BA
27-01-2014,136.7,138.46,135.65,137.36,5279775,BA
28-01-2014,137.61,138.09,136.44,137.09,4611453,BA
29-01-2014,131.7,131.76,128.07,129.78,16000895,BA
30-01-2014,131.7,131.7,125.2,126.53,10419713,BA
31-01-2014,124.46,126.87,123.08,125.26,9736049,BA
03-02-2014,124.24,126.52,122.75,123.08,9342365,BA
04-02-2014,123.07,123.8,120.53,122.04,9307592,BA
05-02-2014,121,121.94,118.77,121.4,9691926,BA
06-02-2014,121.79,122.72,121.51,122.67,6740580,BA
07-02-2014,123.75,127.21,123.65,127.02,8928435,BA
10-02-2014,128.96,128.97,126.35,127.16,8174510,BA
11-02-2014,127.65,130.69,127.46,130.16,7878823,BA
12-02-2014,130.29,130.55,128,128.13,5802666,BA
13-02-2014,127.06,129.94,127.06,129.5,4204248,BA
14-02-2014,129.09,130.41,128.02,130.16,4813870,BA
18-02-2014,130.13,130.94,129.6,130.63,4653262,BA
19-02-2014,130.11,130.5,128.37,128.39,5149154,BA
20-02-2014,128.48,129.99,127.51,129.56,4470511,BA
21-02-2014,129.8,129.8,128.11,128.28,5170064,BA
24-02-2014,128.38,130.8,128.36,129.59,4638248,BA
25-02-2014,129.3,129.75,126.21,126.78,7317397,BA
26-02-2014,127.24,127.94,126.36,126.61,4804395,BA
27-02-2014,126.47,128.56,126.26,128.56,4649978,BA
28-02-2014,128.75,129.95,128.06,128.92,4365211,BA
03-03-2014,127.18,128.44,126.52,128.22,4847051,BA
04-03-2014,129.38,131,129.33,130.23,5423308,BA
05-03-2014,130.4,130.8,128.69,128.79,4097125,BA
06-03-2014,129.01,129.37,128.03,128.86,3599923,BA
07-03-2014,129.75,130.16,128.07,128.54,4301861,BA
10-03-2014,126.51,127.28,124.76,126.89,7039871,BA
11-03-2014,127.03,127.27,125.62,125.67,4190977,BA
12-03-2014,125,125.2,123.81,124.43,5041992,BA
13-03-2014,124.65,125.61,121.63,121.89,6071160,BA
14-03-2014,122.12,124.28,121.95,123.11,5702757,BA
17-03-2014,123.97,125.82,123.92,125.42,4381634,BA
18-03-2014,125.59,125.82,123.66,124.04,4151560,BA
19-03-2014,124.32,125.2,121.37,122.24,6672961,BA
20-03-2014,122.59,123.9,121.38,123.73,4601670,BA
21-03-2014,124.06,124.45,122.5,122.58,7975403,BA
24-03-2014,123.53,123.95,122.08,123.42,4476014,BA
25-03-2014,124.46,125,123.56,124.02,3229412,BA
26-03-2014,124.61,125.32,123.32,123.53,3091527,BA
27-03-2014,123.01,124.3,121.8,123.21,3116046,BA
28-03-2014,123.78,125.19,123.52,124.46,2863453,BA
31-03-2014,125.36,126.04,124.8,125.49,2962010,BA
01-04-2014,126.24,128.4,126.17,128.21,3953038,BA
02-04-2014,128.63,128.77,127.4,128.31,2934724,BA
03-04-2014,129.17,129.17,128.28,128.78,3305277,BA
04-04-2014,129.33,129.92,127.23,127.38,4157463,BA
07-04-2014,127.19,128.18,124.95,125.59,3753854,BA
08-04-2014,125.28,125.73,124.06,124.15,4122171,BA
09-04-2014,124.99,127.02,124.05,126.88,3691406,BA
10-04-2014,126.82,126.86,123.64,123.64,3959932,BA
11-04-2014,123.05,123.45,121.92,122.07,3855303,BA
14-04-2014,123.08,123.77,122.18,123.25,3086264,BA
15-04-2014,123.35,124.55,122.13,124.27,2747116,BA
16-04-2014,125,126.04,124.73,126.04,2826242,BA
17-04-2014,126.44,128.37,125.83,127.92,3449510,BA
21-04-2014,128.05,128.44,127.37,127.82,2368601,BA
22-04-2014,128.25,129.13,127.48,127.55,5022752,BA
23-04-2014,130.67,131.5,129.33,130.63,7123426,BA
24-04-2014,130.41,130.62,128.43,129.86,4177695,BA
25-04-2014,129.84,130,128.37,128.66,2978970,BA
28-04-2014,128.2,128.87,125.8,127.04,4354586,BA
29-04-2014,127.2,128.57,126.53,128.37,3344129,BA
30-04-2014,128.05,129.5,127.8,129.02,2775093,BA
01-05-2014,128.74,129.6,128.27,128.46,2807335,BA
02-05-2014,128.7,130.4,128.61,129.94,3763984,BA
05-05-2014,129,132.38,128.95,131.96,4026799,BA
06-05-2014,131.75,131.92,130.7,130.83,4032030,BA
07-05-2014,130.77,131.1,129.2,130.35,2900669,BA
08-05-2014,130.17,131.27,130.17,130.57,2988854,BA
09-05-2014,130.26,131.33,129.88,131.1,2544165,BA
12-05-2014,131.82,132.99,131.64,132.6,3288554,BA
13-05-2014,133.01,133.83,132.86,133.45,3132290,BA
14-05-2014,133.8,133.97,132.69,132.99,2884647,BA
15-05-2014,132.7,132.86,130.56,131.21,3597638,BA
16-05-2014,131.31,131.71,130.03,130.81,2964672,BA
19-05-2014,130.42,132.07,130.35,131.35,2103213,BA
20-05-2014,130.94,131.6,129.07,129.58,2996348,BA
21-05-2014,130.43,131.43,130.04,130.96,2476186,BA
22-05-2014,131.66,132.48,131.27,131.84,2370809,BA
23-05-2014,132,132.58,131.93,132.41,1956559,BA
27-05-2014,133.09,134.21,132.87,134.17,3086912,BA
28-05-2014,134.17,135.15,134.17,134.33,2609712,BA
29-05-2014,134.71,135.2,134.43,135.14,2234120,BA
30-05-2014,134.67,135.44,134.04,135.25,2762624,BA
02-06-2014,135.5,136.03,134.77,135.9,2630152,BA
03-06-2014,135.8,136.53,135.62,135.88,2468882,BA
04-06-2014,135.54,135.55,134.59,135.33,2601922,BA
05-06-2014,135.65,137.38,135.65,136.82,3493276,BA
06-06-2014,137.39,138.25,137.12,138.25,2711659,BA
09-06-2014,138.25,138.39,137.5,137.96,2585342,BA
10-06-2014,137.59,137.75,136.29,137.25,2370554,BA
11-06-2014,135.25,135.53,133.82,134.1,5558856,BA
12-06-2014,133.86,134.17,131.64,132.19,3831603,BA
13-06-2014,132.53,132.95,131.55,132.29,2376911,BA
16-06-2014,132.2,133.13,131.65,132.54,2169076,BA
17-06-2014,132.1,133.05,131.72,132.45,2223350,BA
18-06-2014,132.61,132.67,131.03,132.48,2865125,BA
19-06-2014,132.48,132.93,131.8,132.82,2795278,BA
20-06-2014,133.48,134.08,132.09,132.1,8086238,BA
23-06-2014,132.32,132.53,130.65,130.85,4436368,BA
24-06-2014,130.5,131.24,129,129.15,4322064,BA
25-06-2014,129.04,129.14,126.28,127.06,7930180,BA
26-06-2014,127.41,128.44,126.36,128.02,3929845,BA
27-06-2014,128.07,128.78,127.56,128.54,3688198,BA
30-06-2014,127.91,127.91,126.2,127.23,5714756,BA
01-07-2014,127.66,128.33,127.36,128.15,3776278,BA
02-07-2014,128.15,128.5,127.34,127.62,2859242,BA
03-07-2014,127.99,128.62,127.7,128.51,1997530,BA
07-07-2014,128.1,129.5,127.77,129.09,3161772,BA
08-07-2014,128.89,128.97,125.92,126.79,5725199,BA
09-07-2014,128.31,128.32,125.91,126.79,8025001,BA
10-07-2014,125.54,127.63,125.12,126.79,3936933,BA
11-07-2014,127.18,128.24,126.36,128.09,3194698,BA
14-07-2014,128.91,130.58,128.76,129.52,5271166,BA
15-07-2014,130.31,130.31,128.34,129.1,4916677,BA
16-07-2014,129.56,129.56,127.14,127.42,5265197,BA
17-07-2014,127.21,128.18,125.79,125.88,5296017,BA
18-07-2014,126.38,127.82,126.25,127.64,3107465,BA
21-07-2014,127.3,128.42,126.77,128.3,2742998,BA
22-07-2014,128.99,130.01,128.58,129.74,5107214,BA
23-07-2014,127.79,128.4,126.02,126.71,12326310,BA
24-07-2014,125.92,126.05,124,124.4,10307154,BA
25-07-2014,124.48,124.53,122.41,123.2,6124206,BA
28-07-2014,123.44,124.56,122.16,123.06,4982485,BA
29-07-2014,123.31,123.63,122.2,122.32,4101880,BA
30-07-2014,123.2,123.8,121.76,122.29,4049024,BA
31-07-2014,121.47,122.05,120.41,120.48,5591290,BA
01-08-2014,120.45,121.71,119.64,120.38,5852726,BA
04-08-2014,120.8,121.19,119.77,119.93,4671123,BA
05-08-2014,119.67,121.98,119.66,121.27,6098103,BA
06-08-2014,119.32,119.36,117.87,118.34,6239710,BA
07-08-2014,119,120.22,118.87,119.84,4650601,BA
08-08-2014,119.8,120.65,119.28,120.63,4349725,BA
11-08-2014,121.15,121.76,120.75,120.8,2811028,BA
12-08-2014,120.51,120.94,120.01,120.47,2304913,BA
13-08-2014,120.67,122.23,120.63,121.98,2641117,BA
14-08-2014,122.2,124.69,122.16,124.11,4825075,BA
15-08-2014,124.5,124.5,122.15,123.16,4573022,BA
18-08-2014,123.58,125.24,123.57,124.98,4201803,BA
19-08-2014,125.22,125.79,125.11,125.58,2991557,BA
20-08-2014,125.89,127.71,125.58,127.35,4335358,BA
21-08-2014,127.54,127.78,126.74,127.5,2524057,BA
22-08-2014,127.33,127.8,126.96,127.46,2400949,BA
25-08-2014,128.08,128.49,127.78,128.33,2314353,BA
26-08-2014,128.69,129.13,128.31,128.6,2334219,BA
27-08-2014,128.77,128.99,127.95,128.2,3079182,BA
28-08-2014,127.34,127.75,126.72,127.11,3079399,BA
29-08-2014,127.35,127.35,126.05,126.8,3032810,BA
02-09-2014,125.62,126.26,124.57,125.48,4584780,BA
03-09-2014,125.46,126.24,125.2,125.94,3966666,BA
04-09-2014,126.38,126.75,125.26,125.46,2984001,BA
05-09-2014,125.43,125.55,124.1,124.69,4917882,BA
08-09-2014,125.9,128.25,125.9,127.98,6103489,BA
09-09-2014,127.81,128.68,127.62,128.21,4866412,BA
10-09-2014,128.47,128.47,127.48,128.22,3070267,BA
11-09-2014,127.82,127.99,127.2,127.64,1988616,BA
12-09-2014,127.49,127.56,126.61,126.95,3109244,BA
15-09-2014,126.92,126.95,125.69,126.31,3265859,BA
16-09-2014,126.2,127.7,125.72,127.32,3379618,BA
17-09-2014,128.25,128.38,127.2,127.76,3139781,BA
18-09-2014,128,128.9,128,128.58,2722296,BA
19-09-2014,129.27,129.7,128.92,129.35,5635667,BA
22-09-2014,129.37,129.87,128.46,128.61,2890261,BA
23-09-2014,128.28,128.54,127.03,127.38,2963455,BA
24-09-2014,127.46,128.8,127.23,128.58,2891440,BA
25-09-2014,128.31,128.49,127.01,127.14,2913091,BA
26-09-2014,127.19,129,126.96,128.69,2524326,BA
29-09-2014,127.21,129.53,127,128.77,3490832,BA
30-09-2014,128.57,129.39,127.31,127.38,4009907,BA
01-10-2014,127.37,127.37,124.31,124.67,5272526,BA
02-10-2014,124.4,125.55,123.84,124.17,3207500,BA
03-10-2014,124.66,126.87,124.66,126.36,3081354,BA
06-10-2014,127.09,127.19,125.38,126.26,2680998,BA
07-10-2014,125.52,125.52,123.29,123.32,3564807,BA
08-10-2014,123.47,125.09,122.15,124.98,3613817,BA
09-10-2014,124.72,124.75,122.31,122.76,4874923,BA
10-10-2014,122.87,123.36,121.5,121.5,4220241,BA
13-10-2014,122.05,123.19,120.26,120.45,3883441,BA
14-10-2014,121.84,123.37,120.72,122.29,3768207,BA
15-10-2014,121.06,121.12,116.32,120.19,7819029,BA
16-10-2014,118.91,121.3,118.39,120.29,4492603,BA
17-10-2014,122.29,123.87,121.78,123.24,4872389,BA
20-10-2014,123.39,124.72,123,124.31,3676264,BA
21-10-2014,125.21,127.24,124.93,127.12,5209474,BA
22-10-2014,127.99,128,121.34,121.45,13844400,BA
23-10-2014,121.27,122.88,121.06,122.03,7806465,BA
24-10-2014,122.2,122.84,121.26,122.24,4016436,BA
27-10-2014,122.13,122.23,121.26,122.12,2944389,BA
28-10-2014,122.5,123.79,121.96,123.61,4163622,BA
29-10-2014,124.48,124.48,122.56,123.08,3246309,BA
30-10-2014,122.52,124.12,122.01,123.82,2569875,BA
31-10-2014,125.03,125.89,124.73,124.91,4668628,BA
03-11-2014,125.35,126.25,124.89,126.03,3907297,BA
04-11-2014,125.94,126.71,125.26,125.84,3684838,BA
05-11-2014,126.01,126.25,124.2,124.22,3334000,BA
06-11-2014,124.48,124.8,123.37,124.58,2341850,BA
07-11-2014,124.93,124.94,124.17,124.45,2366682,BA
10-11-2014,124.87,124.99,123.8,124.64,2622734,BA
11-11-2014,124.58,125.73,124.45,125.36,3056237,BA
12-11-2014,124.51,126.19,124.47,125.87,3075041,BA
13-11-2014,125.74,128.96,125.74,128.53,5813870,BA
14-11-2014,128.53,129.78,127.85,128.86,6235584,BA
17-11-2014,128.7,129.17,127.55,128.42,3752879,BA
18-11-2014,128.55,131.33,128.04,130.66,5701297,BA
19-11-2014,130.59,132.74,130.25,131.61,5037575,BA
20-11-2014,130.94,132.4,130.71,131.7,4052829,BA
21-11-2014,132.72,133.36,132.51,132.78,4227147,BA
24-11-2014,133.45,134.74,133.44,134.61,4161488,BA
25-11-2014,134.74,135.6,134.74,134.81,4301649,BA
26-11-2014,134.95,135.3,134.39,134.78,2660270,BA
28-11-2014,135.51,135.78,134.04,134.36,2089964,BA
01-12-2014,134.31,134.4,132.2,132.39,3473742,BA
02-12-2014,132.5,132.96,131.75,132.28,2904938,BA
03-12-2014,132.65,133.28,131.43,131.97,4627532,BA
04-12-2014,131.97,132.52,130.92,131.32,2805880,BA
05-12-2014,131.72,132.62,131.53,132.21,2580216,BA
08-12-2014,132.02,132.07,129.87,130.28,2862356,BA
09-12-2014,128.56,129.72,127.74,129.66,3085085,BA
10-12-2014,128.81,128.98,124.54,124.64,6651721,BA
11-12-2014,125.22,125.65,123,123.37,6702054,BA
12-12-2014,122.24,122.27,120.58,120.77,6661058,BA
15-12-2014,121.4,122.88,120.6,122.08,6238775,BA
16-12-2014,125.04,125.54,123.91,124.25,7919932,BA
17-12-2014,124.28,125.38,123.42,125.06,6726507,BA
18-12-2014,127.13,127.35,124.77,125.67,6485926,BA
19-12-2014,125.63,127.42,125.5,126.23,7680805,BA
22-12-2014,126.73,128.54,126.73,128.22,3189253,BA
23-12-2014,129.04,130.65,128.65,130.03,4028939,BA
24-12-2014,130.3,132.33,130.17,131.24,2125345,BA
26-12-2014,131.29,131.93,130.23,131.63,2242857,BA
29-12-2014,131.72,132.73,131.17,132.29,2718379,BA
30-12-2014,132,132.28,131.52,131.83,2447665,BA
31-12-2014,132.25,132.3,129.86,129.98,2712384,BA
02-01-2015,131.07,131.84,129.09,129.95,4294241,BA
05-01-2015,129.66,129.92,128.61,129.05,5024782,BA
06-01-2015,129.05,129.62,126.18,127.53,4992814,BA
07-01-2015,128.74,129.97,128.72,129.51,3573197,BA
08-01-2015,130.6,131.99,130.4,131.8,4503399,BA
09-01-2015,131.59,132.26,130.93,131.54,3056368,BA
12-01-2015,132.24,132.26,129.95,130.87,3552653,BA
13-01-2015,132,133.91,130.17,131.17,3441654,BA
14-01-2015,129.03,131.29,128.95,130.38,3559535,BA
15-01-2015,130.25,131.83,129.7,130.14,3901990,BA
16-01-2015,129.75,131.02,129.11,130.78,4425638,BA
20-01-2015,131.45,132,129.45,131.22,3143746,BA
21-01-2015,130.87,132.87,130.57,132.41,2898621,BA
22-01-2015,133.38,136.21,133.05,135.64,4971293,BA
23-01-2015,135.57,135.78,134.6,134.62,3828329,BA
26-01-2015,135,135.25,133.53,134.07,3900544,BA
27-01-2015,132.4,132.99,130.74,132.48,5243868,BA
28-01-2015,136.3,141.89,135.92,139.64,14355109,BA
29-01-2015,139.69,148.25,139.63,147.78,15161711,BA
30-01-2015,146.22,146.85,144.37,145.37,11271116,BA
02-02-2015,143.72,146.59,143.05,146.26,6790894,BA
03-02-2015,146.37,148,146.18,147.34,5978190,BA
04-02-2015,145.97,148.39,145.93,147.22,4766204,BA
05-02-2015,147.26,148.87,146.46,148.6,4252602,BA
06-02-2015,148.62,148.89,147.7,148,4398762,BA
09-02-2015,146.16,148.16,145.63,147.58,4203329,BA
10-02-2015,148.2,148.71,147.5,148.04,4034851,BA
11-02-2015,147.51,148.38,147.09,147.92,3272669,BA
12-02-2015,148.26,148.57,147.68,148.09,2998941,BA
13-02-2015,147.98,149.84,147.64,149.73,3418587,BA
17-02-2015,148.72,149.96,148.52,149.92,3622369,BA
18-02-2015,149.7,151.62,149.37,151.17,3722117,BA
19-02-2015,151.05,154.24,151,153.75,4384014,BA
20-02-2015,153.8,158.83,153.8,158.31,9365978,BA
23-02-2015,155,155.92,153.36,154.74,8653655,BA
24-02-2015,153.5,154.78,153.21,154.38,4391701,BA
25-02-2015,154.31,154.74,152.14,153.01,4800528,BA
26-02-2015,152.31,152.38,150.81,151.73,5149342,BA
27-02-2015,151,151.89,150.45,150.85,4330678,BA
02-03-2015,150.75,154.15,150.75,153.8,4622793,BA
03-03-2015,154.71,156.91,154.17,155.57,8656618,BA
04-03-2015,154.62,155.22,154,154.35,4476188,BA
05-03-2015,154.86,155.98,154.31,154.47,3327492,BA
06-03-2015,153.92,155.03,152.81,153.12,3556216,BA
09-03-2015,153.3,155.61,153.15,154.75,3432956,BA
10-03-2015,153.3,154.13,152.42,152.42,3839572,BA
11-03-2015,152.51,152.69,151.17,151.17,3395401,BA
12-03-2015,151.28,152.92,151.28,152.04,2965067,BA
13-03-2015,151.89,152.39,149.79,151.57,3569581,BA
16-03-2015,152.39,154.19,152.27,153.67,2742901,BA
17-03-2015,152.88,155,152.73,154.51,2927179,BA
18-03-2015,154.04,155.99,152.11,155.73,4053609,BA
19-03-2015,154.91,155.33,153.66,154.11,2539041,BA
20-03-2015,155.04,155.49,154.48,154.5,4464270,BA
23-03-2015,154.98,154.98,152.81,152.81,3029723,BA
24-03-2015,151.96,152.62,151.35,151.65,3319274,BA
25-03-2015,151.4,152.04,148.13,148.23,3747926,BA
26-03-2015,147.83,148.85,145.96,148.17,3627403,BA
27-03-2015,148.59,149.31,147.49,148.85,2600252,BA
30-03-2015,150.08,153.17,149.98,152.7,3738731,BA
31-03-2015,152.23,152.25,149.94,150.08,2975622,BA
01-04-2015,149.97,150.02,146.82,148.64,4167631,BA
02-04-2015,149.14,150.5,148.31,149.28,2934194,BA
06-04-2015,148.15,151.45,148,150.93,3371457,BA
07-04-2015,151.27,153.5,151.14,152.32,4299482,BA
08-04-2015,152.19,153.5,152.19,153.36,2763398,BA
09-04-2015,152.62,153.67,151.63,153.42,3966815,BA
10-04-2015,153.55,154.96,153.25,154.38,3182990,BA
13-04-2015,153.79,155.5,152.96,153.24,3034047,BA
14-04-2015,152.93,153.54,151.59,153.21,2845971,BA
15-04-2015,154.37,154.37,152.21,152.43,3687428,BA
16-04-2015,151.66,152.53,151.05,151.97,2559883,BA
17-04-2015,150.88,151.43,149.44,149.6,4671622,BA
20-04-2015,151.06,153.55,151.01,152.67,3169131,BA
21-04-2015,153.51,154.09,152,153.33,3772879,BA
22-04-2015,152.36,153,148.85,151.19,8468924,BA
23-04-2015,150.83,150.83,149.73,149.87,4080811,BA
24-04-2015,149.54,149.86,148.02,148.4,4889228,BA
27-04-2015,148.59,149,147.71,147.8,4603511,BA
28-04-2015,147.9,148.37,146.01,147.51,4352892,BA
29-04-2015,147.07,147.45,145.9,146.15,4761676,BA
30-04-2015,145.25,145.94,142.75,143.34,4925252,BA
01-05-2015,144.41,145.07,143.84,144.67,3556817,BA
04-05-2015,143.85,144.79,143.18,144.02,8977535,BA
05-05-2015,143.76,144.7,142.27,142.91,3670396,BA
06-05-2015,143.01,143.15,140.43,141.04,5313484,BA
07-05-2015,140.56,142.18,140.48,141.49,4868673,BA
08-05-2015,143,145.94,142.98,145.46,7068011,BA
11-05-2015,145.55,146.79,145.13,145.89,3969023,BA
12-05-2015,144.94,146.08,144.01,145.43,3543850,BA
13-05-2015,145.41,146.53,145.1,145.62,2680190,BA
14-05-2015,146.88,148.25,146.65,147.96,3495827,BA
15-05-2015,148.05,148.3,146.34,146.88,3368855,BA
18-05-2015,146.88,147.24,146.3,146.71,2153190,BA
19-05-2015,147.18,147.77,146.73,147.05,2366375,BA
20-05-2015,147.14,147.34,146.1,146.42,2104019,BA
21-05-2015,146.56,147.71,146.1,147.35,2676437,BA
22-05-2015,147.26,147.27,144.8,144.81,3877994,BA
26-05-2015,144.34,144.43,142.16,142.8,3476752,BA
27-05-2015,143.42,143.75,142.58,143,2837146,BA
28-05-2015,142.51,145.29,141.58,142.33,3103154,BA
29-05-2015,142.26,142.26,140.32,140.52,6199220,BA
01-06-2015,141.45,142.05,140.27,141.25,3897020,BA
02-06-2015,141.44,144.46,140.63,143.25,4986500,BA
03-06-2015,143.78,145.06,142.89,143.81,3755788,BA
04-06-2015,143.22,143.23,140.95,141.19,3239507,BA
05-06-2015,141.04,141.37,140.05,140.73,3215636,BA
08-06-2015,140.24,141.35,140.2,140.64,2756645,BA
09-06-2015,140.5,140.99,139.9,140.1,2647571,BA
10-06-2015,140.68,142.6,140.29,141.62,2784396,BA
11-06-2015,142.01,143.98,141.75,142.96,2924468,BA
12-06-2015,142.62,142.86,141.09,142.8,2395238,BA
15-06-2015,142.04,142.59,141.28,142.29,2631428,BA
16-06-2015,141.42,143.58,141.42,142.34,2450557,BA
17-06-2015,142.87,144,141.9,143.43,2775397,BA
18-06-2015,143.91,146.53,143.91,145.38,3728900,BA
19-06-2015,145.19,146.1,144.95,145.13,4837280,BA
22-06-2015,146.07,146.21,145.09,145.7,2086105,BA
23-06-2015,146.33,146.45,143.8,144.43,2864424,BA
24-06-2015,143.76,144.8,142.51,143,3989088,BA
25-06-2015,143.27,143.76,142.34,142.45,2153754,BA
26-06-2015,143.03,143.04,141.89,142.48,3153251,BA
29-06-2015,140.96,141.32,138.58,138.73,3755500,BA
30-06-2015,140.06,140.06,138.44,138.72,3434761,BA
01-07-2015,140.48,141.14,140.02,140.73,3260868,BA
02-07-2015,141.29,141.52,139.88,140.21,2116516,BA
06-07-2015,139.02,140.73,139,140.52,2093398,BA
07-07-2015,140.8,143.44,140.14,143.15,3712024,BA
08-07-2015,142.5,143.15,141.52,141.92,3386472,BA
09-07-2015,143.89,144.2,142.73,142.8,2486829,BA
10-07-2015,144.14,145.19,143.87,144.48,2192062,BA
13-07-2015,145.96,146.75,145.6,146.62,2194245,BA
14-07-2015,146.76,148.3,146.45,147.75,3388765,BA
15-07-2015,147.75,147.75,146.48,146.89,2653911,BA
16-07-2015,147.79,148.8,147.77,148.49,2509591,BA
17-07-2015,147.25,147.44,146.02,146.84,3127129,BA
20-07-2015,147.11,147.2,145.91,146.72,3016807,BA
21-07-2015,146.59,146.59,144.22,145,4452562,BA
22-07-2015,148.9,149.18,145.11,146.47,6238400,BA
23-07-2015,147,147.95,145.79,146.11,4116025,BA
24-07-2015,145.81,146.47,143.98,144.06,2454976,BA
27-07-2015,143.22,143.35,140.8,141.03,3532068,BA
28-07-2015,141.61,142.17,139.51,141.81,4138151,BA
29-07-2015,142.48,144.61,142.37,144.14,3260403,BA
30-07-2015,143.35,143.92,142.21,143.01,2643990,BA
31-07-2015,143.76,144.92,143.29,144.17,3163496,BA
03-08-2015,144.44,144.75,142.59,143.69,3087956,BA
04-08-2015,143.55,144.87,143.04,143.54,1972989,BA
05-08-2015,143.9,145.6,143.77,144.95,2926094,BA
06-08-2015,144.7,145.25,143.42,143.82,2457029,BA
07-08-2015,143.22,143.84,141.7,142.42,2953194,BA
10-08-2015,143.79,146.77,143.78,145.86,3432610,BA
11-08-2015,144.14,144.93,143.28,144.05,2816679,BA
12-08-2015,142.55,143.01,139.86,142.43,4405521,BA
13-08-2015,142.03,145.45,141.53,144.81,5129524,BA
14-08-2015,144.61,145.47,143.76,145.09,2927085,BA
17-08-2015,144.6,144.86,142.93,144.44,3745958,BA
18-08-2015,144.39,145.21,143.82,144.6,1955511,BA
19-08-2015,143.42,144.48,142.32,142.72,2967301,BA
20-08-2015,141.62,141.9,136.9,137.02,6601375,BA
21-08-2015,134.88,135.09,131.46,131.71,7957580,BA
24-08-2015,123.64,135.5,115.14,127.19,9425772,BA
25-08-2015,130,130.72,125.43,125.49,7159116,BA
26-08-2015,129.34,129.76,125.23,129.34,6428364,BA
27-08-2015,131.08,132.36,129.46,131.87,5754555,BA
28-08-2015,131.43,133.72,130.86,133.24,4508774,BA
31-08-2015,132.37,132.7,130.39,130.68,4231666,BA
01-09-2015,128.16,128.99,126.94,127.44,5772654,BA
02-09-2015,128.48,130.67,127.74,130.63,4809344,BA
03-09-2015,132.31,132.35,130.48,131.02,3379456,BA
04-09-2015,129.55,130.49,128.66,129.76,3746661,BA
08-09-2015,132.27,133.99,132,133.82,3505842,BA
09-09-2015,135.59,136.25,132.21,132.65,4713931,BA
10-09-2015,132.34,134.57,132.27,133.55,2932190,BA
11-09-2015,133.16,134.86,132.89,134.67,2628223,BA
14-09-2015,134.72,135.13,133.73,134.43,2389564,BA
15-09-2015,134.52,137,134.52,136.3,3761791,BA
16-09-2015,136.26,137.43,136.01,137.2,2505018,BA
17-09-2015,137.36,139.91,136.94,137.45,3405575,BA
18-09-2015,135.75,137.69,134.4,136.09,7302713,BA
21-09-2015,136.42,137.45,134.94,136.02,2460863,BA
22-09-2015,134.49,134.49,132.52,133.99,3465047,BA
23-09-2015,134.66,135,131.61,131.67,4907463,BA
24-09-2015,130.72,130.77,127.18,129.75,5297754,BA
25-09-2015,131.57,131.73,129.28,131.01,4149869,BA
28-09-2015,130.44,130.48,128.03,128.13,4159998,BA
29-09-2015,128.11,129.15,127.47,128.75,2935066,BA
30-09-2015,130.27,131.41,129.62,130.95,3062539,BA
01-10-2015,131.32,131.79,128.98,130.61,2878388,BA
02-10-2015,129,132.59,128.56,132.56,3020473,BA
05-10-2015,132.28,134.15,131.35,134.02,4587547,BA
06-10-2015,134.1,135.54,133.67,134.63,3059566,BA
07-10-2015,135.69,137.73,135.26,137.02,3284110,BA
08-10-2015,136.66,139.35,136.07,139.04,2835713,BA
09-10-2015,139.07,140.24,138.36,139.7,3065696,BA
12-10-2015,139.93,141.07,139.32,140.68,1942171,BA
13-10-2015,139.44,140.5,139.43,140.29,2339688,BA
14-10-2015,139.75,140.89,133.58,134.22,8752268,BA
15-10-2015,135.16,137.67,135,137.39,6368293,BA
16-10-2015,137.43,138.73,136.52,137.6,3173730,BA
19-10-2015,137.6,138.61,136.39,138.42,4021966,BA
20-10-2015,137.94,139.93,137.58,138.88,4202644,BA
21-10-2015,141.7,142.15,136.61,141.19,8976770,BA
22-10-2015,142,147.36,141.93,146.31,6976272,BA
23-10-2015,147.37,147.75,144.91,146.7,4691229,BA
26-10-2015,146.21,147.23,145.55,146.7,3143377,BA
27-10-2015,146.22,148.99,146.01,148.46,3411338,BA
28-10-2015,147.99,148.81,145.14,147.88,4408322,BA
29-10-2015,147.54,147.87,145.83,147.18,3072059,BA
30-10-2015,147.4,149.6,147.09,148.07,3938024,BA
02-11-2015,148.38,149.47,147.56,148.4,2516741,BA
03-11-2015,148.03,148.46,147.14,148.09,2469950,BA
04-11-2015,147.26,148.76,147.18,148.19,2771502,BA
05-11-2015,148.19,148.84,146.49,147.97,2545390,BA
06-11-2015,146.58,148.17,146.01,147.94,2294109,BA
09-11-2015,146.9,147.48,145.18,145.98,2980833,BA
10-11-2015,145.28,146.14,144.03,145.15,2524124,BA
11-11-2015,145.2,145.83,144.52,144.99,1589325,BA
12-11-2015,143,144.4,141.59,142.54,3796804,BA
13-11-2015,142.33,143.89,141.86,142.59,3063778,BA
16-11-2015,142.58,144.5,142.33,144.42,2378347,BA
17-11-2015,145.29,146.59,144.64,146.08,3038332,BA
18-11-2015,146.24,148.39,146.23,148.28,3101147,BA
19-11-2015,148.79,149.48,148.26,149.24,2492572,BA
20-11-2015,149.84,150.59,149.12,149.4,3210204,BA
23-11-2015,149.39,149.7,147.71,148.34,3183717,BA
24-11-2015,147.49,149.59,147.22,148.65,2626649,BA
25-11-2015,149.04,149.15,147.38,147.43,1852242,BA
27-11-2015,147.5,147.97,146.68,146.95,1282131,BA
30-11-2015,146.97,147.26,145.36,145.45,3176745,BA
01-12-2015,146.54,149.4,146.47,147.74,3444346,BA
02-12-2015,147.55,148.03,146.38,146.96,2648847,BA
03-12-2015,147.05,147.63,144.28,145.56,3008659,BA
04-12-2015,146.35,148.78,146.09,148.5,3892856,BA
07-12-2015,148.3,149.5,147.32,148.45,3417715,BA
08-12-2015,146.82,147.23,144.65,144.99,5021095,BA
09-12-2015,144.6,145.69,142.27,144.24,5124573,BA
10-12-2015,144.62,147.46,144.16,146.41,3278542,BA
11-12-2015,145,145.7,143.72,144.62,3684384,BA
14-12-2015,144.5,144.5,141.46,143,4845032,BA
15-12-2015,145.66,147.1,144.12,146.53,4705329,BA
16-12-2015,147.98,148.61,146.23,148.11,3316048,BA
17-12-2015,148.85,149.8,145.5,145.56,3448810,BA
18-12-2015,144.41,144.41,138.89,139.58,9951965,BA
21-12-2015,140.21,141.94,139.7,140.9,3746389,BA
22-12-2015,141.72,142.79,140.5,142.38,2791715,BA
23-12-2015,143.08,144.07,142.81,144.06,3353868,BA
24-12-2015,143.6,143.93,143.36,143.53,1184981,BA
28-12-2015,143.26,144.67,142.85,144.54,1980017,BA
29-12-2015,145.06,147.56,145,147.35,3133578,BA
30-12-2015,147.22,148,146.01,146.41,1618958,BA
31-12-2015,145.96,145.96,144.5,144.59,2105228,BA
04-01-2016,141.38,141.7,139.43,140.5,5719507,BA
05-01-2016,140.99,141.7,139.77,141.07,3356951,BA
06-01-2016,138.83,139.35,137.26,138.83,4254056,BA
07-01-2016,136.38,136.67,132.51,133.01,7013671,BA
08-01-2016,133.7,135.1,129.8,129.99,5776933,BA
11-01-2016,130.85,131,128.92,130.21,5551464,BA
12-01-2016,131.58,132.17,129.64,131.92,4171513,BA
13-01-2016,132.7,132.88,127.75,128.12,5073095,BA
14-01-2016,129.59,130.07,125.81,129.2,6517753,BA
15-01-2016,125.8,127.14,124.51,125.63,6678391,BA
19-01-2016,127.06,127.22,125.11,126.06,5478911,BA
20-01-2016,124,124.94,119.82,122.14,7636593,BA
21-01-2016,122.77,125.98,121.54,123.4,5546240,BA
22-01-2016,124.42,125.68,123.32,124.61,5259941,BA
25-01-2016,124.6,125.24,123.4,124.01,4551572,BA
26-01-2016,124.98,128.15,124.5,128.01,5432566,BA
27-01-2016,119.9,120.11,115.02,116.58,27945885,BA
28-01-2016,117.1,118.03,115.06,118.01,10708445,BA
29-01-2016,118.14,120.18,118.02,120.13,9195721,BA
01-02-2016,119.64,122.29,118.65,121.56,6812827,BA
02-02-2016,119.69,120.28,117.37,117.52,8646673,BA
03-02-2016,118.8,122.13,117.15,121.87,7361854,BA
04-02-2016,121.12,124.91,121.12,123.61,5836971,BA
05-02-2016,123.63,124.17,121.03,122.56,6186691,BA
08-02-2016,120.67,121.33,117.25,119.47,6453599,BA
09-02-2016,117.98,119.98,117.43,118.88,4137630,BA
10-02-2016,118.16,119.46,116.27,116.36,4888570,BA
11-02-2016,113.18,113.4,102.1,108.44,33735576,BA
12-02-2016,105.12,109.84,105,108.63,12973383,BA
16-02-2016,109.73,112.76,109,112.6,7587694,BA
17-02-2016,114.03,116.83,113.99,116.34,6619560,BA
18-02-2016,116.91,118.23,116.68,117.57,6489039,BA
19-02-2016,117.31,117.33,114.42,115.16,6920644,BA
22-02-2016,116.55,118.97,116.03,117.39,4930290,BA
23-02-2016,116.97,118.5,115.93,116.9,3762341,BA
24-02-2016,115.37,115.96,112.51,115.59,6859285,BA
25-02-2016,116.35,117.6,115.78,116.82,4667100,BA
26-02-2016,117.75,119.45,117.5,118.16,3757794,BA
29-02-2016,118.12,119.47,117.5,118.18,4569734,BA
01-03-2016,119.01,120.99,118.25,119.96,4595376,BA
02-03-2016,119.63,120.75,118.5,119.65,4292475,BA
03-03-2016,118.84,119.73,118.25,119.61,3404550,BA
04-03-2016,120.17,122.23,119.85,121.07,4421538,BA
07-03-2016,120.8,123.32,120.57,122.9,4504749,BA
08-03-2016,121.98,122.97,121.31,122.35,5257279,BA
09-03-2016,122.38,123.26,122.03,122.86,3380259,BA
10-03-2016,123.14,123.82,121.43,122.94,4111343,BA
11-03-2016,124.13,125.5,123.86,124.63,3260192,BA
14-03-2016,123.93,127,123.86,126.34,4283351,BA
15-03-2016,125.55,126.37,124.21,126.36,3717494,BA
16-03-2016,126.24,128.13,125.75,127.57,5154713,BA
17-03-2016,128.07,131.6,127.42,130.7,5800939,BA
18-03-2016,131.24,134.68,131.01,133.96,9108420,BA
21-03-2016,133.46,136.78,133.39,135.86,5671395,BA
22-03-2016,135.14,136.1,134.78,135.12,4989023,BA
23-03-2016,134.99,135,132.74,132.86,4361178,BA
24-03-2016,131.61,132.23,130.03,132.12,4573148,BA
28-03-2016,132.53,132.62,130.55,131.29,3352222,BA
29-03-2016,129.83,130.93,128.18,130.88,4910240,BA
30-03-2016,131.48,132.73,128.02,128.58,5948968,BA
31-03-2016,128.09,128.38,125.25,126.94,8758273,BA
01-04-2016,126.23,127.09,125.11,126.96,5327979,BA
04-04-2016,126.54,127.97,125.88,126.34,5036477,BA
05-04-2016,126.15,128.59,125.58,127.03,4660147,BA
06-04-2016,127.16,128.04,125.75,127.93,3998029,BA
07-04-2016,127,128.94,126.56,127,4596320,BA
08-04-2016,128.04,130.02,127.61,127.88,3939827,BA
11-04-2016,128.25,129.9,127.68,127.91,3611717,BA
12-04-2016,127.62,130.38,126.68,129.47,4239155,BA
13-04-2016,130.49,131.5,129.81,131.14,3514790,BA
14-04-2016,131.5,131.95,130.53,130.85,4527589,BA
15-04-2016,130.95,131.6,130.68,131.13,5008698,BA
18-04-2016,130.64,132.25,130.32,131.97,3056130,BA
19-04-2016,132.57,133.85,132.21,132.68,2931033,BA
20-04-2016,128.55,131.36,128.49,130.57,6799035,BA
21-04-2016,130.98,132.64,130.3,130.74,4799625,BA
22-04-2016,131.09,131.83,130.5,131.05,3858140,BA
25-04-2016,130.45,131,129.31,130.75,4600056,BA
26-04-2016,131.25,133.27,131.06,133.24,6103385,BA
27-04-2016,133.2,137.89,131.95,137.08,6930830,BA
28-04-2016,136.29,137.72,134.5,134.8,4938833,BA
29-04-2016,134.42,135.23,132.81,134.8,3716685,BA
02-05-2016,134.38,135,133.23,134.01,3703832,BA
03-05-2016,132.7,133.31,131.46,132.49,4028700,BA
04-05-2016,131.59,132.31,130.53,130.89,3340540,BA
05-05-2016,131.73,132.64,131.12,132.08,4199192,BA
06-05-2016,132.11,133.63,131.76,133.26,2466030,BA
09-05-2016,132.8,133.81,131.82,132.1,3431065,BA
10-05-2016,133.18,135.24,132.79,134.73,3382661,BA
11-05-2016,133.81,134.99,132.94,133,3284133,BA
12-05-2016,133.49,135.04,133.49,134.42,4591261,BA
13-05-2016,133.74,134.94,131.91,132.12,3965859,BA
16-05-2016,131.63,134.41,131.55,134.14,3165440,BA
17-05-2016,133.62,134.49,131.96,132.56,4031994,BA
18-05-2016,132.45,133.18,130.34,130.99,4060391,BA
19-05-2016,130.24,130.43,127.09,128.08,5061552,BA
20-05-2016,129.13,129.25,127.21,127.39,3297732,BA
23-05-2016,127.4,128.41,125.88,127.58,3977742,BA
24-05-2016,127.76,128.81,126.32,127.5,5102368,BA
25-05-2016,128,129.78,127.37,128.86,4656798,BA
26-05-2016,128.48,129.9,128.32,129.31,2586274,BA
27-05-2016,128.96,129.7,128.83,129.22,3043697,BA
31-05-2016,129.88,129.98,126.04,126.15,6894401,BA
01-06-2016,126,126.5,124.78,126.41,4679640,BA
02-06-2016,126.65,127.03,125.32,126.85,4802106,BA
03-06-2016,126.42,127.58,125.95,127.38,5485569,BA
06-06-2016,127.6,132.08,127.45,131.9,6996226,BA
07-06-2016,132.41,133.39,131.82,131.93,4423983,BA
08-06-2016,132.52,133.53,132.04,133,3883726,BA
09-06-2016,132.1,133.82,131.92,133.1,3811169,BA
10-06-2016,131.76,132.12,130.37,131.14,3828593,BA
13-06-2016,130.79,131.51,129.88,129.92,3645025,BA
14-06-2016,129.63,130.6,128.5,130.5,3716959,BA
15-06-2016,130.88,131.77,129.97,130.16,3324752,BA
16-06-2016,129.32,129.89,126.9,129.37,4066106,BA
17-06-2016,129.83,129.99,128.81,129.82,6739624,BA
20-06-2016,131.36,133.9,131.21,132.75,4331887,BA
21-06-2016,133.19,133.28,131.49,131.52,2841092,BA
22-06-2016,132.1,133.16,131.58,131.77,2641444,BA
23-06-2016,133.91,134.55,132.73,133.55,4113903,BA
24-06-2016,128.14,129.39,126.21,126.52,9707256,BA
27-06-2016,125.68,125.75,122.35,122.7,6251280,BA
28-06-2016,124.5,124.76,122.7,123.89,4438083,BA
29-06-2016,125.49,127.32,124.16,126.99,4916718,BA
30-06-2016,127.08,129.87,127.08,129.87,4110845,BA
01-07-2016,129.54,130.34,129.16,129.69,3247946,BA
05-07-2016,128.43,129,126.63,126.97,4829391,BA
06-07-2016,127.25,127.31,123.96,126.96,3981674,BA
07-07-2016,126.92,128.17,126.26,127.17,3050067,BA
08-07-2016,128.6,130.46,127.66,130.09,3597822,BA
11-07-2016,130.84,133.25,130.8,132.04,3929870,BA
12-07-2016,132.8,133,130.33,130.81,4318419,BA
13-07-2016,131.28,131.39,129.37,130.11,3061397,BA
14-07-2016,131.63,131.92,130.2,131.55,3984053,BA
15-07-2016,131.8,132.75,131.45,132.39,2944890,BA
18-07-2016,132.38,133.89,131.95,133.43,3338403,BA
19-07-2016,132.91,135.67,132.83,134.66,3390031,BA
20-07-2016,134.55,135.18,134.04,134.72,2669692,BA
21-07-2016,134.76,134.98,133.03,133.53,2853738,BA
22-07-2016,131.75,133.49,130.57,133.47,4844935,BA
25-07-2016,133.18,133.3,132.38,132.94,3078599,BA
26-07-2016,132.9,134.97,132.51,134.85,4667327,BA
27-07-2016,136.14,139.45,135.71,135.96,5661668,BA
28-07-2016,135.4,135.86,132.55,133.01,5142388,BA
29-07-2016,133.05,133.8,132.3,133.66,3559058,BA
01-08-2016,133.21,134.23,132.7,133.21,3067258,BA
02-08-2016,132.95,133.4,131.35,131.6,3156760,BA
03-08-2016,131.77,132.45,131.62,131.87,2359275,BA
04-08-2016,132,132.55,130.96,131.21,3009006,BA
05-08-2016,132.21,132.44,131.01,131.73,3120136,BA
08-08-2016,132.14,132.95,131.75,132.19,2443769,BA
09-08-2016,132.73,132.99,132.23,132.63,3013939,BA
10-08-2016,132.1,133.53,131.71,132.28,2642249,BA
11-08-2016,132.85,133.56,132.3,133,2275674,BA
12-08-2016,132.9,133.78,132.63,133.1,2522553,BA
15-08-2016,133.7,135,133.55,134.66,2812634,BA
16-08-2016,134.15,135.21,133.4,135,2759206,BA
17-08-2016,134.85,134.99,134.11,134.72,2854630,BA
18-08-2016,134.72,135.96,134.53,135,2030826,BA
19-08-2016,134.5,135,133.84,134.44,1922645,BA
22-08-2016,134.3,135.67,133.84,134.99,2520722,BA
23-08-2016,135.32,136.37,133.64,134.14,3481863,BA
24-08-2016,134.01,134.65,133.07,133.29,2135910,BA
25-08-2016,133.3,133.3,132.42,132.98,1921352,BA
26-08-2016,133.5,134.08,131.82,132.23,1973740,BA
29-08-2016,132.72,133.58,132.32,132.9,2380035,BA
30-08-2016,133.19,133.44,130.68,130.81,3437290,BA
31-08-2016,130.83,130.83,129.14,129.45,3639176,BA
01-09-2016,130.03,130.03,128.36,129.9,2807237,BA
02-09-2016,130.89,131.96,130.58,131.16,2631047,BA
06-09-2016,131.63,132.99,131.27,132.99,4151796,BA
07-09-2016,132.48,133.08,132,132.64,2198686,BA
08-09-2016,132.32,132.91,131.51,132.9,2618307,BA
09-09-2016,131.94,131.94,128.52,128.53,4892944,BA
12-09-2016,126.88,130.68,126.31,130.12,6381112,BA
13-09-2016,129.22,130.02,128.26,128.76,4552399,BA
14-09-2016,128.91,129.31,127.34,127.67,3955402,BA
15-09-2016,127.57,128.46,126.94,127.77,3476794,BA
16-09-2016,127.71,127.71,126.34,126.7,8035616,BA
19-09-2016,127.5,128.3,127.27,127.48,3168098,BA
20-09-2016,127.95,128.5,127.57,127.79,2639279,BA
21-09-2016,128.18,130.63,128.18,130.56,3227758,BA
22-09-2016,131.45,132.48,131.17,131.87,3253143,BA
23-09-2016,131.25,132.29,131.01,131.78,2330720,BA
26-09-2016,131.07,131.58,130.43,130.57,2219885,BA
27-09-2016,130.29,131.74,129.86,131.32,1939020,BA
28-09-2016,131.59,132.36,130.59,132.23,1772965,BA
29-09-2016,131.8,132.78,130.68,131.03,2199395,BA
30-09-2016,132.09,132.63,131.27,131.74,3118877,BA
03-10-2016,131.28,132.72,130.74,132.38,2439410,BA
04-10-2016,132.77,133.23,131.69,132.25,2829188,BA
05-10-2016,132.93,134.9,132.55,134.66,3137532,BA
06-10-2016,134.83,135,133.68,134.42,3614860,BA
07-10-2016,133.93,134.66,132.54,133.85,4302031,BA
10-10-2016,134.59,136.87,134.59,135.84,3343271,BA
11-10-2016,134.94,135.69,133.27,133.74,3607330,BA
12-10-2016,133.76,134.28,133,133.16,2264188,BA
13-10-2016,132.42,133.93,131.39,133.38,3544190,BA
14-10-2016,134.56,135.25,133.48,133.5,2317429,BA
17-10-2016,133.5,135.38,133.33,134,2435134,BA
18-10-2016,135.03,135.74,134.92,135.1,2271047,BA
19-10-2016,135.42,136.95,135.33,136.18,2265864,BA
20-10-2016,135.92,136.75,135.37,135.84,2539711,BA
21-10-2016,134.72,136.19,134.25,135.63,2205772,BA
24-10-2016,136.41,138.88,136.41,137.45,3814247,BA
25-10-2016,137.53,139.42,137.35,139.02,5209103,BA
26-10-2016,138.43,146.19,136.72,145.54,13272044,BA
27-10-2016,145.83,146.23,141.78,143.31,7857081,BA
28-10-2016,143.72,144,142.17,143.01,4636070,BA
31-10-2016,143.05,143.35,142.15,142.43,3075889,BA
01-11-2016,142.95,143.9,141.81,142.41,3245017,BA
02-11-2016,142,142.87,140.59,140.75,2782065,BA
03-11-2016,140.76,140.9,139.35,140.02,2280825,BA
04-11-2016,139.11,140.85,138.8,139.54,2951457,BA
07-11-2016,141.5,143.1,141.49,143.03,3228202,BA
08-11-2016,141.92,143.31,141.29,142.2,2823805,BA
09-11-2016,141.6,145.85,141.54,145.09,5494382,BA
10-11-2016,146.51,149.34,146.39,147.69,6508251,BA
11-11-2016,147.12,148.6,146.56,148.52,3585163,BA
14-11-2016,148.21,150.09,148.21,149.99,4490877,BA
15-11-2016,148.44,149.45,147.19,148.11,3856601,BA
16-11-2016,147.3,148.41,146.14,146.44,3559655,BA
17-11-2016,146.83,147.12,145,145.33,3656124,BA
18-11-2016,145.18,146.6,144.46,146.35,2214419,BA
21-11-2016,147.21,148.49,146.52,147.02,2825906,BA
22-11-2016,147.9,149.76,147.88,149.52,3770004,BA
23-11-2016,149.61,150.81,149.03,149.74,3071074,BA
25-11-2016,150,150.15,149.03,150.04,962387,BA
28-11-2016,149,150.09,148.32,149.77,4728764,BA
29-11-2016,149.83,152.11,149.11,151.64,3945635,BA
30-11-2016,151.59,153.08,150.56,150.56,3990972,BA
01-12-2016,150.74,152.69,150.39,152.39,2843930,BA
02-12-2016,152.45,152.49,151.12,152.25,2105577,BA
05-12-2016,153.24,153.75,151.85,152.16,2855946,BA
06-12-2016,150.84,152.64,150.02,152.24,3476254,BA
07-12-2016,151.67,154.31,151.07,154.14,2955753,BA
08-12-2016,154.6,155.97,154.14,155.39,2928370,BA
09-12-2016,155.65,156.88,155.42,156.49,2707872,BA
12-12-2016,156,158,154.3,157.16,4247679,BA
13-12-2016,159.1,160.07,154.88,156.66,5650374,BA
14-12-2016,156.23,156.37,154.18,154.47,3640207,BA
15-12-2016,153.93,155.24,153.06,153.77,2889324,BA
16-12-2016,153.88,156,153.14,154.5,5888293,BA
19-12-2016,155.16,157.1,155.07,156.18,3002782,BA
20-12-2016,156.96,157.89,155.95,156.39,2270137,BA
21-12-2016,156.69,158.5,156.65,157.48,2326366,BA
22-12-2016,158.5,158.99,156.25,157.46,3958475,BA
23-12-2016,158.27,158.27,156.51,157.81,2135828,BA
27-12-2016,158.41,158.48,156.91,157.48,1858667,BA
28-12-2016,157.12,157.35,156.01,156.1,1810430,BA
29-12-2016,156,156.75,155.16,155.69,1803955,BA
30-12-2016,156.49,156.79,154.96,155.68,2028432,BA
03-01-2017,156.3,157.14,155.21,156.97,3426113,BA
04-01-2017,157.81,159.23,157.81,158.62,3189810,BA
05-01-2017,158.41,159.7,157.4,158.71,2795984,BA
06-01-2017,158.98,159.66,157.89,159.1,2426662,BA
09-01-2017,159,159.24,158.17,158.32,2839400,BA
10-01-2017,158.96,159.94,158.57,159.07,2988302,BA
11-01-2017,159.54,159.7,158.28,159.4,2416487,BA
12-01-2017,159.15,159.16,156.67,158.29,3020486,BA
13-01-2017,158.74,159.58,158.34,158.83,2435391,BA
17-01-2017,158.2,159.04,157.23,157.67,2758788,BA
18-01-2017,157.55,159.05,156.75,158.32,2087283,BA
19-01-2017,158.87,159.87,157.91,159,3143963,BA
20-01-2017,159.81,160.3,158.23,159.53,3384525,BA
23-01-2017,158.94,159.5,157.29,157.84,3931185,BA
24-01-2017,158.58,160.93,157.84,160.55,3927536,BA
25-01-2017,163.59,168.65,163.24,167.36,7480039,BA
26-01-2017,167.25,170,167.25,169.12,5436834,BA
27-01-2017,169.21,169.8,167.01,167.7,4883229,BA
30-01-2017,165.92,165.99,163.82,165.57,5456316,BA
31-01-2017,164.96,165.1,163.22,163.42,5350680,BA
01-02-2017,164.25,165.81,163.12,163.97,3138026,BA
02-02-2017,163.22,163.97,160.82,162.26,3791669,BA
03-02-2017,162.99,163.56,162.31,162.4,2981662,BA
06-02-2017,162.42,164.08,162.38,163.98,3110494,BA
07-02-2017,165,167.42,164.87,166.5,4243239,BA
08-02-2017,165,165.24,163.69,163.81,3041595,BA
09-02-2017,164.67,165.09,164.06,164.28,3451132,BA
10-02-2017,165.25,166.45,164.47,166.23,2689719,BA
13-02-2017,166.45,169.07,166.35,168.03,3765027,BA
14-02-2017,167.7,168.8,167.22,168.5,2580278,BA
15-02-2017,168.42,169.95,168.35,169.3,4033198,BA
16-02-2017,169.64,170.81,168.75,170.81,3070147,BA
17-02-2017,170.41,173.25,170.4,172.71,4982894,BA
21-02-2017,173.92,176.17,173.68,175.56,4231706,BA
22-02-2017,174.98,175.75,174.01,175.36,2832136,BA
23-02-2017,175.97,177,175.7,176.86,3502645,BA
24-02-2017,176.75,178.8,176.1,177.44,4197152,BA
27-02-2017,178,179.88,177.55,179.43,2892626,BA
28-02-2017,180.34,181.93,179.67,180.23,4785145,BA
01-03-2017,181.85,184.8,181.82,183.91,5461751,BA
02-03-2017,184,185.71,182.97,182.99,4909023,BA
03-03-2017,183.04,183.58,181.45,182.18,3940363,BA
06-03-2017,181.4,182.3,180.43,180.93,4244029,BA
07-03-2017,180.64,182.84,180.62,182.02,2451990,BA
08-03-2017,182.4,182.69,181.49,181.74,2321738,BA
09-03-2017,181.43,182.59,179.58,180.57,3100466,BA
10-03-2017,181.9,181.97,177.92,178.7,4595621,BA
13-03-2017,177.16,179.19,177.07,179.05,3499021,BA
14-03-2017,178.54,179.69,177.71,178.73,2346666,BA
15-03-2017,179,179.24,177.97,178.71,3569047,BA
16-03-2017,179.82,180,177.64,178.19,3100744,BA
17-03-2017,178.31,180.38,178.17,180.1,5037385,BA
20-03-2017,180.1,180.15,179.14,179.39,2062211,BA
21-03-2017,179.99,180.25,175.5,175.96,3239579,BA
22-03-2017,175.96,177.1,175.5,176.98,2505738,BA
23-03-2017,177.34,177.85,176.59,177.26,2006383,BA
24-03-2017,176.85,177.53,174.77,175.82,2386809,BA
27-03-2017,174.37,176.44,173.75,176.1,2750685,BA
28-03-2017,176.29,177.68,175,177.36,2412559,BA
29-03-2017,177.4,177.99,176.97,177.63,1640601,BA
30-03-2017,177.25,178.49,177.22,177.98,1737221,BA
31-03-2017,178.02,178.18,176.81,176.86,2032749,BA
03-04-2017,177.08,177.73,175.5,176.65,2934818,BA
04-04-2017,176.88,178.79,176.76,178.7,2326494,BA
05-04-2017,179,180.18,176.89,177.08,2567212,BA
06-04-2017,177.56,178.22,177.12,177.37,2343873,BA
07-04-2017,178.39,179.09,177.26,178.85,2806779,BA
10-04-2017,179,179.97,177.48,177.56,2309273,BA
11-04-2017,177.5,178.6,176.96,178.57,2266280,BA
12-04-2017,178.25,178.25,175.94,176.05,2922725,BA
13-04-2017,175.74,176.88,175.56,175.62,2024086,BA
17-04-2017,175.84,179.08,175.65,179.02,2450222,BA
18-04-2017,178.59,179.97,177.12,177.85,2960165,BA
19-04-2017,178.47,179.9,178.16,178.4,2124533,BA
20-04-2017,178.74,179.82,178.35,179.3,2335176,BA
21-04-2017,179.42,180.93,179.42,180.38,3146556,BA
24-04-2017,181.75,182.46,181.61,182.06,3141913,BA
25-04-2017,182.53,183.85,182.53,183.51,3735370,BA
26-04-2017,182.31,183,180.11,181.71,4471593,BA
27-04-2017,182.59,183.76,182.59,183.22,3129075,BA
28-04-2017,183.42,184.93,183.02,184.83,2181592,BA
01-05-2017,184.23,184.49,181.8,182.39,3516749,BA
02-05-2017,182.54,183.91,182.53,183.44,1979787,BA
03-05-2017,183.45,183.75,182.25,183.39,2983245,BA
04-05-2017,183.33,184.25,182.18,183.07,2289326,BA
05-05-2017,183.16,185.07,183.16,185.01,2636917,BA
08-05-2017,185.38,186.39,185,186.02,1963569,BA
09-05-2017,186.11,187.21,186.05,186.91,3003956,BA
10-05-2017,185.14,185.65,178.18,183.18,7060056,BA
11-05-2017,182.9,184.33,182.17,183.94,2883815,BA
12-05-2017,183.71,183.98,182.63,183.25,3479223,BA
15-05-2017,183.3,184.11,182.28,182.39,3364967,BA
16-05-2017,182.73,183.15,182.04,182.7,2156147,BA
17-05-2017,181.39,181.52,178.68,178.78,2535741,BA
18-05-2017,178.48,178.5,175.47,177.4,3118075,BA
19-05-2017,177.73,181.42,176.77,180.76,4038909,BA
22-05-2017,183.78,185.32,182.52,183.67,2946750,BA
23-05-2017,184,184.46,182.86,183.49,2123758,BA
24-05-2017,183.46,185.4,183.46,185.25,2425330,BA
25-05-2017,185.63,187.42,185.59,187.07,2363329,BA
26-05-2017,186.73,187.61,186.27,186.59,1735778,BA
30-05-2017,186.76,187.42,186.19,186.88,2231571,BA
31-05-2017,187.37,188.26,186.72,187.63,5186677,BA
01-06-2017,187.41,187.91,184.53,187.32,2870243,BA
02-06-2017,187.82,191.7,187.65,190.23,3034272,BA
05-06-2017,190.07,190.74,188.81,188.95,2522113,BA
06-06-2017,188.41,188.86,186.69,186.75,2724995,BA
07-06-2017,186.85,188.54,186.39,188.1,2383954,BA
08-06-2017,188.1,191.07,187.7,189.93,2340325,BA
09-06-2017,190,190.99,189.25,190.03,3344896,BA
12-06-2017,190.3,190.53,188.05,190,2730111,BA
13-06-2017,190.05,191.56,189.35,191.09,1882684,BA
14-06-2017,191.05,193.38,190.82,192.38,2210039,BA
15-06-2017,191.43,195.55,191.37,195.45,2894081,BA
16-06-2017,196.01,197.95,195.81,196.44,6939081,BA
19-06-2017,197.88,199.47,197,199.08,2726416,BA
20-06-2017,198.75,201.24,198.31,198.33,3077408,BA
21-06-2017,199.58,199.71,197.56,199.17,3151125,BA
22-06-2017,199.25,200.41,199.18,199.44,3339255,BA
23-06-2017,199.26,202.35,198.68,202.23,4310050,BA
26-06-2017,202.77,204.39,199.94,199.98,3077632,BA
27-06-2017,199.8,200.92,198.89,198.89,2296887,BA
28-06-2017,199.5,200.95,199.3,199.62,2096774,BA
29-06-2017,199.62,199.76,196.45,197.46,2428873,BA
30-06-2017,198.5,199.44,197.39,197.75,2225564,BA
03-07-2017,198.07,199.44,197.75,198.59,1511163,BA
05-07-2017,199.3,202.14,198.86,201.81,2716674,BA
06-07-2017,201.64,202.49,200.78,201.48,2737400,BA
07-07-2017,202.24,203.28,201.26,202.37,3090441,BA
10-07-2017,202.32,204.58,202.19,203.96,2701928,BA
11-07-2017,204,206.66,204,206.27,2815790,BA
12-07-2017,206.95,208.61,206.32,206.44,2817350,BA
13-07-2017,206.8,207,205.35,206.23,1943575,BA
14-07-2017,206.8,208.73,206.74,208.51,3229034,BA
17-07-2017,208.73,209.72,208.56,209,2415956,BA
18-07-2017,209.11,209.19,207.53,208.24,1943144,BA
19-07-2017,209.43,210.93,208.99,210.88,2258363,BA
20-07-2017,211.1,211.25,209.92,210.28,2235082,BA
21-07-2017,209.99,212.2,209.41,212.14,2098402,BA
24-07-2017,212,212.64,211.4,212.18,2392741,BA
25-07-2017,213.22,214,211.95,212.46,2889035,BA
26-07-2017,223.48,233.98,223.02,233.45,14139955,BA
27-07-2017,237.13,242.68,236.7,241,10860578,BA
28-07-2017,240.82,242,238.55,241.27,4602406,BA
31-07-2017,241.85,246.49,241.82,242.46,5777271,BA
01-08-2017,243.38,243.99,239.16,239.44,5018396,BA
02-08-2017,239.06,241.56,237.88,237.95,5119876,BA
03-08-2017,237.06,239.59,236.04,238.25,5112697,BA
04-08-2017,238.58,239.73,236.38,237.71,5590535,BA
07-08-2017,237.6,241.43,237.21,240.23,3674677,BA
08-08-2017,239.91,240.52,238.93,239.5,4871451,BA
09-08-2017,238.01,238.7,234.1,234.31,5680369,BA
10-08-2017,234.03,236.16,231.91,232.88,6817655,BA
11-08-2017,232.76,235.4,230.94,234.88,3461663,BA
14-08-2017,236.01,237.48,235.72,237.15,2953549,BA
15-08-2017,237.21,239.64,236.01,239.17,2851082,BA
16-08-2017,239.7,240.26,237.41,237.59,3012660,BA
17-08-2017,237.38,237.6,235.25,235.59,2810933,BA
18-08-2017,235,237.26,234.57,235.77,2939494,BA
21-08-2017,235.77,236.94,234.35,235.68,2545355,BA
22-08-2017,236.16,239.89,236.11,239.75,2915687,BA
23-08-2017,239.36,239.36,237.19,238.09,2518274,BA
24-08-2017,238.52,238.9,236.6,238.74,2553084,BA
25-08-2017,239,239.09,235.6,235.89,2270276,BA
28-08-2017,236.22,237.55,234.61,237.18,2394983,BA
29-08-2017,237.21,241.17,236.08,240.49,3535465,BA
30-08-2017,240.99,241.44,239,240.46,2801097,BA
31-08-2017,241,241.1,238.41,239.66,3075798,BA
01-09-2017,239.66,242.53,239.17,240.33,3271270,BA
05-09-2017,240.3,240.36,236.23,237,3869251,BA
06-09-2017,237.53,237.86,234.34,234.62,4252704,BA
07-09-2017,234.75,236.54,234.29,236.31,2994514,BA
08-09-2017,235.75,239.39,235.21,238.78,3404151,BA
11-09-2017,239.5,241.85,239.31,240.59,3628146,BA
12-09-2017,240.59,241.71,238.95,240.58,2702732,BA
13-09-2017,240,243.48,237.09,241.93,4529090,BA
14-09-2017,243,245.61,242.5,245.23,4995155,BA
15-09-2017,247.36,249.95,246.21,249,9033301,BA
18-09-2017,249.97,253.79,248.91,253.08,5192959,BA
19-09-2017,253.08,255.17,251.63,252.46,4124716,BA
20-09-2017,253.26,256.69,252.25,255.46,3853153,BA
21-09-2017,256.13,256.99,254.42,256.04,2809374,BA
22-09-2017,256.31,259.3,256.13,256.45,3475566,BA
25-09-2017,256.97,256.97,251.5,254.32,3479166,BA
26-09-2017,254.6,256.48,253.54,253.7,2173606,BA
27-09-2017,255.27,258.77,253.97,255.28,3840114,BA
28-09-2017,254.11,255.8,251.17,254.27,2586076,BA
29-09-2017,253.85,255.26,252.59,254.21,2531131,BA
02-10-2017,254.65,255.99,253.53,255.99,2685053,BA
03-10-2017,255.99,258.26,254.69,255.46,3163415,BA
04-10-2017,256.12,257.13,254.07,255.76,3030983,BA
05-10-2017,255.28,258.99,254.78,258.89,3940198,BA
06-10-2017,258,258.9,257.06,258.58,2736358,BA
09-10-2017,259,259,257.11,258.39,2146782,BA
10-10-2017,259.74,261.06,257.2,260.93,2740651,BA
11-10-2017,261.32,261.65,259.02,261.44,2890344,BA
12-10-2017,260.95,262.98,260,261.91,2577900,BA
13-10-2017,262.9,263.79,260.74,260.74,2243903,BA
16-10-2017,261.5,262,259.69,259.75,1818869,BA
17-10-2017,256.49,259.05,256.26,258.62,2515865,BA
18-10-2017,258.47,260.73,256.66,260.04,2051651,BA
19-10-2017,258.98,259.1,256.03,259.04,2589203,BA
20-10-2017,260.36,264.83,259.44,264.75,3955922,BA
23-10-2017,265.13,265.98,262.14,262.32,3302395,BA
24-10-2017,263.24,267.21,263.24,266,4401597,BA
25-10-2017,264.78,266,254.5,258.4,7318222,BA
26-10-2017,259.72,261.44,257.31,259.27,3419137,BA
27-10-2017,258.26,259.5,255.8,256.46,2899168,BA
30-10-2017,255.45,260.41,255.33,259.25,3025919,BA
31-10-2017,259.34,259.93,257.47,257.98,2742775,BA
01-11-2017,258.29,259.41,256.24,258.5,2929490,BA
02-11-2017,258.31,263.24,258,262.63,2529912,BA
03-11-2017,262.42,263.79,260.08,261.75,2610784,BA
06-11-2017,262.62,265.84,262.53,264.07,2911598,BA
07-11-2017,264.07,267.28,264.07,266.13,3205378,BA
08-11-2017,266.14,267.62,265.29,265.57,2841807,BA
09-11-2017,265.01,266.75,259.56,262.7,3215203,BA
10-11-2017,262.11,262.5,259.6,260.85,1740621,BA
13-11-2017,261.67,263.36,260.49,262.42,2604867,BA
14-11-2017,262,262.4,260.2,261.76,2358169,BA
15-11-2017,261.42,264.77,260.15,262.86,2510533,BA
16-11-2017,263.76,265.04,263.34,263.7,2710174,BA
17-11-2017,262.82,263.74,262.03,262.26,1724790,BA
20-11-2017,263,265.62,262.76,264.63,2447398,BA
21-11-2017,266.24,267,264.71,266.99,2267052,BA
22-11-2017,267,267.48,264.53,265.15,1471390,BA
24-11-2017,265.26,266.57,264.53,265.88,788957,BA
27-11-2017,265.38,266.84,264.72,265.58,1772196,BA
28-11-2017,267,268.01,265.23,267.99,2262052,BA
29-11-2017,269.48,269.68,266.15,269.3,3029095,BA
30-11-2017,269.91,277.04,269.43,276.8,4820313,BA
01-12-2017,277.51,278.73,270.6,271.38,4592483,BA
04-12-2017,276.16,281.83,276,277.97,5523013,BA
05-12-2017,279.01,279.44,274.86,275.54,2806075,BA
06-12-2017,274.87,279.14,274,278.27,2538083,BA
07-12-2017,278.49,284.79,277.8,281.97,4264354,BA
08-12-2017,285.01,287.32,283.56,285.9,4440528,BA
11-12-2017,286.21,286.49,279.9,283.16,4065242,BA
12-12-2017,288.16,292.8,287.72,289.94,5517550,BA
13-12-2017,290.5,295.85,289.7,291.84,5003328,BA
14-12-2017,292.64,296.82,292.6,293.88,3913444,BA
15-12-2017,296.05,297.37,293.02,293.94,6933490,BA
18-12-2017,295.08,297.14,294.52,296.14,2901644,BA
19-12-2017,296.35,297.58,294.18,297.25,2728367,BA
20-12-2017,298.88,299.33,297.11,297.9,2533689,BA
21-12-2017,298.04,298.39,294.13,295.03,5398275,BA
22-12-2017,295.14,296.52,293.01,295.1,2257350,BA
26-12-2017,295.54,297.44,294.65,295.36,1394737,BA
27-12-2017,296.41,296.8,294.8,295.62,1447837,BA
28-12-2017,295.81,296.99,294.74,296.35,1436751,BA
29-12-2017,296.94,297.3,294.83,294.91,1824591,BA
02-01-2018,295.75,296.99,295.4,296.84,2978918,BA
03-01-2018,295.94,298.5,295.47,297.8,3211195,BA
04-01-2018,297.94,298.42,295.47,296.67,4171720,BA
05-01-2018,296.77,308.89,296.72,308.84,6177731,BA
08-01-2018,308.66,310.86,305.75,310.15,4124862,BA
09-01-2018,310.59,319.91,310.49,318.43,5641298,BA
10-01-2018,317.49,322.15,315.5,320.26,4479288,BA
11-01-2018,322.13,328.4,321.19,328.12,4635344,BA
12-01-2018,330.38,336.88,330.38,336.21,6559284,BA
16-01-2018,339.9,347.73,331.33,335.16,12305475,BA
17-01-2018,337.73,352.23,336.41,351.01,9699917,BA
18-01-2018,350.7,350.83,339.15,340.16,9458634,BA
19-01-2018,341.67,344,335.75,337.73,7264401,BA
22-01-2018,335.29,341.38,332.04,338,6792870,BA
23-01-2018,338.34,338.94,334.81,335.59,4537784,BA
24-01-2018,336.2,338.99,334.14,334.69,4205351,BA
25-01-2018,336.21,343.62,335.3,343.11,4747478,BA
26-01-2018,344.33,345.98,341.25,343.22,5236260,BA
29-01-2018,341.23,344.48,340.1,340.82,3324878,BA
30-01-2018,339.17,339.98,334.16,337.71,4983055,BA
31-01-2018,360.5,360.97,351.62,354.37,11409626,BA
01-02-2018,352.95,361.45,352.04,356.94,6067581,BA
02-02-2018,354,355.2,348.7,348.91,5486074,BA
05-02-2018,342.67,350,317.39,328.88,10511290,BA
06-02-2018,320,341.67,317.65,340.91,11935140,BA
07-02-2018,340.52,353.59,339.87,348.12,7946670,BA
08-02-2013,316.77,321.49,316.73,320.72,403264,CMG
11-02-2013,320.97,325.64,320.11,323.56,453220,CMG
12-02-2013,322.39,326.99,322.05,322.51,353599,CMG
13-02-2013,321.63,322.48,316.16,317.01,605608,CMG
14-02-2013,316.28,319.08,314.44,317.72,483832,CMG
15-02-2013,319.03,319.03,310.78,314.19,678216,CMG
19-02-2013,314.4,317.58,311.32,313.05,530537,CMG
20-02-2013,312.81,315.09,308,309.49,588188,CMG
21-02-2013,307.17,313.73,307.17,308.13,639141,CMG
22-02-2013,310.77,315.71,310.5,315.51,600207,CMG
25-02-2013,316.51,318.32,311.18,311.21,512884,CMG
26-02-2013,312.72,316.66,309.02,311.81,415128,CMG
27-02-2013,312.48,318.71,311.96,316.21,330537,CMG
28-02-2013,315.29,319.88,313.6,316.79,306386,CMG
01-03-2013,316.75,319.82,314.5,319.74,300757,CMG
04-03-2013,318.68,322.43,317.55,321.76,307211,CMG
05-03-2013,323.3,332.49,322.5,329.24,520227,CMG
06-03-2013,331.38,334.89,328.1,329,341441,CMG
07-03-2013,331.38,331.38,325.08,327.5,330531,CMG
08-03-2013,328.27,328.88,320.63,321.84,477790,CMG
11-03-2013,320.08,327.12,319.39,322.42,363793,CMG
12-03-2013,322.42,323.98,317,318.45,306360,CMG
13-03-2013,319.41,322.38,319.33,322.38,358434,CMG
14-03-2013,321.61,324.21,319.53,322.66,298613,CMG
15-03-2013,320.95,323.98,318.54,321.35,310927,CMG
18-03-2013,317.36,321.85,317.25,320.15,184722,CMG
19-03-2013,320.1,324.53,315.5,317.23,408041,CMG
20-03-2013,319.75,323.7,318.25,322.42,298839,CMG
21-03-2013,321.99,322.52,318.33,319.42,425498,CMG
22-03-2013,320.28,320.68,317.44,318.23,283465,CMG
25-03-2013,318.7,321.7,316.04,316.77,315454,CMG
26-03-2013,318.64,320.29,316.35,318.5,313704,CMG
27-03-2013,318.49,320.85,316.34,320.59,215130,CMG
28-03-2013,320.17,325.93,319.02,325.87,387865,CMG
01-04-2013,327.42,328.47,320,321.06,421993,CMG
02-04-2013,321.91,323.6,321.64,323.09,240714,CMG
03-04-2013,327.05,330,321.87,323.79,412947,CMG
04-04-2013,323.63,326.34,321.86,323.16,415428,CMG
05-04-2013,318.11,328.78,316.87,328,469919,CMG
08-04-2013,327.01,337.92,326.8,337.5,730124,CMG
09-04-2013,337.18,337.22,330.55,332.67,521355,CMG
10-04-2013,334.18,350,334.18,343.55,947646,CMG
11-04-2013,340,344.24,330.5,331.33,1458320,CMG
12-04-2013,329.77,342,327.28,341.91,782502,CMG
15-04-2013,349,349.88,337.03,337.17,892040,CMG
16-04-2013,341.03,343.89,337.67,342.17,447834,CMG
17-04-2013,339.59,343.78,337.44,339.94,340166,CMG
18-04-2013,341.5,341.5,328.36,328.36,1010479,CMG
19-04-2013,344.91,366.73,343.31,366.25,2747297,CMG
22-04-2013,367,372.99,362.66,362.83,988994,CMG
23-04-2013,363.63,365.75,358.14,361.27,713684,CMG
24-04-2013,358.71,365.65,358.71,362.79,419143,CMG
25-04-2013,363.3,365.86,361.14,362.85,302270,CMG
26-04-2013,362.01,364.22,359.47,361.73,339766,CMG
29-04-2013,362.18,367,359.52,363.59,276681,CMG
30-04-2013,365.49,365.51,360.71,363.19,373852,CMG
01-05-2013,360.95,364.83,358.5,362.18,277869,CMG
02-05-2013,361.68,369.32,361.62,365.2,363073,CMG
03-05-2013,368.25,369.5,365.65,367.35,234034,CMG
06-05-2013,367.45,376.27,367.45,373.98,496850,CMG
07-05-2013,372.57,374.15,359,361.09,1009716,CMG
08-05-2013,361.81,366.5,359.09,366.33,525572,CMG
09-05-2013,363.95,372.98,363.65,367.45,834223,CMG
10-05-2013,366.93,371.27,366.04,370.01,326412,CMG
13-05-2013,369.88,370.6,366.12,367.51,241815,CMG
14-05-2013,368,376.19,367.99,375.65,496343,CMG
15-05-2013,375.27,378.4,372.81,374.97,485204,CMG
16-05-2013,374.93,375.76,370.65,372.08,384406,CMG
17-05-2013,371.92,375.5,371.92,375.16,288345,CMG
20-05-2013,374.8,379.14,374.46,376.87,302087,CMG
21-05-2013,376.51,378.76,373.78,377.43,281816,CMG
22-05-2013,377.33,379.15,369.7,371.05,349036,CMG
23-05-2013,367.53,370.23,362.8,368.45,378234,CMG
24-05-2013,366.64,369.27,363.55,368.27,270845,CMG
28-05-2013,371.58,374,370.12,370.61,400587,CMG
29-05-2013,368.99,371.48,366.23,369.79,201888,CMG
30-05-2013,370.93,373.42,369.22,369.85,195480,CMG
31-05-2013,366.21,370.76,361,361,321687,CMG
03-06-2013,361.01,363.28,354.53,358.84,472438,CMG
04-06-2013,356.05,363.35,355.05,358.42,425949,CMG
05-06-2013,358.64,359.45,350.66,353.03,288081,CMG
06-06-2013,354.42,359.44,351.68,359.03,230353,CMG
07-06-2013,361,365.8,354.25,365.8,560353,CMG
10-06-2013,366.45,369.11,363.54,364.57,355421,CMG
11-06-2013,361.46,367.7,361.46,364.75,248759,CMG
12-06-2013,368.61,368.61,362.34,364.19,388398,CMG
13-06-2013,369.5,372.56,365.44,371.43,309540,CMG
14-06-2013,369.44,372.54,365.25,368.12,304430,CMG
17-06-2013,370.5,372.11,365,367.68,257156,CMG
18-06-2013,369.02,372.66,368.79,372.66,267035,CMG
19-06-2013,371.79,372.5,366,366.87,282459,CMG
20-06-2013,363.62,368.14,360.07,360.86,438224,CMG
21-06-2013,363.26,363.26,355.92,361.64,691265,CMG
24-06-2013,357.72,360.75,352.27,358.16,452487,CMG
25-06-2013,361.06,363.98,357.06,358.96,295051,CMG
26-06-2013,364,365.69,362.27,363.67,346312,CMG
27-06-2013,364.95,366.96,361.19,364.15,336673,CMG
28-06-2013,363.16,368.39,360.99,364.35,461100,CMG
01-07-2013,366.45,369.24,362.3,363.74,354946,CMG
02-07-2013,364.67,371.77,364.67,371.53,444377,CMG
03-07-2013,374.99,386.81,374.75,384.47,691945,CMG
05-07-2013,386,386.78,383.01,386.33,379403,CMG
08-07-2013,387.39,388.21,383.92,386.03,345376,CMG
09-07-2013,387.85,389.84,385.67,386.33,294919,CMG
10-07-2013,385.74,385.74,379.88,382.03,378670,CMG
11-07-2013,382.5,386.5,380.5,383.13,282273,CMG
12-07-2013,384.21,387.49,383.29,386.27,340313,CMG
15-07-2013,385.42,386.58,383.14,384.19,337765,CMG
16-07-2013,383,383.3,374.44,379.13,559913,CMG
17-07-2013,379.79,379.97,372.13,375.77,478018,CMG
18-07-2013,375.99,377.4,372.75,376.75,964048,CMG
19-07-2013,399.05,410.12,395.02,408.97,2270920,CMG
22-07-2013,405.32,407.99,400.8,401.8,577638,CMG
23-07-2013,401.34,404.84,396.49,397.41,392172,CMG
24-07-2013,396.75,402.89,396.75,400.12,452061,CMG
25-07-2013,400.41,404.72,395.87,404.25,533074,CMG
26-07-2013,402.83,407.69,402.83,405.87,339348,CMG
29-07-2013,404.46,408.35,402.05,404.44,193273,CMG
30-07-2013,406.29,409.74,405.27,407.38,257151,CMG
31-07-2013,407.89,414.9,406.7,412.27,483125,CMG
01-08-2013,414.9,418.23,412.63,413.81,278942,CMG
02-08-2013,414.6,414.74,411.01,412.09,246197,CMG
05-08-2013,411.49,413.02,410.44,412.3,199185,CMG
06-08-2013,411.61,412.89,405.26,405.89,320114,CMG
07-08-2013,404.65,407.89,403.78,404.49,208492,CMG
08-08-2013,404.92,411.28,404.92,407.9,196200,CMG
09-08-2013,405.79,409.25,405.47,405.74,231549,CMG
12-08-2013,403.5,407.57,401.74,402.97,192887,CMG
13-08-2013,401.94,406.97,400.17,406.34,169139,CMG
14-08-2013,405.24,406.19,402,404.64,101183,CMG
15-08-2013,401.94,404.67,397.01,401.48,269422,CMG
16-08-2013,401.33,404.95,400.34,401.94,171232,CMG
19-08-2013,401.6,407.26,400.37,403.6,172150,CMG
20-08-2013,407.37,412.2,405.66,407.55,273406,CMG
21-08-2013,406.46,407.61,402.34,403,195940,CMG
22-08-2013,405.7,408.85,402.56,407.05,259291,CMG
23-08-2013,403.95,406.17,401.88,402.79,235024,CMG
26-08-2013,405,405,401.05,402.09,208859,CMG
27-08-2013,398.53,403.94,398,400.08,271121,CMG
28-08-2013,401.5,408.17,401.5,403.05,271559,CMG
29-08-2013,403.94,409.99,403.94,406.78,314176,CMG
30-08-2013,406.33,408.99,405.51,408.17,276630,CMG
03-09-2013,410.25,412.73,403.37,404.9,250699,CMG
04-09-2013,406.3,410.37,404.48,409.71,267679,CMG
05-09-2013,409.17,412.34,408,408.72,174580,CMG
06-09-2013,408.78,411.77,403.53,408.52,256447,CMG
09-09-2013,408.54,412.68,408,411.7,220220,CMG
10-09-2013,413.25,419,412.87,418.64,288552,CMG
11-09-2013,416.83,423.49,415.85,423.48,353992,CMG
12-09-2013,420.3,425,420.11,421.64,220420,CMG
13-09-2013,423.85,425.5,419.29,425.34,277858,CMG
16-09-2013,427.52,427.52,421,423.46,342170,CMG
17-09-2013,424.86,425.87,421.72,425.41,165046,CMG
18-09-2013,425.4,427.5,423.1,426.23,303086,CMG
19-09-2013,426.75,427.72,421.51,421.7,250066,CMG
20-09-2013,420.93,424.91,414.96,415.08,580849,CMG
23-09-2013,415.35,418.55,412.35,415.24,207953,CMG
24-09-2013,418.42,423.78,415.74,418.76,396556,CMG
25-09-2013,418.74,419.36,415,415.59,152767,CMG
26-09-2013,416.25,422,415.95,420.34,180237,CMG
27-09-2013,417.99,420,417.99,419,124064,CMG
30-09-2013,422.64,429.78,422,428.8,469729,CMG
01-10-2013,429.19,431,422.04,425.67,309411,CMG
02-10-2013,425.67,427.39,420.2,427.14,227743,CMG
03-10-2013,426.15,428.53,421.01,426.5,440248,CMG
04-10-2013,426.5,434.36,425.86,434.12,335930,CMG
07-10-2013,430,434.22,428.91,433.4,523728,CMG
08-10-2013,432.12,434,423.39,427.72,635470,CMG
09-10-2013,430,432.75,423.25,428.67,443044,CMG
10-10-2013,432.07,436.95,430.28,435.87,309768,CMG
11-10-2013,439.2,443.93,438.08,443.61,411228,CMG
14-10-2013,441.42,447.65,440.54,442.02,543266,CMG
15-10-2013,441.43,443.69,432.93,433.61,554302,CMG
16-10-2013,436.57,438.51,434.12,438.07,510824,CMG
17-10-2013,438.6,442.47,438.05,439.07,899904,CMG
18-10-2013,481.05,511.1,477.34,509.74,2438883,CMG
21-10-2013,509.59,512,506.5,509.25,909779,CMG
22-10-2013,509.08,520.72,509.08,520,818982,CMG
23-10-2013,515.02,522.5,514.68,520.79,586612,CMG
24-10-2013,521.13,524.54,517.85,522.97,424128,CMG
25-10-2013,522.05,528,521.1,527.5,475044,CMG
28-10-2013,527,527.92,522.78,527.85,418602,CMG
29-10-2013,527.99,529.9,523.14,527.93,338195,CMG
30-10-2013,528.95,529.84,522.85,524.35,284808,CMG
31-10-2013,521.44,531.43,521.44,526.97,323049,CMG
01-11-2013,526.78,529.89,524.9,527.6,367355,CMG
04-11-2013,529.5,536.56,526.58,535.18,364761,CMG
05-11-2013,535.03,543.68,533.21,543.05,412736,CMG
06-11-2013,543.21,546.8,537.76,539.63,469846,CMG
07-11-2013,540.01,540.01,524.67,525.02,652920,CMG
08-11-2013,527.8,536.8,525.49,535.2,428863,CMG
11-11-2013,535.71,537.24,534,536.44,164420,CMG
12-11-2013,535.76,537.73,532,535.42,226555,CMG
13-11-2013,534.55,538.38,533.11,537.58,216796,CMG
14-11-2013,534.3,544.67,534.3,543.92,255341,CMG
15-11-2013,545.99,549.5,544.88,546.97,309957,CMG
18-11-2013,547.23,550.28,535.16,537.51,274218,CMG
19-11-2013,539,541.81,537.73,538.16,246130,CMG
20-11-2013,536,542.51,528.46,531.66,254425,CMG
21-11-2013,534.9,542,531.2,539.22,382072,CMG
22-11-2013,544,544,536.48,537.48,221078,CMG
25-11-2013,537.55,540.94,530.88,532.31,201546,CMG
26-11-2013,532.16,532.77,525,525,392802,CMG
27-11-2013,526.21,527.08,523.12,525,307810,CMG
29-11-2013,525.24,529.72,523.19,523.86,160126,CMG
02-12-2013,521.5,526.6,520.49,524.5,238094,CMG
03-12-2013,523.33,524.99,521.26,522.64,229255,CMG
04-12-2013,520.55,522.63,516.01,518.11,321294,CMG
05-12-2013,518.2,525,517.11,521.01,249089,CMG
06-12-2013,521,526.25,519.59,525.81,212234,CMG
09-12-2013,525.71,529.99,525.01,527.32,278166,CMG
10-12-2013,525.92,525.92,520.24,521.53,229887,CMG
11-12-2013,523.31,523.94,516.33,517.57,252939,CMG
12-12-2013,516.32,522.54,514.62,515.02,281035,CMG
13-12-2013,518.51,520.99,511.28,512.85,349309,CMG
16-12-2013,514.7,517.36,511.45,515.38,374186,CMG
17-12-2013,515.79,518,509.35,512.64,289242,CMG
18-12-2013,510.05,517,506.44,516.89,327278,CMG
19-12-2013,517,521.23,514,514.58,321448,CMG
20-12-2013,517.28,533.77,515.86,533.14,861164,CMG
23-12-2013,535.5,537,527.94,531.03,350019,CMG
24-12-2013,529.99,534,529.99,533.11,104681,CMG
26-12-2013,532.59,535.76,530.44,535.43,210754,CMG
27-12-2013,536.84,536.84,529.65,530.75,238527,CMG
30-12-2013,530.33,534.59,528.01,532.04,263067,CMG
31-12-2013,533.8,534.07,529.51,532.78,197369,CMG
02-01-2014,530,532.96,521.53,523.43,456491,CMG
03-01-2014,524,534.01,523.48,531.31,409117,CMG
06-01-2014,534.72,534.72,523.08,527.32,415092,CMG
07-01-2014,528.8,535.7,526.37,533.06,308930,CMG
08-01-2014,529.5,536.19,528.09,535.85,411296,CMG
09-01-2014,536.95,548.14,536.15,541.03,529808,CMG
10-01-2014,542.08,544.87,536.71,538.57,379229,CMG
13-01-2014,539.71,544.49,526.37,529.8,510359,CMG
14-01-2014,531.98,533.47,526.42,530.28,373165,CMG
15-01-2014,534,535.29,529.8,532.25,242968,CMG
16-01-2014,532.87,534.19,527.81,529.51,260387,CMG
17-01-2014,535.64,535.64,526.08,527.61,403712,CMG
21-01-2014,531.71,531.76,523.21,525.57,386552,CMG
22-01-2014,528.53,529,513.29,515.95,623274,CMG
23-01-2014,512.8,513.95,498.56,503.45,1062841,CMG
24-01-2014,495.26,502.34,489.5,492.48,893472,CMG
27-01-2014,492.36,497,482.7,489.31,563255,CMG
28-01-2014,491.95,498.78,488.73,491.87,398027,CMG
29-01-2014,490,492.04,480.87,484.5,657769,CMG
30-01-2014,486.96,499.43,485.4,493.96,1282362,CMG
31-01-2014,553.42,568.9,546.1,551.96,2135276,CMG
03-02-2014,550.21,553.78,535.35,543.2,1071281,CMG
04-02-2014,546.46,546.74,536.46,540.59,556855,CMG
05-02-2014,538.81,544.49,531,542.43,498410,CMG
06-02-2014,542.61,554.85,542.05,544.47,449476,CMG
07-02-2014,543.28,550.55,540.06,549.29,495822,CMG
10-02-2014,552.48,552.48,543,548.09,344328,CMG
11-02-2014,548.28,551.8,544.02,544.86,411005,CMG
12-02-2014,548.95,551.76,539.61,545.74,485249,CMG
13-02-2014,539.61,561.51,539,557.65,532968,CMG
14-02-2014,552,558.97,547,554.11,329978,CMG
18-02-2014,551.17,556.39,550.39,552.86,303700,CMG
19-02-2014,553.82,560.85,551.06,552.18,417518,CMG
20-02-2014,551.11,554.95,548.51,550.28,305795,CMG
21-02-2014,551.38,555.2,548.57,549.49,408433,CMG
24-02-2014,550.95,556.6,549.16,554.38,279551,CMG
25-02-2014,557.05,560.44,553.35,554.62,336608,CMG
26-02-2014,557.06,563.48,550.13,555.12,550940,CMG
27-02-2014,551.64,562,551.64,561.14,305782,CMG
28-02-2014,562.25,573.16,559.49,565.21,676568,CMG
03-03-2014,561,563.95,551.7,554.6,527285,CMG
04-03-2014,561.48,585.96,559.12,584.83,1004148,CMG
05-03-2014,585,585.99,578.5,581.25,554809,CMG
06-03-2014,584.11,594.5,583.7,593.27,636025,CMG
07-03-2014,599.8,599.97,587.68,593.41,308098,CMG
10-03-2014,589.82,593.94,585.28,587.96,362144,CMG
11-03-2014,589.04,593.65,583,584.27,303460,CMG
12-03-2014,583.28,588.75,577.37,588.7,244883,CMG
13-03-2014,589.47,591.9,577.82,579.5,312342,CMG
14-03-2014,575.02,582.1,572,575.96,334016,CMG
17-03-2014,580.46,580.9,572.51,576.26,261731,CMG
18-03-2014,582.35,595.21,578.03,592.54,602534,CMG
19-03-2014,588.52,598.46,588.52,596.5,442695,CMG
20-03-2014,595.69,614.2,595.68,611.58,806724,CMG
21-03-2014,616.47,622.9,607.36,611.12,778895,CMG
24-03-2014,610.21,613.09,585.58,588.54,820338,CMG
25-03-2014,590.12,593.1,565.5,570.68,979911,CMG
26-03-2014,573.45,575.95,563.78,563.88,582759,CMG
27-03-2014,564,566.07,554.25,559.18,556256,CMG
28-03-2014,561.5,573.99,560.8,567.17,538445,CMG
31-03-2014,570.74,570.98,565,568.05,442038,CMG
01-04-2014,568.01,580.25,568.01,578.97,313528,CMG
02-04-2014,582.55,582.56,572.2,576.21,297163,CMG
03-04-2014,579.02,582.84,565.5,570.89,411035,CMG
04-04-2014,571,571.3,551.04,555.16,687118,CMG
07-04-2014,550,554.99,529.2,535.59,804851,CMG
08-04-2014,540,552.99,539.13,550.73,579863,CMG
09-04-2014,552.26,556.8,547.06,556.4,410428,CMG
10-04-2014,555.09,556.14,533.93,534.01,600680,CMG
11-04-2014,528.02,543.5,526.75,534.87,988566,CMG
14-04-2014,540.49,546.5,534.11,540.98,442005,CMG
15-04-2014,543.24,549.65,532,540.54,487925,CMG
16-04-2014,545,553.6,540,552.4,634784,CMG
17-04-2014,582.7,588.69,518.52,519.61,3884290,CMG
21-04-2014,521.72,522,505.7,506.54,1374555,CMG
22-04-2014,508.35,514.17,504.13,512.67,913974,CMG
23-04-2014,511.01,511.95,502.03,504.05,483611,CMG
24-04-2014,508.6,511.3,503.27,507.6,530739,CMG
25-04-2014,507.25,507.25,498.49,502.31,404142,CMG
28-04-2014,502.56,502.56,472.41,476.28,1435991,CMG
29-04-2014,479.78,495,477.9,491.57,746969,CMG
30-04-2014,488.55,499.89,484.45,498.5,665513,CMG
01-05-2014,498.51,504.98,495.01,500.15,462786,CMG
02-05-2014,496.3,504.36,496.3,501.77,471780,CMG
05-05-2014,504.39,518.54,501.12,512.68,618477,CMG
06-05-2014,512.91,514.32,500.82,501.91,436220,CMG
07-05-2014,506.58,506.58,493.33,500.83,571844,CMG
08-05-2014,495.01,513.84,495.01,500.35,370537,CMG
09-05-2014,499.76,508.5,496.17,507.68,446868,CMG
12-05-2014,507.25,513.18,505.13,510.21,430803,CMG
13-05-2014,509.95,510.96,501.79,504.16,292462,CMG
14-05-2014,506.67,514.51,501,504.32,491797,CMG
15-05-2014,504.72,504.72,491.13,495.92,505484,CMG
16-05-2014,499.31,501.5,490.55,500.52,590365,CMG
19-05-2014,498.89,503.91,498.89,501.29,271001,CMG
20-05-2014,500,501.21,493.24,495.65,315947,CMG
21-05-2014,496.12,504.93,496,504.18,444921,CMG
22-05-2014,506.5,524.55,506.19,520.48,595081,CMG
23-05-2014,522,523.45,515.36,522.32,311209,CMG
27-05-2014,522,539.76,522,536.04,566093,CMG
28-05-2014,533.09,539.94,529.08,538.26,548109,CMG
29-05-2014,538.85,546.9,538.5,545.42,617907,CMG
30-05-2014,546.97,549.27,542.5,547.09,454141,CMG
02-06-2014,548,552.85,545.27,551.56,399510,CMG
03-06-2014,548.13,552.5,548,550.59,357730,CMG
04-06-2014,549.46,559.38,546.82,558.84,376725,CMG
05-06-2014,557.55,564.21,556.49,561.03,345732,CMG
06-06-2014,560.75,570.22,559.14,569.17,395052,CMG
09-06-2014,568.25,570.68,565.93,568.5,246844,CMG
10-06-2014,566,568.8,563.17,564.76,282913,CMG
11-06-2014,560.92,571.51,560.01,570.34,325592,CMG
12-06-2014,571.75,583.27,570.01,581.85,916275,CMG
13-06-2014,576.84,589,576.84,588.26,586993,CMG
16-06-2014,587.03,595.48,584.38,594.01,451609,CMG
17-06-2014,593.14,596.16,590.54,593.52,322297,CMG
18-06-2014,591.88,595.33,587.2,594.91,322674,CMG
19-06-2014,594.45,597.45,591.55,594.54,359223,CMG
20-06-2014,595,595.84,590.65,592.43,412243,CMG
23-06-2014,592.99,602.21,590.75,599.59,370528,CMG
24-06-2014,599,601.61,595.46,595.62,365133,CMG
25-06-2014,595.7,600.3,592.06,599.5,224717,CMG
26-06-2014,596.22,600.78,593.3,600.32,231919,CMG
27-06-2014,599.81,600.68,595.7,596.14,314381,CMG
30-06-2014,596.41,597.08,592.06,592.51,311460,CMG
01-07-2014,596.35,604.08,594.53,603.26,312232,CMG
02-07-2014,603.49,603.49,597,599.32,240073,CMG
03-07-2014,600.25,604.78,598.55,603.6,140627,CMG
07-07-2014,601.65,603.16,592.83,593.83,298683,CMG
08-07-2014,591.26,592.75,575.92,586.59,520901,CMG
09-07-2014,588.55,605,588.55,604.17,597026,CMG
10-07-2014,596,607.55,595.05,600.61,425768,CMG
11-07-2014,600.44,601.5,597.5,598.49,224602,CMG
14-07-2014,601.7,608.77,600.09,604.92,325502,CMG
15-07-2014,605,606.87,590.34,597.45,558729,CMG
16-07-2014,601,601.32,590,590.47,387161,CMG
17-07-2014,591.02,592,579.81,581.65,415600,CMG
18-07-2014,583.71,593.41,583.02,592.42,432611,CMG
21-07-2014,593.29,596.9,582.69,589.93,1099630,CMG
22-07-2014,649.9,667.9,649.27,659.77,2261545,CMG
23-07-2014,658.71,662.69,655.16,661.27,554826,CMG
24-07-2014,663.13,663.77,656.79,660.2,374176,CMG
25-07-2014,657.8,674,657.8,673.58,595978,CMG
28-07-2014,675.11,678.96,671.99,678.01,470692,CMG
29-07-2014,677.42,680.37,673.31,674.36,282508,CMG
30-07-2014,678,682.67,676,681.83,404344,CMG
31-07-2014,678.01,679.5,672,672.5,462615,CMG
01-08-2014,674.81,677.18,667.64,675.14,341686,CMG
04-08-2014,678.03,686.05,674.44,682.98,446046,CMG
05-08-2014,682.93,682.93,671.53,674.71,334478,CMG
06-08-2014,671,681.56,668.67,673,374786,CMG
07-08-2014,677.5,679.95,669.16,671.84,289834,CMG
08-08-2014,668,670.21,664.24,669.7,354191,CMG
11-08-2014,673.46,682.74,668.08,680.54,355465,CMG
12-08-2014,678.16,679.66,672,676.23,225912,CMG
13-08-2014,675,688.43,675,683.68,387477,CMG
14-08-2014,683.78,685.97,675.81,679.29,304018,CMG
15-08-2014,682.48,684.15,673.76,678.18,331797,CMG
18-08-2014,681,684.87,680.41,684.83,201138,CMG
19-08-2014,686.35,689.45,680.82,681.08,231698,CMG
20-08-2014,680.76,680.76,675.02,678.41,305854,CMG
21-08-2014,697,697.93,677.5,681.07,716139,CMG
22-08-2014,678.17,681.41,673.89,676.95,360422,CMG
25-08-2014,679,680.22,675.02,676.24,213822,CMG
26-08-2014,676.72,685.98,676.72,683.89,289930,CMG
27-08-2014,681.38,683.87,676.14,677.03,259862,CMG
28-08-2014,676.15,679.66,674.25,677.84,152987,CMG
29-08-2014,678.97,680.5,674.15,678.65,180806,CMG
02-09-2014,678.85,683.5,675.25,682.9,232893,CMG
03-09-2014,684.5,692.9,678.8,680.1,306922,CMG
04-09-2014,681,685.44,677.24,680.54,270597,CMG
05-09-2014,679.81,683.14,676.35,677.95,239958,CMG
08-09-2014,677.9,679.77,674.45,678.37,205630,CMG
09-09-2014,679.1,679.1,669.27,669.95,282760,CMG
10-09-2014,673,677.19,664.16,671.36,366597,CMG
11-09-2014,670.29,673.7,666.62,672.73,317447,CMG
12-09-2014,671.84,672.64,663.16,664.81,303031,CMG
15-09-2014,664.42,664.85,650.03,655.85,519014,CMG
16-09-2014,655.85,656.87,651,654.2,486779,CMG
17-09-2014,650.5,657.02,642.64,653.24,530247,CMG
18-09-2014,655.5,665.7,652.61,664.32,339901,CMG
19-09-2014,666.25,668.08,661.46,664.09,395221,CMG
22-09-2014,660.77,663.96,651.25,656.1,285528,CMG
23-09-2014,654.64,659.04,653.84,654.58,164537,CMG
24-09-2014,658.13,666.98,656.79,664.71,267080,CMG
25-09-2014,659.51,663.84,651.41,653.39,276920,CMG
26-09-2014,653.3,664.94,653.3,660.77,253533,CMG
29-09-2014,655.99,665.74,651.5,662.94,240823,CMG
30-09-2014,663.8,669.78,657.83,666.59,460538,CMG
01-10-2014,666.5,667.44,656.16,662.23,387217,CMG
02-10-2014,661.13,666.65,659.37,662.57,306430,CMG
03-10-2014,666.39,675.03,663.73,674.5,403932,CMG
06-10-2014,677,681.8,670.62,671.13,379445,CMG
07-10-2014,667.05,669.78,661.76,662.82,348316,CMG
08-10-2014,663.81,672.66,660.66,672.1,362072,CMG
09-10-2014,670.34,673.5,657.74,660.61,392534,CMG
10-10-2014,659.1,668.58,655.01,655.58,625961,CMG
13-10-2014,657.75,658.3,638,639.53,481770,CMG
14-10-2014,645.5,652.02,639,651.17,534514,CMG
15-10-2014,641.37,653.66,631,647.38,614533,CMG
16-10-2014,644.19,650,635.01,645.98,498724,CMG
17-10-2014,647.96,654.49,638.03,641.72,687504,CMG
20-10-2014,643,654.73,641.19,653.03,1216053,CMG
21-10-2014,624.95,629.5,607.55,607.55,2254591,CMG
22-10-2014,611.27,619.5,607.57,608.99,1002410,CMG
23-10-2014,612.74,615.67,609.15,610,619199,CMG
24-10-2014,613.03,617.9,608.8,615.78,493599,CMG
27-10-2014,614.75,633.37,614.75,630.11,566156,CMG
28-10-2014,631.49,647.29,630.56,645.85,604264,CMG
29-10-2014,645.6,648.82,638.71,639.86,441953,CMG
30-10-2014,640.52,644.94,637.27,639.68,263826,CMG
31-10-2014,643.51,646.5,636.9,638,441466,CMG
03-11-2014,638.28,641,635.32,638.53,306381,CMG
04-11-2014,640.37,649.3,638,647.68,407986,CMG
05-11-2014,651,652.1,640.41,642.59,328227,CMG
06-11-2014,643.11,647.33,640.55,647.12,232835,CMG
07-11-2014,647.38,651.38,642.29,649.03,300837,CMG
10-11-2014,647.92,650.4,645.5,648.86,275570,CMG
11-11-2014,649.4,656.82,647.49,656.65,356077,CMG
12-11-2014,654.97,668.93,654.51,664.25,419095,CMG
13-11-2014,666,671.79,662.7,670.75,348895,CMG
14-11-2014,671.1,675.24,667.96,669.8,277817,CMG
17-11-2014,668,669.73,657.34,658.32,367208,CMG
18-11-2014,656,663.58,656,658.09,245390,CMG
19-11-2014,659.99,660.95,654.28,658.56,234187,CMG
20-11-2014,657.44,663.83,656.09,662.83,211741,CMG
21-11-2014,667.49,667.72,656.92,657.88,348956,CMG
24-11-2014,659.75,660.94,646.59,659.54,454937,CMG
25-11-2014,662,664.5,654.12,654.9,460406,CMG
26-11-2014,656.83,661.17,655,660.21,162308,CMG
28-11-2014,661.49,671.99,661.49,663.62,172797,CMG
01-12-2014,664.66,670.2,660.4,660.88,272124,CMG
02-12-2014,659.88,664.71,655.6,660.04,286897,CMG
03-12-2014,656.84,661.5,651.14,651.27,391241,CMG
04-12-2014,652.53,665.8,651.53,663.97,377953,CMG
05-12-2014,665.84,665.84,660,660.57,169873,CMG
08-12-2014,662.1,662.35,653.5,657.03,290045,CMG
09-12-2014,654.5,658.64,645.53,657.09,412506,CMG
10-12-2014,657,663.18,647.8,650.04,307694,CMG
11-12-2014,652.5,659.64,651.95,654.39,269706,CMG
12-12-2014,653.65,662.99,652.71,657.67,288522,CMG
15-12-2014,658.5,661.33,645.66,648.83,434802,CMG
16-12-2014,648.83,649.11,632.43,633.52,415585,CMG
17-12-2014,635,651.58,635,649.15,338557,CMG
18-12-2014,655.49,658.5,645.86,655.6,320162,CMG
19-12-2014,658.74,659,648.24,651.42,395253,CMG
22-12-2014,652.31,669.1,652.29,667.66,381927,CMG
23-12-2014,670,671.96,665.39,669.21,226141,CMG
24-12-2014,668.53,676.68,667.8,672.79,136870,CMG
26-12-2014,672.76,679.75,672.32,678.06,212009,CMG
29-12-2014,675.75,696.56,675.5,692.69,505075,CMG
30-12-2014,691.35,693,680.42,684.91,268884,CMG
31-12-2014,685.55,693.96,683.43,684.51,302896,CMG
02-01-2015,686,687.47,671.01,678.4,325015,CMG
05-01-2015,678.4,679.92,664.2,667.69,374414,CMG
06-01-2015,666.79,672,653.77,664.38,609404,CMG
07-01-2015,668.4,694.85,668.4,694.26,685553,CMG
08-01-2015,702.5,727.97,702.5,719.99,1171584,CMG
09-01-2015,721.85,722.17,711.96,714.27,404354,CMG
12-01-2015,718.89,719,709.48,711.7,276813,CMG
13-01-2015,715.74,724.48,707.16,714.06,348180,CMG
14-01-2015,703.21,713.02,700,709.74,318743,CMG
15-01-2015,709,715.1,698.11,700.78,344922,CMG
16-01-2015,696.57,712.23,696.57,711.11,316094,CMG
20-01-2015,714.89,716,702.5,705.78,340926,CMG
21-01-2015,704.4,710.52,702.06,703.89,307494,CMG
22-01-2015,706.81,715.18,703.54,713.44,301898,CMG
23-01-2015,715.48,721,713,713.69,324804,CMG
26-01-2015,715.34,725.86,712.37,723.43,227992,CMG
27-01-2015,718.38,724.83,716,721.33,275869,CMG
28-01-2015,722.97,726.98,710.64,711.99,244746,CMG
29-01-2015,715.55,717.15,708.82,714.53,273697,CMG
30-01-2015,714.64,716.98,707.72,709.84,385843,CMG
02-02-2015,713.55,716.44,700.01,712.55,468728,CMG
03-02-2015,716.5,726.63,710,726.63,1364246,CMG
04-02-2015,680.28,686.72,667.15,676,2474736,CMG
05-02-2015,679.8,679.99,670.03,670.91,830280,CMG
06-02-2015,677,677.89,657.98,659.92,870189,CMG
09-02-2015,655.78,658.07,647.28,648.01,646487,CMG
10-02-2015,652,666.25,648.93,665.03,734482,CMG
11-02-2015,666.36,676.75,664,669.64,528842,CMG
12-02-2015,671.08,672.24,665.26,670.29,288687,CMG
13-02-2015,671.67,678.17,667.13,674.89,377436,CMG
17-02-2015,674.46,677.67,669.3,670.93,280735,CMG
18-02-2015,669.96,674.95,669,674.57,297043,CMG
19-02-2015,674.6,682.52,672.24,673.28,295830,CMG
20-02-2015,670.59,674.68,669.38,674,266295,CMG
23-02-2015,673.47,679.72,670,671.17,215925,CMG
24-02-2015,670.15,673.22,666.52,667.91,235844,CMG
25-02-2015,670.3,678.94,668.72,675.52,379171,CMG
26-02-2015,675,678.89,669.14,670.29,282188,CMG
27-02-2015,670.5,673.59,664.97,664.97,441101,CMG
02-03-2015,664.97,673.3,663.05,670.86,398903,CMG
03-03-2015,670.38,672.26,664.56,668.43,264424,CMG
04-03-2015,664.6,667,659.25,664.16,305994,CMG
05-03-2015,667.16,671.59,666.2,670.49,249801,CMG
06-03-2015,666.92,666.92,657.61,658.68,381628,CMG
09-03-2015,658.01,662.98,653.37,660.34,321824,CMG
10-03-2015,657.14,658.33,652.3,654.74,240895,CMG
11-03-2015,658.68,667.8,658.29,660.77,351071,CMG
12-03-2015,662.53,671.59,662.33,670.39,277180,CMG
13-03-2015,668,677.64,667.51,674.51,359380,CMG
16-03-2015,676.09,682.5,676.09,678.88,275025,CMG
17-03-2015,677,678.46,671.01,672,305635,CMG
18-03-2015,669.26,674.63,662.7,673.28,476882,CMG
19-03-2015,673.97,681.18,671,680.67,390698,CMG
20-03-2015,684.96,689.23,682.44,686.65,457284,CMG
23-03-2015,685.65,692.43,682.83,687.34,279998,CMG
24-03-2015,686.5,689.71,680.41,680.81,331964,CMG
25-03-2015,680,683.13,665.74,665.97,370839,CMG
26-03-2015,662.27,664.87,658.07,658.82,370439,CMG
27-03-2015,660.51,668.64,658.01,662.72,286705,CMG
30-03-2015,668.07,669.01,651.5,655.36,419919,CMG
31-03-2015,653.82,659.26,650.54,650.54,332207,CMG
01-04-2015,650,653.02,644.06,652.53,404976,CMG
02-04-2015,653,656.06,648.88,652.39,308047,CMG
06-04-2015,648.48,663.29,648,660.02,284243,CMG
07-04-2015,659.42,664.29,654.74,658.46,323754,CMG
08-04-2015,658.46,662.7,652.5,654.55,549697,CMG
09-04-2015,653.79,654.5,648.57,651.72,375408,CMG
10-04-2015,666.1,685,665,683.02,1194413,CMG
13-04-2015,680.7,687.74,677,683.73,514403,CMG
14-04-2015,681.16,687.2,676.14,677.85,438126,CMG
15-04-2015,683.26,687.76,675.59,677.6,363695,CMG
16-04-2015,678,684,677.12,681.55,340688,CMG
17-04-2015,678.79,685.23,673.05,683.95,519617,CMG
20-04-2015,686.77,688.55,682.63,686.93,435759,CMG
21-04-2015,691.4,699.03,689,692.52,1883305,CMG
22-04-2015,655.13,656.99,635.25,641.23,3776595,CMG
23-04-2015,641.98,643.48,635.25,635.6,1094338,CMG
24-04-2015,638.58,639.73,634.13,637.5,793655,CMG
27-04-2015,640.13,646.22,636.09,643.75,759807,CMG
28-04-2015,643.75,646.97,636.44,639.58,634716,CMG
29-04-2015,637.7,638.7,626.75,630.07,789415,CMG
30-04-2015,631.99,635,619.72,621.34,563440,CMG
01-05-2015,628.96,634,626.92,634,523670,CMG
04-05-2015,636.69,641.96,633.33,633.57,318622,CMG
05-05-2015,631.84,634.95,625.19,625.67,421080,CMG
06-05-2015,625.33,627.82,618.47,627.23,518877,CMG
07-05-2015,627,633.41,625.39,628.82,318835,CMG
08-05-2015,636,637.7,632.05,633.82,443517,CMG
11-05-2015,630.33,637.5,628.32,635.67,416599,CMG
12-05-2015,630.5,637.67,627.36,635.55,290573,CMG
13-05-2015,636,639.5,634.05,635.32,326285,CMG
14-05-2015,636.03,638.59,630.86,634.53,360817,CMG
15-05-2015,634.75,636.44,629.05,632.37,437968,CMG
18-05-2015,632.56,636.71,631.05,636.1,404073,CMG
19-05-2015,637.44,639.88,631.5,636.75,380069,CMG
20-05-2015,632.93,635.9,627.01,628.24,520150,CMG
21-05-2015,628.33,633.74,625.03,633.36,438761,CMG
22-05-2015,635,635,625.78,626.44,550725,CMG
26-05-2015,624.67,626.38,618.71,622.16,477475,CMG
27-05-2015,623.16,624.5,612.26,612.5,744773,CMG
28-05-2015,617.5,636,616.86,629.42,893935,CMG
29-05-2015,628,628.4,613.58,615.52,789125,CMG
01-06-2015,615.01,619,612.6,614.9,396218,CMG
02-06-2015,613.1,616.75,610,610.57,371668,CMG
03-06-2015,609,613.25,608,610.89,395333,CMG
04-06-2015,606.1,613.95,603.01,611.57,508517,CMG
05-06-2015,608.16,614.9,601.53,613.8,793011,CMG
08-06-2015,611.93,612.92,607.77,608.12,436989,CMG
09-06-2015,606.97,608.71,605.16,605.79,339662,CMG
10-06-2015,605.64,609.5,605.64,608.67,224765,CMG
11-06-2015,609,613,605.56,605.86,242454,CMG
12-06-2015,605,612.4,604.02,609.76,431727,CMG
15-06-2015,607.5,608.49,602.73,604.17,442122,CMG
16-06-2015,602.41,604.9,598.04,600.62,384952,CMG
17-06-2015,600.5,606.93,600.5,606.84,455457,CMG
18-06-2015,607.87,610.58,605.44,606.2,385783,CMG
19-06-2015,605.24,615.72,604.24,615.31,698190,CMG
22-06-2015,617.5,623.18,616.85,619.25,507524,CMG
23-06-2015,620.87,622.64,614.17,615.4,394936,CMG
24-06-2015,615,615.69,610.32,610.53,305161,CMG
25-06-2015,613.89,614.83,607.23,607.38,248736,CMG
26-06-2015,608,612.85,605.38,609.46,259525,CMG
29-06-2015,604.22,607,599.5,600.05,372986,CMG
30-06-2015,603,608.39,599.29,604.99,376062,CMG
01-07-2015,606.31,611.62,603.55,606.57,237637,CMG
02-07-2015,609.1,610.05,604.54,609.56,340190,CMG
06-07-2015,599.85,609.85,597.33,607.17,535774,CMG
07-07-2015,606.09,622.86,605.64,620.56,593049,CMG
08-07-2015,619.4,624.53,611.65,612.85,522384,CMG
09-07-2015,622.49,631,617.48,627.16,821204,CMG
10-07-2015,630.11,640.31,627.96,639.42,784925,CMG
13-07-2015,646.12,658.37,643.47,658,725531,CMG
14-07-2015,658,660.9,654.2,655.46,597676,CMG
15-07-2015,657.4,663.11,653.28,661.19,569275,CMG
16-07-2015,661.5,663.6,654.74,658.46,777628,CMG
17-07-2015,658.32,664.27,657.03,661.95,561132,CMG
20-07-2015,665.7,681.56,665,678,972920,CMG
21-07-2015,678,679.36,670.07,673.07,1681197,CMG
22-07-2015,695,729.65,694.4,725.82,3033888,CMG
23-07-2015,723.5,734.5,721.6,725.94,1058957,CMG
24-07-2015,725,729.1,724.31,728.79,591009,CMG
27-07-2015,726,733.8,724.14,731.44,712736,CMG
28-07-2015,735.15,737.47,726.51,730.78,433947,CMG
29-07-2015,732,739.49,731.16,738.42,595424,CMG
30-07-2015,737,745,733.52,744.16,441770,CMG
31-07-2015,745.73,746.4,740.14,742.23,386647,CMG
03-08-2015,743.47,744.61,735.14,743.04,453770,CMG
04-08-2015,741.99,749.75,740.56,748.09,399531,CMG
05-08-2015,749.39,758.61,748.39,757.77,533888,CMG
06-08-2015,758.49,758.49,746.01,749.6,405687,CMG
07-08-2015,751.97,751.97,742.01,749.12,386150,CMG
10-08-2015,755.67,755.67,743.68,744.24,434844,CMG
11-08-2015,742.62,749.88,737.69,745.66,461122,CMG
12-08-2015,741.15,747.97,733.96,745.98,447856,CMG
13-08-2015,748.1,749.98,743.2,743.6,223298,CMG
14-08-2015,745.94,748.7,741.09,748.34,241993,CMG
17-08-2015,744.19,754.75,744.19,754.03,272288,CMG
18-08-2015,754.05,758.27,745.1,745.92,410363,CMG
19-08-2015,742.2,750.56,741.5,745.28,280830,CMG
20-08-2015,741.31,744.77,734.22,735.15,450134,CMG
21-08-2015,729.48,731.42,718.5,720.01,706666,CMG
24-08-2015,695,723.45,685,704.25,842769,CMG
25-08-2015,722.26,722.94,695.39,695.39,696527,CMG
26-08-2015,703.15,708.24,691.87,707.64,732348,CMG
27-08-2015,713.12,730,710.24,727.17,583845,CMG
28-08-2015,725,728.17,717.09,721.2,235584,CMG
31-08-2015,719.79,722.1,707.5,710.01,464738,CMG
01-09-2015,697.95,714.19,696.1,706.71,409452,CMG
02-09-2015,713.69,724,710.58,723.87,374277,CMG
03-09-2015,722.5,729.44,721.91,724.99,298138,CMG
04-09-2015,718.36,729.91,718.36,719.23,293880,CMG
08-09-2015,731.46,733.83,721.88,732.14,241849,CMG
09-09-2015,734,736.01,717.64,718.83,340339,CMG
10-09-2015,718.25,725.87,718,723.19,220703,CMG
11-09-2015,721.22,729.95,714.02,729.06,644230,CMG
14-09-2015,728.48,730.5,723.07,726.8,267746,CMG
15-09-2015,725.81,733.5,720.7,732.08,296128,CMG
16-09-2015,734.75,734.75,725.19,730.01,308734,CMG
17-09-2015,728.47,738.99,726.01,730.2,285118,CMG
18-09-2015,728.98,731.59,724.12,729.48,521953,CMG
21-09-2015,729.3,737.86,725.45,731.19,325385,CMG
22-09-2015,724.99,729.53,722,726.97,354243,CMG
23-09-2015,727.5,733.22,725.45,731.57,213014,CMG
24-09-2015,729.77,731.95,721.61,731.17,405629,CMG
25-09-2015,733.83,741.89,728.44,730.28,420108,CMG
28-09-2015,730.52,734.5,707.5,708.03,566339,CMG
29-09-2015,707.59,721.16,701.73,708.54,483098,CMG
30-09-2015,714.89,720.71,710,720.25,355409,CMG
01-10-2015,717.6,724.57,714.21,724.43,315051,CMG
02-10-2015,717.48,724.45,709.45,724.45,503011,CMG
05-10-2015,726.86,729.83,723.52,728.08,426471,CMG
06-10-2015,727.16,727.6,711.66,713.25,360694,CMG
07-10-2015,713.5,720.69,705.17,720.16,387354,CMG
08-10-2015,722,738.47,718.9,734.77,498100,CMG
09-10-2015,734.77,738,726.87,732.93,355585,CMG
12-10-2015,734.57,750.5,729.21,747.82,433636,CMG
13-10-2015,747,757,747,750.42,418769,CMG
14-10-2015,739,742.4,710.91,718.56,961670,CMG
15-10-2015,718.56,724.94,708.5,723.81,628614,CMG
16-10-2015,728,728.24,720.06,722.7,347393,CMG
19-10-2015,723.43,725.17,709.66,718.64,714863,CMG
20-10-2015,717.25,720.5,705.63,705.63,2194673,CMG
21-10-2015,650.61,666,646.8,665.67,2010902,CMG
22-10-2015,666.46,669.11,650.21,650.62,803111,CMG
23-10-2015,657.99,657.99,645.13,649.72,690818,CMG
26-10-2015,646.64,668.36,645.95,659.69,671980,CMG
27-10-2015,659.68,662.98,651.56,656.55,388133,CMG
28-10-2015,656.89,658.76,652.49,654.89,507177,CMG
29-10-2015,649.42,654.84,647.31,648.2,381724,CMG
30-10-2015,648,653.27,640.05,640.23,644640,CMG
02-11-2015,610,631,608.52,624,2140168,CMG
03-11-2015,627.67,631.48,620,623.16,920794,CMG
04-11-2015,625.85,626.8,612.1,614.98,1217129,CMG
05-11-2015,616.73,619.18,609.46,617.23,835105,CMG
06-11-2015,609,613.49,594,612.4,1596566,CMG
09-11-2015,613.01,622,606.09,609.29,754153,CMG
10-11-2015,623.48,629.65,617.06,628.88,1089788,CMG
11-11-2015,631.53,632.98,619.35,621.84,596421,CMG
12-11-2015,621.84,624.59,612.96,614.68,593102,CMG
13-11-2015,613.6,616.25,592.06,592.89,1215657,CMG
16-11-2015,591.23,593.85,583.07,588.74,838799,CMG
17-11-2015,589.99,595.39,579.66,583.58,580900,CMG
18-11-2015,583.89,594.01,580.78,594,517801,CMG
19-11-2015,595.41,614.7,595.01,611.51,1125505,CMG
20-11-2015,612,614.7,534.2,536.19,5023617,CMG
23-11-2015,534.08,569.03,532.03,559.29,3662555,CMG
24-11-2015,557.02,579.28,553.16,577.79,1321362,CMG
25-11-2015,584.71,585.8,570.1,580.83,1180720,CMG
27-11-2015,584.48,584.48,575.78,576.62,312803,CMG
30-11-2015,577.5,584.23,577.03,579.55,661146,CMG
01-12-2015,583.28,589.15,575,580.74,738620,CMG
02-12-2015,582.84,586.58,571.52,574.66,692136,CMG
03-12-2015,577.95,578.65,558.51,565.31,1352001,CMG
04-12-2015,558.89,568.76,537.17,561.2,2708454,CMG
07-12-2015,516.83,553.32,515,551.75,4465773,CMG
08-12-2015,532.11,550,521.01,542.24,4056081,CMG
09-12-2015,546.6,560.67,543.24,548.01,2110367,CMG
10-12-2015,564,579.52,563.31,575.43,2645685,CMG
11-12-2015,563,572,562.42,565,1527170,CMG
14-12-2015,566.68,567.34,549.76,558.16,904788,CMG
15-12-2015,560.13,564.55,553.57,554.86,915252,CMG
16-12-2015,556.15,569.28,554.2,567.83,872049,CMG
17-12-2015,575.01,577.76,554.6,554.89,1144757,CMG
18-12-2015,553.78,555.34,540.5,541.08,1506402,CMG
21-12-2015,544.25,544.88,508.1,522.01,3097983,CMG
22-12-2015,511.38,512.33,494.11,494.61,4564350,CMG
23-12-2015,490.16,501.25,482.23,497.48,2457260,CMG
24-12-2015,498.87,501.98,494.3,495.1,894307,CMG
28-12-2015,495.97,499,485.76,493.52,957113,CMG
29-12-2015,494.1,497.24,489.03,489.94,866403,CMG
30-12-2015,490,492.99,482.8,485.79,1060813,CMG
31-12-2015,483.11,485.78,477.97,479.85,1196568,CMG
04-01-2016,468.7,469,447.5,448.81,2690316,CMG
05-01-2016,450,459.88,446.8,449.03,2161255,CMG
06-01-2016,437.94,447,423,426.67,3646881,CMG
07-01-2016,415.08,425.19,411.61,416,1891978,CMG
08-01-2016,419.84,426.29,411.74,413.29,1297183,CMG
11-01-2016,416.65,419.92,406.35,411.1,1462535,CMG
12-01-2016,415.5,420.8,399.14,404.26,1658424,CMG
13-01-2016,407.8,432.3,406.65,428.28,3552500,CMG
14-01-2016,447,463.51,436.5,454.3,3769883,CMG
15-01-2016,441.15,476.43,441.15,475.94,3307698,CMG
19-01-2016,478.36,478.37,456.1,469.47,2255844,CMG
20-01-2016,462.75,472.79,451.09,465.5,1787298,CMG
21-01-2016,469.79,475.59,461,461.2,1198866,CMG
22-01-2016,466.22,466.33,446.7,450.76,1430310,CMG
25-01-2016,447.92,448.92,431.52,442.17,1574437,CMG
26-01-2016,442,449.9,440.01,448.15,766957,CMG
27-01-2016,448.5,454.49,442.25,442.64,1317122,CMG
28-01-2016,446.98,455.98,443.3,453.08,1019961,CMG
29-01-2016,455.76,470,451.33,452.97,1534645,CMG
01-02-2016,476.12,479,463.01,472.64,2337022,CMG
02-02-2016,471,484.2,468.3,475.67,2725202,CMG
03-02-2016,459.7,466.64,440.41,461.74,3798713,CMG
04-02-2016,460,476.67,456,470.9,1489630,CMG
05-02-2016,469.85,475.59,454.45,460.14,1527954,CMG
08-02-2016,454.69,461.11,435.87,445,1427272,CMG
09-02-2016,441.9,452.02,436.86,440.93,1139016,CMG
10-02-2016,443.99,453.8,442.5,448.81,992624,CMG
11-02-2016,444,467.78,441.01,461.39,1283293,CMG
12-02-2016,466.11,487.98,465.46,480.57,1755087,CMG
16-02-2016,484.01,493,478,492.94,1131196,CMG
17-02-2016,495.43,514.8,495.22,514.01,1638884,CMG
18-02-2016,515,518.86,502.05,515.93,1128968,CMG
19-02-2016,512.2,526.23,509.5,511.58,1413418,CMG
22-02-2016,515,529.39,514.49,525.9,1429029,CMG
23-02-2016,514,530.85,513.11,525.06,1451668,CMG
24-02-2016,519.77,522.87,512.66,514.86,1040268,CMG
25-02-2016,514.21,515.85,497.51,505.33,1180899,CMG
26-02-2016,507,508,493.11,506.01,1030133,CMG
29-02-2016,508,522.52,506.77,509.16,1426700,CMG
01-03-2016,514.25,516,506.03,509.97,855092,CMG
02-03-2016,512.8,528.95,512.8,525.69,1207985,CMG
03-03-2016,520,530.13,519.27,524.29,1080317,CMG
04-03-2016,529.29,541.93,527.3,529,1511938,CMG
07-03-2016,522.97,536,520.08,533.69,824912,CMG
08-03-2016,536.3,542.5,523.42,524.69,1103675,CMG
09-03-2016,512.56,518.61,492.5,506.63,3399266,CMG
10-03-2016,509.9,514,498.93,503.68,1309378,CMG
11-03-2016,507.37,514.89,504.25,507.85,1314879,CMG
14-03-2016,508.87,521.51,508.01,515.73,1150108,CMG
15-03-2016,510.99,511.5,499.42,503,1225459,CMG
16-03-2016,479.86,506,473.11,500.35,3119649,CMG
17-03-2016,494.03,497.42,470.8,471.59,2279943,CMG
18-03-2016,469.98,473.42,454.5,455.37,2878500,CMG
21-03-2016,455.2,463.42,452.78,462.48,1347683,CMG
22-03-2016,462.03,474.12,458.4,471.76,1026833,CMG
23-03-2016,472.96,481.63,471,474.46,798231,CMG
24-03-2016,471.44,472.35,462.45,471.37,1019248,CMG
28-03-2016,474,480.62,472.49,475.31,738955,CMG
29-03-2016,466.45,468.12,453.87,460,1541232,CMG
30-03-2016,462,471,454.24,466.15,1068603,CMG
31-03-2016,468.95,473.75,462.51,470.97,802354,CMG
01-04-2016,459.3,467.9,455.75,464.81,988548,CMG
04-04-2016,466.49,473.17,463.01,465,676756,CMG
05-04-2016,461.25,470.19,460.23,463.42,629766,CMG
06-04-2016,462.09,466.15,454.8,455.25,989354,CMG
07-04-2016,455.6,455.92,444.44,450.6,1288314,CMG
08-04-2016,451.25,458.75,448.53,451.25,832094,CMG
11-04-2016,453.54,456.56,444,444.21,825109,CMG
12-04-2016,445.52,447,434.06,444.62,1065081,CMG
13-04-2016,442.73,446.64,435.89,444.66,1067745,CMG
14-04-2016,460,460.99,452,456.01,1170232,CMG
15-04-2016,457.14,469.98,457,469.29,1271062,CMG
18-04-2016,468,468.99,458,460.12,926221,CMG
19-04-2016,462.01,465,452.5,455.18,648825,CMG
20-04-2016,457.11,462.99,454,458,483102,CMG
21-04-2016,461,462.8,447.59,448.14,740167,CMG
22-04-2016,452.15,453.99,438.26,442.73,921752,CMG
25-04-2016,442.7,444.95,438,443.1,977181,CMG
26-04-2016,445,447.27,438.72,445.92,1719146,CMG
27-04-2016,425,430,415,417.22,3884596,CMG
28-04-2016,417.83,431.42,417.38,423.4,1429111,CMG
29-04-2016,422.89,424.74,417.75,420.97,963051,CMG
02-05-2016,422,434.15,420.33,433.5,965475,CMG
03-05-2016,433.6,447.46,433.28,437.95,1290408,CMG
04-05-2016,437.06,438.7,432.1,433.3,674759,CMG
05-05-2016,433.83,438.26,430.75,435,609880,CMG
06-05-2016,434,435.33,426.03,433.81,734540,CMG
09-05-2016,435.05,456.88,435.05,453.17,1420925,CMG
10-05-2016,456.63,456.77,449.01,455.59,781132,CMG
11-05-2016,455.97,459.3,450.27,454,1045951,CMG
12-05-2016,457.08,461.3,456.35,457.01,1093483,CMG
13-05-2016,457.01,464.9,455.12,458.35,899404,CMG
16-05-2016,452.07,452.71,438.53,444.56,1492962,CMG
17-05-2016,445.03,449.84,444.26,446.08,736507,CMG
18-05-2016,444.7,450.3,441.4,448.61,548979,CMG
19-05-2016,447.18,454.37,447.18,450.64,606551,CMG
20-05-2016,448.9,450.23,439.81,449.92,1314239,CMG
23-05-2016,452.62,467,451.07,456.44,1056754,CMG
24-05-2016,460,461.04,453.39,457.33,651600,CMG
25-05-2016,458.5,462.94,455.62,458.04,693693,CMG
26-05-2016,452.5,460.77,451.51,452.03,743960,CMG
27-05-2016,452.5,453.53,442.65,445.41,1013064,CMG
31-05-2016,445,446.93,439.13,441.96,983865,CMG
01-06-2016,442.11,443.56,431.31,432.59,792583,CMG
02-06-2016,433.81,444.54,433.1,443.49,1019904,CMG
03-06-2016,440.37,441.23,433.64,433.94,874751,CMG
06-06-2016,436.12,446.65,435.02,445.27,800716,CMG
07-06-2016,446.56,447.08,432.52,433.39,944055,CMG
08-06-2016,433,434.87,423,429.2,990189,CMG
09-06-2016,426.12,427.2,415.15,415.79,1198363,CMG
10-06-2016,412.56,413.87,403.13,405.26,1562710,CMG
13-06-2016,400.26,405.4,393.63,394,1846317,CMG
14-06-2016,390.6,395.87,384.77,395.27,1633734,CMG
15-06-2016,396.14,402.35,389.41,390.31,1201254,CMG
16-06-2016,393.24,396.67,389.59,393.55,1072345,CMG
17-06-2016,395.5,400.41,393,397.27,1275078,CMG
20-06-2016,399.79,401.96,396.69,396.94,936820,CMG
21-06-2016,399.37,399.66,387.89,391.96,1050020,CMG
22-06-2016,391,396.88,388.18,392.99,864985,CMG
23-06-2016,393.25,413.02,393.2,408.89,1575610,CMG
24-06-2016,397.25,413.57,396.75,400.73,1701046,CMG
27-06-2016,399.56,400.22,386.7,388.78,1196744,CMG
28-06-2016,396.39,397.44,389,391.67,722535,CMG
29-06-2016,396.43,410.34,395.49,409.49,1016559,CMG
30-06-2016,409.49,409.87,401.57,402.76,1073913,CMG
01-07-2016,400,405.29,391.51,393.91,1223426,CMG
05-07-2016,395,399.3,391.01,396.38,889114,CMG
06-07-2016,393.85,402.06,393.85,401.05,786152,CMG
07-07-2016,393.99,395.56,386.1,390.78,1747843,CMG
08-07-2016,393,404.09,392.1,399.71,1070873,CMG
11-07-2016,407.01,413,402.09,403.18,1009546,CMG
12-07-2016,405.38,410.66,401.13,408.34,709588,CMG
13-07-2016,411.4,421.97,411.01,416.63,1420827,CMG
14-07-2016,420.94,422.18,412,417.98,1165732,CMG
15-07-2016,409.63,411.94,404.1,404.86,1579949,CMG
18-07-2016,404.92,410.9,402.26,408.9,750732,CMG
19-07-2016,413.91,419.65,413,415.31,909572,CMG
20-07-2016,415.24,420.62,414.09,419.68,846918,CMG
21-07-2016,419.68,420.16,412.42,418.07,2143500,CMG
22-07-2016,414.65,444.13,412.19,442.48,4167945,CMG
25-07-2016,443,443.5,435,441.52,1481416,CMG
26-07-2016,431.95,439.24,429.85,430.85,1102579,CMG
27-07-2016,431.9,434.71,425.64,426.06,696244,CMG
28-07-2016,425.56,432.77,421.27,430.55,844628,CMG
29-07-2016,428.69,430.53,422.7,423.99,783723,CMG
01-08-2016,423.6,426,413.86,414.08,1004923,CMG
02-08-2016,412.7,412.7,401.2,402.64,1195531,CMG
03-08-2016,402,407.64,400,402.56,785994,CMG
04-08-2016,402,404.77,394.34,397.2,873215,CMG
05-08-2016,399.45,403.64,398.27,401.13,808757,CMG
08-08-2016,402.48,404.26,400.7,401.4,547058,CMG
09-08-2016,401.17,404.76,394.36,395.1,655408,CMG
10-08-2016,395,397.32,391.2,395.07,814212,CMG
11-08-2016,395.07,399.16,394.2,398.22,677324,CMG
12-08-2016,396.71,399,395.62,397.33,793199,CMG
15-08-2016,397.33,399.89,394.4,397.48,703540,CMG
16-08-2016,398.47,405.26,396.5,400.86,698512,CMG
17-08-2016,401,401.88,395.16,399.18,792015,CMG
18-08-2016,396.97,397.81,392.57,394.91,1044792,CMG
19-08-2016,393.76,395.01,387.01,388.5,1323767,CMG
22-08-2016,389,397.25,388.53,396.04,1104885,CMG
23-08-2016,396.02,399,391.96,397,787342,CMG
24-08-2016,397,405.5,396.86,403.75,1085554,CMG
25-08-2016,403.75,416.9,402.49,413.34,1503964,CMG
26-08-2016,413.44,419.23,412.02,418.75,1026300,CMG
29-08-2016,420,426.62,419.2,423.02,1179564,CMG
30-08-2016,422.46,423.48,412.68,415.15,1221793,CMG
31-08-2016,415.25,418.95,412,413.73,1141070,CMG
01-09-2016,415.81,415.89,410.64,414.68,793405,CMG
02-09-2016,414.25,414.89,408.05,408.41,1006994,CMG
06-09-2016,408.25,415.48,406.02,414.07,1087634,CMG
07-09-2016,431.23,441.2,430,438.45,3223095,CMG
08-09-2016,437.55,440.24,434.76,436.31,1236815,CMG
09-09-2016,434.83,436.26,426.41,426.55,992495,CMG
12-09-2016,423.39,429.74,422.99,428.9,778025,CMG
13-09-2016,424.32,425.13,417.71,421.36,995763,CMG
14-09-2016,423.66,424.59,412.11,414.9,875912,CMG
15-09-2016,414.9,418.94,411.58,413.96,1131809,CMG
16-09-2016,413.06,414.89,406.5,409.32,1213942,CMG
19-09-2016,409.48,410.66,401.32,402.76,1139757,CMG
20-09-2016,402.76,404.91,395.11,400.42,1490731,CMG
21-09-2016,398.3,403.49,395.5,399.75,924212,CMG
22-09-2016,404,410.43,403.06,410.16,959432,CMG
23-09-2016,409.18,417.74,408.72,413.81,1041529,CMG
26-09-2016,412.73,422.6,408.59,419.88,1070845,CMG
27-09-2016,419.5,422.5,415.43,418.95,644091,CMG
28-09-2016,419.81,421.33,413.22,418.31,819303,CMG
29-09-2016,418,425.5,415.42,420.73,905388,CMG
30-09-2016,421.36,428.9,418.01,423.5,996508,CMG
03-10-2016,423.03,433.95,422.54,430.87,890573,CMG
04-10-2016,433.09,434.14,425.33,427.27,655556,CMG
05-10-2016,427.95,430.96,424.4,427.84,628819,CMG
06-10-2016,425.9,428.86,423.1,424.49,564275,CMG
07-10-2016,426.08,432,425.42,429.91,980473,CMG
10-10-2016,433.72,440,429,437.88,1281567,CMG
11-10-2016,437.74,437.74,418,423.02,2031257,CMG
12-10-2016,423.22,425,417.09,418.52,712979,CMG
13-10-2016,414.11,416,408.25,409.81,869874,CMG
14-10-2016,411.15,414.95,403.16,404.14,974281,CMG
17-10-2016,401.05,401.93,393,394.35,1244549,CMG
18-10-2016,395.7,398,389.1,393.96,1180670,CMG
19-10-2016,394.39,406.83,394.39,405.25,916877,CMG
20-10-2016,403.79,410.36,402,405.1,765179,CMG
21-10-2016,405.53,415.46,403.38,411.94,1034395,CMG
24-10-2016,416.44,417.83,407.93,413.35,1308913,CMG
25-10-2016,410.51,417.61,403.79,405.67,2218517,CMG
26-10-2016,387.24,388.85,362.82,368.02,6291276,CMG
27-10-2016,369.39,373.45,363.58,368.59,1936101,CMG
28-10-2016,368.68,373,366.19,370.08,1187432,CMG
31-10-2016,370.11,372.51,360.15,360.76,1264481,CMG
01-11-2016,360.28,364.78,352.96,359.92,1416781,CMG
02-11-2016,361.58,370.6,358.63,369.63,1600826,CMG
03-11-2016,367.32,376.73,366.51,374.71,1356830,CMG
04-11-2016,374.59,379,369.76,370.43,1015493,CMG
07-11-2016,377.05,386.79,373.67,382.49,1491750,CMG
08-11-2016,379.94,381.02,370.79,378.54,1318465,CMG
09-11-2016,371.5,380.99,368.9,369.52,2006935,CMG
10-11-2016,372.55,396.82,372.4,391.83,2187877,CMG
11-11-2016,390.35,398.95,388.13,397.08,1146396,CMG
14-11-2016,398.56,419.3,397.63,414.18,1869860,CMG
15-11-2016,412.99,413.2,397.92,400,1230102,CMG
16-11-2016,399,408.49,397.14,402.9,985154,CMG
17-11-2016,395.7,407.84,394.11,402.9,1118698,CMG
18-11-2016,407.37,417.37,400.71,411.8,1500654,CMG
21-11-2016,410.59,413.5,407.36,412.38,815113,CMG
22-11-2016,409.66,411.54,401.65,405.99,877167,CMG
23-11-2016,406,414.74,404.7,410.41,617200,CMG
25-11-2016,410.93,412.8,405.06,410.28,355646,CMG
28-11-2016,406.99,409.89,399.28,399.39,838756,CMG
29-11-2016,399.9,402.96,394.69,395.11,758016,CMG
30-11-2016,396.2,402.86,395.64,396.33,905136,CMG
01-12-2016,396.99,406.88,396.94,402.38,926609,CMG
02-12-2016,399.84,408.25,398.4,400.03,839346,CMG
05-12-2016,400.02,410.83,395.4,396.27,1128907,CMG
06-12-2016,379.92,381.77,362.55,366.37,4936986,CMG
07-12-2016,368.75,369.95,362.45,368.06,1600270,CMG
08-12-2016,368.15,375.23,366.49,369.06,1354234,CMG
09-12-2016,369.03,371.6,366.07,370,1286670,CMG
12-12-2016,375.31,384.53,374.25,382.48,2101517,CMG
13-12-2016,379,381,375,377.22,1127288,CMG
14-12-2016,376.83,385.2,374,375.7,1198801,CMG
15-12-2016,376,385.79,375.05,382.35,1117929,CMG
16-12-2016,383.05,394.88,383.05,392.07,1375953,CMG
19-12-2016,390.54,395.9,389,389.5,673329,CMG
20-12-2016,390.51,392.91,387.26,389.47,624335,CMG
21-12-2016,389,394.91,388.25,393.5,814613,CMG
22-12-2016,393.89,396.45,390.23,391.16,826116,CMG
23-12-2016,390.79,394.28,388.59,389.77,483199,CMG
27-12-2016,388.52,392.33,388.02,388.75,557812,CMG
28-12-2016,389.6,390.88,385.16,385.37,504863,CMG
29-12-2016,385.57,387,375.13,376.61,894298,CMG
30-12-2016,376.52,382.49,375.16,377.32,890470,CMG
03-01-2017,379.11,380.38,374.08,374.77,868896,CMG
04-01-2017,374.91,383.9,372.87,381.86,984463,CMG
05-01-2017,382.62,392.67,379.05,391.89,1316727,CMG
06-01-2017,391.5,399.8,390.36,398.44,1149646,CMG
09-01-2017,398.7,399.25,392.11,395.06,793405,CMG
10-01-2017,412.64,420.23,408.2,414.48,3214128,CMG
11-01-2017,412.85,418.32,410.35,413.93,1273917,CMG
12-01-2017,411.63,414,407.8,409.35,850428,CMG
13-01-2017,409.93,413.95,409.01,410.75,572714,CMG
17-01-2017,406.41,411.87,404.41,405.87,833798,CMG
18-01-2017,407.35,411,399.03,409.74,823846,CMG
19-01-2017,408.91,409.98,404.81,405.2,581228,CMG
20-01-2017,408.91,409.98,404.81,405.2,581311,CMG
23-01-2017,405.71,409.26,402.01,407.72,632364,CMG
24-01-2017,407.72,419.57,405.78,417.88,687911,CMG
25-01-2017,419,425.61,418.57,419.54,732060,CMG
26-01-2017,421,425.1,417.5,418.73,470457,CMG
27-01-2017,419.06,419.5,412.17,416.6,553445,CMG
30-01-2017,416.21,421.7,414.74,417.95,587732,CMG
31-01-2017,416.73,422.25,415.48,421.44,737863,CMG
01-02-2017,420.31,422.58,417.61,420.23,750592,CMG
02-02-2017,420,427.67,413.67,423.3,1316199,CMG
03-02-2017,430.95,434.59,402.89,404.08,3573867,CMG
06-02-2017,398.81,402,395.08,395.59,1498846,CMG
07-02-2017,396.25,401.5,395.72,398.64,1270291,CMG
08-02-2017,400.5,408.23,398.69,402.94,1075651,CMG
09-02-2017,404.35,417.51,403.63,415.31,1292887,CMG
10-02-2017,416.26,420.76,412.77,413.36,880002,CMG
13-02-2017,415.72,419.47,413.55,414.14,586649,CMG
14-02-2017,414.15,420.98,413.51,419.54,640046,CMG
15-02-2017,420.05,425.59,419.01,423.34,822293,CMG
16-02-2017,423.36,426.54,421.33,424.76,560368,CMG
17-02-2017,424.46,428.52,423.19,427.61,543944,CMG
21-02-2017,429,434.69,428.73,432.36,911531,CMG
22-02-2017,432,434.37,426.99,427.61,666071,CMG
23-02-2017,427.14,429.87,420.71,422.38,573631,CMG
24-02-2017,419.47,421.44,411.62,420.9,942294,CMG
27-02-2017,421.71,424.23,419.31,421.67,545118,CMG
28-02-2017,419.53,425.59,417.67,418.74,496676,CMG
01-03-2017,422.51,424,416.25,419.15,715598,CMG
02-03-2017,419.26,420.21,415.37,416.29,474632,CMG
03-03-2017,415.38,417.25,412.41,416.09,538769,CMG
06-03-2017,411.1,417.57,410.01,411.68,699850,CMG
07-03-2017,410.51,412.57,402.16,404.9,933124,CMG
08-03-2017,404.01,407,402.85,406.5,507884,CMG
09-03-2017,407.08,412.68,406.25,410.48,543234,CMG
10-03-2017,411.35,412.98,404.41,407.75,615069,CMG
13-03-2017,408,409.76,403.57,405.87,642089,CMG
14-03-2017,404.85,404.85,397.81,403.1,733285,CMG
15-03-2017,403.11,405.39,399.04,400.96,834651,CMG
16-03-2017,400.96,402.49,399.63,400.95,578752,CMG
17-03-2017,400.9,403.47,400.03,402.58,555933,CMG
20-03-2017,402.55,402.9,394.19,396.37,773731,CMG
21-03-2017,403.34,408.6,400.5,407.52,1160461,CMG
22-03-2017,405.99,417.76,405.15,416.31,975180,CMG
23-03-2017,417,418.67,413.38,414.88,590620,CMG
24-03-2017,414.82,417.78,412.67,414.02,463051,CMG
27-03-2017,409.87,415.44,409.49,414.96,584043,CMG
28-03-2017,415.71,428.31,415.11,426.23,941727,CMG
29-03-2017,426.58,439.88,426.35,434.34,1439434,CMG
30-03-2017,436.77,450,435.95,443.92,1715512,CMG
31-03-2017,447.13,453.08,444.15,445.52,914420,CMG
03-04-2017,449.2,459.45,447.75,452.75,1356485,CMG
04-04-2017,455.25,459.36,448.4,449.41,976586,CMG
05-04-2017,454.69,458.83,447.07,452.44,793631,CMG
06-04-2017,452.85,455.18,448.79,450.29,486115,CMG
07-04-2017,449.75,450.67,446.76,447.34,532292,CMG
10-04-2017,447.24,456.89,445.4,454.28,692190,CMG
11-04-2017,454.99,459.93,445.25,453,825145,CMG
12-04-2017,451.89,459.24,450.47,458.35,831583,CMG
13-04-2017,457.03,466.77,455.51,463.62,974206,CMG
17-04-2017,465,471.5,461.7,469.89,735729,CMG
18-04-2017,471,471.57,464.14,468.51,486863,CMG
19-04-2017,474.05,481.77,473,476.96,1101858,CMG
20-04-2017,477.48,483.5,475.49,478.39,629100,CMG
21-04-2017,479,481.99,476.42,479.09,798700,CMG
24-04-2017,482.75,482.82,465.2,468.79,1145091,CMG
25-04-2017,471.1,474.27,468.27,471.76,2025360,CMG
26-04-2017,474.66,497.48,474.6,482.99,3910022,CMG
27-04-2017,485.23,488,481.05,482,981844,CMG
28-04-2017,481.87,481.87,473.45,474.47,937692,CMG
01-05-2017,473.01,482.97,465.99,477.58,982673,CMG
02-05-2017,480.49,490.67,480.39,486.86,1043167,CMG
03-05-2017,487.23,490.45,479.34,479.97,945044,CMG
04-05-2017,480.48,481.95,470.85,472.4,782981,CMG
05-05-2017,472.59,475.8,466.48,475.3,963658,CMG
08-05-2017,475.66,476.16,468.07,471.15,568928,CMG
09-05-2017,472.29,480.64,471.97,479.13,813348,CMG
10-05-2017,479.84,488.06,477.81,486.42,778738,CMG
11-05-2017,485.9,491.6,481.35,488.52,682409,CMG
12-05-2017,490.46,495.97,488.47,489.33,731590,CMG
15-05-2017,488.75,495.95,485.46,495.31,719701,CMG
16-05-2017,496.58,499,491,496.14,915065,CMG
17-05-2017,492.22,493.55,478.97,479.83,800142,CMG
18-05-2017,479.15,486.32,476.04,484.74,631613,CMG
19-05-2017,487.85,489.66,483.62,484.99,590661,CMG
22-05-2017,485.17,485.78,476.59,482.79,617539,CMG
23-05-2017,484.56,484.56,474,475,546019,CMG
24-05-2017,476.43,480,474.29,478.8,419721,CMG
25-05-2017,483.45,484.86,480,481.39,654517,CMG
26-05-2017,483.01,483.25,478.94,480.15,477836,CMG
30-05-2017,475.28,477.85,472.42,475.7,607297,CMG
31-05-2017,476.92,478,471.53,477.35,651660,CMG
01-06-2017,479.81,484.69,477.36,483.6,585680,CMG
02-06-2017,484.88,487.52,477.01,478.07,608270,CMG
05-06-2017,478.25,478.78,471.05,472.6,704387,CMG
06-06-2017,471,474.45,469,470.48,745882,CMG
07-06-2017,470.04,471.43,459.57,462.23,1123504,CMG
08-06-2017,461,464.49,457.02,459.69,739786,CMG
09-06-2017,461.37,466.05,459.53,460.85,736328,CMG
12-06-2017,459.79,464.34,452.2,461.55,776184,CMG
13-06-2017,461.78,468.04,461.38,464.22,543588,CMG
14-06-2017,463.79,468,459.2,459.69,417217,CMG
15-06-2017,456.55,459.66,452.4,455.67,600484,CMG
16-06-2017,455.67,457.55,450.1,451.09,904185,CMG
19-06-2017,452.97,459.32,448.68,458.91,1147400,CMG
20-06-2017,444.6,444.6,424.76,425.6,3317089,CMG
21-06-2017,425.15,427.98,414.3,417.6,1537542,CMG
22-06-2017,417,425.16,417,420.92,1154092,CMG
23-06-2017,422.15,422.93,415,415.28,1104482,CMG
26-06-2017,416.02,418,410.98,413.99,999632,CMG
27-06-2017,414.25,420.8,413.8,413.98,1136082,CMG
28-06-2017,414.39,419.94,414.39,416.87,671032,CMG
29-06-2017,416.45,422.7,415.56,419.18,778236,CMG
30-06-2017,420.76,423.75,415.83,416.1,740106,CMG
03-07-2017,415.81,418.71,414.41,417.33,422814,CMG
05-07-2017,418.2,419.73,411.34,413.25,969510,CMG
06-07-2017,411.76,413.26,406.33,412.76,1125960,CMG
07-07-2017,413.67,417.41,413.24,413.89,618574,CMG
10-07-2017,413,413.95,407,407.55,811550,CMG
11-07-2017,407,407.07,394.75,396.08,1428057,CMG
12-07-2017,396,399.15,390.55,396.95,1092766,CMG
13-07-2017,398.01,401.2,393,400.04,926099,CMG
14-07-2017,398.8,401.9,395.14,395.83,1105138,CMG
17-07-2017,395.7,397.75,391.01,392,829781,CMG
18-07-2017,395.25,395.25,362.4,374.98,7624861,CMG
19-07-2017,369.8,380,362.62,372.83,3233522,CMG
20-07-2017,372.83,373.96,355.71,356.05,4454791,CMG
21-07-2017,355.55,358.58,344.21,345.34,3198286,CMG
24-07-2017,344.75,346.37,336.52,339.98,2557068,CMG
25-07-2017,340,350.89,339,348.62,3527128,CMG
26-07-2017,354.35,355.55,340.05,340.6,3621377,CMG
27-07-2017,339.62,351.46,337.5,349.84,1701117,CMG
28-07-2017,349.75,357.99,349.24,350.5,1741057,CMG
31-07-2017,351,353.14,342.11,343.77,1234238,CMG
01-08-2017,344.08,347.74,340.63,347.24,897504,CMG
02-08-2017,348,352.42,346.13,351.06,995946,CMG
03-08-2017,351.84,355.48,345.15,345.36,922606,CMG
04-08-2017,344.43,345.38,339.21,344.56,829772,CMG
07-08-2017,345.32,345.73,336.91,339.45,961237,CMG
08-08-2017,338,338.95,332.34,333.64,1078066,CMG
09-08-2017,331.25,336.36,328.88,334.61,667460,CMG
10-08-2017,331.55,332.94,322.3,322.65,1236541,CMG
11-08-2017,321.94,328.76,320.01,326.41,968190,CMG
14-08-2017,329.21,329.45,322.38,322.4,817491,CMG
15-08-2017,322.39,334.91,317.41,322.78,2235018,CMG
16-08-2017,322.9,327.27,319.01,320.13,1020248,CMG
17-08-2017,319.98,325.94,317.41,317.92,1099731,CMG
18-08-2017,317.34,317.95,311.01,311.24,1216339,CMG
21-08-2017,311.25,312.27,304.5,308.59,1310187,CMG
22-08-2017,305,310,304.1,305.51,1070413,CMG
23-08-2017,303.16,305.5,296,297.09,1758889,CMG
24-08-2017,301.57,307.55,298.6,301.92,2025339,CMG
25-08-2017,301.97,312.92,300.85,308.79,1654110,CMG
28-08-2017,309.38,314.27,305.33,312.02,1760339,CMG
29-08-2017,310.06,315.69,309,310.37,1202129,CMG
30-08-2017,310.37,316.04,308.37,315.13,1122158,CMG
31-08-2017,316.51,317.82,313.21,316.71,899536,CMG
01-09-2017,316.94,321.58,315.62,319.95,1006777,CMG
05-09-2017,319.3,319.89,305.55,308.32,2069782,CMG
06-09-2017,309.99,318.25,309.33,317.88,1250646,CMG
07-09-2017,318.45,319.4,314.16,317.25,974963,CMG
08-09-2017,308.44,309.7,299,300.03,2091102,CMG
11-09-2017,302,308.2,301.75,305.14,1339124,CMG
12-09-2017,305.35,309.89,304.21,308.83,836020,CMG
13-09-2017,309,317.47,306.21,311.6,1286117,CMG
14-09-2017,311,311.56,308.04,310.59,695965,CMG
15-09-2017,310,314.67,308.61,313.09,1377786,CMG
18-09-2017,313.91,313.91,301.01,301.87,1497470,CMG
19-09-2017,302.66,304.77,295.11,303.41,1733538,CMG
20-09-2017,303.16,312.66,302.23,312.39,1680654,CMG
21-09-2017,312.4,314.29,310.89,313.22,850535,CMG
22-09-2017,313,317.34,312.09,314.31,931280,CMG
25-09-2017,313.1,323.88,313.1,320.83,1239589,CMG
26-09-2017,320.91,326.45,318.4,319.21,807913,CMG
27-09-2017,320.4,322.72,311.07,313.85,1292960,CMG
28-09-2017,315,317.08,312.11,316.53,611968,CMG
29-09-2017,315.85,316.49,307.09,307.83,1196353,CMG
02-10-2017,307.91,307.91,298.2,301.81,1691430,CMG
03-10-2017,301.5,303.75,300,302.99,833597,CMG
04-10-2017,304.2,310.25,303.62,306.81,938795,CMG
05-10-2017,308.28,312.04,306.35,310.35,868949,CMG
06-10-2017,308.86,309.74,303.2,307.64,1051527,CMG
09-10-2017,308.27,309.26,303.71,303.92,682129,CMG
10-10-2017,304.21,314.5,304.01,310.88,1152370,CMG
11-10-2017,307.73,312.59,304.53,311.49,995244,CMG
12-10-2017,310,314.31,308.18,314.17,775099,CMG
13-10-2017,311.82,328.62,311.75,326.45,2118977,CMG
16-10-2017,327.62,331.99,319.5,320.39,1758341,CMG
17-10-2017,320.57,329.71,320.47,329.3,1055699,CMG
18-10-2017,319.97,325.28,317.83,318.24,1523528,CMG
19-10-2017,315.85,326,315.52,325.27,919014,CMG
20-10-2017,325.17,325.81,319.25,324.76,973364,CMG
23-10-2017,325.13,327.91,319.83,320.45,842390,CMG
24-10-2017,322.34,326.53,318.25,324.3,2978551,CMG
25-10-2017,283.04,283.99,273.78,277.17,9900096,CMG
26-10-2017,275.35,282.66,270,281.52,3333743,CMG
27-10-2017,280.66,282.4,275.31,276.12,1637424,CMG
30-10-2017,275,275.13,268.18,268.7,1769037,CMG
31-10-2017,268.14,272.78,264.9,271.9,1310503,CMG
01-11-2017,271.9,275.48,269.75,270.2,1035529,CMG
02-11-2017,270.01,280.83,268.58,279.46,1952529,CMG
03-11-2017,277.39,278.63,271.5,273.53,1188921,CMG
06-11-2017,273.37,276.41,270.59,275.77,835417,CMG
07-11-2017,276.34,276.34,272.83,274.5,765434,CMG
08-11-2017,274.45,275.92,272.53,273.9,598887,CMG
09-11-2017,273.01,276.88,270.12,275,820937,CMG
10-11-2017,275,281,273.51,279.45,1060839,CMG
13-11-2017,272.72,279.25,263,277.5,1822038,CMG
14-11-2017,277.73,284.26,277.48,280.9,984430,CMG
15-11-2017,279.6,287.25,277.82,285.45,1059852,CMG
16-11-2017,285.89,289.25,283.16,283.7,796705,CMG
17-11-2017,283.56,291.51,283.56,289.84,1277873,CMG
20-11-2017,289.84,289.84,282.17,283.25,760973,CMG
21-11-2017,284.04,284.04,277.85,279.51,768705,CMG
22-11-2017,279.87,282.7,278.78,281.27,598560,CMG
24-11-2017,281.19,282.5,278.56,279.31,335240,CMG
27-11-2017,278.86,279.97,271.65,274.52,966879,CMG
28-11-2017,274.9,286.06,272.23,285.86,1333242,CMG
29-11-2017,297,304.47,292.27,301.99,3293763,CMG
30-11-2017,302,308.18,301.14,304.39,1486131,CMG
01-12-2017,302.4,311.29,300.24,307.59,1178323,CMG
04-12-2017,311.06,333.33,309.79,315.6,2690979,CMG
05-12-2017,318.01,321.67,312.01,315.56,1165016,CMG
06-12-2017,315.92,316.82,310.51,310.67,817667,CMG
07-12-2017,309.43,314.59,305.2,313.65,987334,CMG
08-12-2017,313.43,319.6,311.5,315.9,1870347,CMG
11-12-2017,315.01,316.66,311.6,313.39,688677,CMG
12-12-2017,313.54,318.67,311.15,318.38,699183,CMG
13-12-2017,322,325.71,317.45,319.7,961954,CMG
14-12-2017,318.78,321.64,313.54,314.02,713189,CMG
15-12-2017,316.24,318.17,311.87,312.12,1117234,CMG
18-12-2017,313.99,315.99,312.15,313.42,814206,CMG
19-12-2017,309.7,315.46,308.21,313.17,793844,CMG
20-12-2017,314.96,315.81,297.8,298.67,2019151,CMG
21-12-2017,296.3,299.77,291.55,292.4,1527199,CMG
22-12-2017,292.98,296.05,290.33,295.23,1197611,CMG
26-12-2017,295.52,297.49,292.95,295.52,546430,CMG
27-12-2017,296,298.69,294.39,295.42,863979,CMG
28-12-2017,295,297.26,293.05,294.82,517285,CMG
29-12-2017,294.25,296.17,286.4,289.03,1111425,CMG
02-01-2018,290.9,293.14,289,292.95,1463989,CMG
03-01-2018,294,313.2,293.26,309,1957448,CMG
04-01-2018,309.03,310.38,304.39,307.11,703303,CMG
05-01-2018,310.24,314.28,307.59,313.79,998208,CMG
08-01-2018,314.1,320.1,312.33,318.47,1087703,CMG
09-01-2018,319.67,322.18,318.14,319.37,681944,CMG
10-01-2018,318.94,328.25,318,321.8,1154620,CMG
11-01-2018,322.61,328.19,320.5,325.5,813572,CMG
12-01-2018,326.84,328.62,323.07,327.34,675908,CMG
16-01-2018,329.33,330.94,324.9,327.37,706540,CMG
17-01-2018,328,339.6,325,334.63,979061,CMG
18-01-2018,334.51,341.5,332.62,337.53,889043,CMG
19-01-2018,339.25,345.88,338.37,343.87,1152978,CMG
22-01-2018,340,340.26,329.31,330,1438674,CMG
23-01-2018,330,334.39,327.99,328.71,1225218,CMG
24-01-2018,329.92,331.94,324.27,329.53,786768,CMG
25-01-2018,330.34,335.18,329.6,333.97,573940,CMG
26-01-2018,332.56,332.56,326.77,330.23,665600,CMG
29-01-2018,327,336.24,325,332.33,764790,CMG
30-01-2018,329.69,331.19,313.01,322.08,1929254,CMG
31-01-2018,322.87,330,321.68,324.76,737156,CMG
01-02-2018,314.06,315.2,306.2,314.72,1646308,CMG
02-02-2018,313.81,317.5,310.85,311.64,951975,CMG
05-02-2018,310.88,314.36,299.17,300.3,1349301,CMG
06-02-2018,296.8,305.46,293.55,304.33,2092166,CMG
07-02-2018,273.64,279.7,268.04,272.21,4780612,CMG
08-02-2013,22.5,22.56,22.45,22.5,24424506,GE
11-02-2013,22.49,22.51,22.35,22.45,19738628,GE
12-02-2013,22.48,22.65,22.48,22.58,34139526,GE
13-02-2013,23.11,23.48,23.04,23.39,84933955,GE
14-02-2013,23.25,23.49,23.11,23.41,53990644,GE
15-02-2013,23.48,23.55,23.23,23.29,39288629,GE
19-02-2013,23.42,23.75,23.41,23.75,41218513,GE
20-02-2013,23.71,23.75,23.35,23.41,38092203,GE
21-02-2013,23.18,23.35,23.12,23.26,47809553,GE
22-02-2013,23.35,23.45,23.23,23.39,27830319,GE
25-02-2013,23.5,23.53,22.81,22.81,51616159,GE
26-02-2013,22.97,23.15,22.91,23.05,41314773,GE
27-02-2013,23.02,23.4,23,23.37,29675208,GE
28-02-2013,23.37,23.46,23.2,23.22,39652348,GE
01-03-2013,23.02,23.34,23,23.19,41216047,GE
04-03-2013,23.15,23.28,23.03,23.27,25445927,GE
05-03-2013,23.46,23.71,23.44,23.59,35625119,GE
06-03-2013,23.84,23.84,23.67,23.67,31537842,GE
07-03-2013,23.7,23.83,23.67,23.68,22956662,GE
08-03-2013,23.86,23.9,23.68,23.77,28953614,GE
11-03-2013,23.69,23.75,23.45,23.62,34946863,GE
12-03-2013,23.59,23.6,23.33,23.41,36596051,GE
13-03-2013,23.44,23.52,23.4,23.49,24153358,GE
14-03-2013,23.55,23.76,23.51,23.69,34635499,GE
15-03-2013,23.44,23.72,23.36,23.44,58860186,GE
18-03-2013,23.17,23.35,23.13,23.25,33699844,GE
19-03-2013,23.3,23.36,23.17,23.32,36088490,GE
20-03-2013,23.73,23.8,23.33,23.46,39161817,GE
21-03-2013,23.42,23.6,23.29,23.29,38532814,GE
22-03-2013,23.32,23.4,23.28,23.37,30404441,GE
25-03-2013,23.45,23.48,23.05,23.24,41681551,GE
26-03-2013,23.27,23.3,23.01,23.12,32353323,GE
27-03-2013,23.02,23.14,22.85,23.1,27492548,GE
28-03-2013,23.14,23.2,22.99,23.12,31097389,GE
01-04-2013,23.03,23.1,22.97,23.08,27464953,GE
02-04-2013,23.17,23.37,23.09,23.34,29180012,GE
03-04-2013,23.38,23.4,22.92,23,52574632,GE
04-04-2013,23.01,23.13,22.96,23.08,30470542,GE
05-04-2013,22.8,22.94,22.76,22.93,31404594,GE
08-04-2013,23.05,23.12,22.83,23.12,30468432,GE
09-04-2013,23.25,23.25,22.9,23.06,31624502,GE
10-04-2013,23.1,23.65,23.06,23.58,39769409,GE
11-04-2013,23.55,23.72,23.43,23.59,27083231,GE
12-04-2013,23.49,23.59,23.33,23.46,27232615,GE
15-04-2013,23.28,23.3,22.81,22.81,46456529,GE
16-04-2013,23.07,23.1,22.9,23.1,36001678,GE
17-04-2013,22.96,23.03,22.65,22.76,42674113,GE
18-04-2013,22.76,22.85,22.57,22.67,41148449,GE
19-04-2013,21.94,22.03,21.61,21.75,108624009,GE
22-04-2013,21.67,21.68,21.11,21.35,87797475,GE
23-04-2013,21.55,21.69,21.36,21.5,65355836,GE
24-04-2013,21.69,22.03,21.65,21.96,51494391,GE
25-04-2013,22.21,22.23,21.91,21.95,41390347,GE
26-04-2013,21.98,22.4,21.97,22.21,47027992,GE
29-04-2013,22.31,22.32,22,22.27,36527024,GE
30-04-2013,22.29,22.38,22.21,22.29,34064705,GE
01-05-2013,22.1,22.35,22.1,22.15,39201446,GE
02-05-2013,22.25,22.32,22.15,22.32,27649366,GE
03-05-2013,22.57,22.85,22.55,22.57,45465241,GE
06-05-2013,22.56,22.64,22.32,22.58,28563657,GE
07-05-2013,22.69,22.79,22.62,22.68,27592661,GE
08-05-2013,22.68,23.02,22.62,23.01,39968126,GE
09-05-2013,22.99,23.1,22.69,22.78,29974162,GE
10-05-2013,22.77,22.91,22.59,22.9,35116137,GE
13-05-2013,22.86,22.88,22.62,22.85,30284274,GE
14-05-2013,22.85,23.07,22.81,23.01,39601484,GE
15-05-2013,23.04,23.25,22.91,23.24,40153480,GE
16-05-2013,23.1,23.35,23.1,23.27,33018521,GE
17-05-2013,23.27,23.48,23.2,23.46,41039868,GE
20-05-2013,23.46,23.58,23.43,23.57,32833561,GE
21-05-2013,23.59,23.78,23.59,23.66,33780531,GE
22-05-2013,23.78,24.13,23.75,23.86,68448868,GE
23-05-2013,23.52,23.75,23.45,23.66,44383416,GE
24-05-2013,23.5,23.67,23.49,23.53,41015195,GE
28-05-2013,23.77,23.84,23.58,23.6,47315622,GE
29-05-2013,23.42,23.7,23.4,23.64,39235876,GE
30-05-2013,23.58,23.76,23.5,23.6,29347051,GE
31-05-2013,23.59,23.79,23.31,23.32,49239757,GE
03-06-2013,23.37,23.78,23.32,23.64,45229169,GE
04-06-2013,23.59,23.76,23.41,23.66,38701201,GE
05-06-2013,23.55,23.58,23.21,23.32,44754588,GE
06-06-2013,23.25,23.39,23.1,23.38,42605142,GE
07-06-2013,23.54,23.95,23.47,23.86,49039310,GE
10-06-2013,23.88,23.92,23.64,23.78,41626855,GE
11-06-2013,23.49,23.69,23.48,23.58,36183296,GE
12-06-2013,23.7,23.73,23.42,23.5,33840935,GE
13-06-2013,23.45,23.79,23.34,23.68,34931137,GE
14-06-2013,23.68,23.75,23.46,23.52,27845570,GE
17-06-2013,23.75,23.85,23.65,23.77,39278793,GE
18-06-2013,23.83,24.45,23.77,24.33,72762996,GE
19-06-2013,24.2,24.35,23.98,23.98,46079425,GE
20-06-2013,23.63,23.69,23.2,23.25,62749147,GE
21-06-2013,23.58,23.64,23.21,23.36,65030667,GE
24-06-2013,23.12,23.15,22.76,22.93,48773480,GE
25-06-2013,23.17,23.25,22.94,23.11,36578681,GE
26-06-2013,23.43,23.44,23.02,23.25,32544251,GE
27-06-2013,23.41,23.48,23.26,23.32,30867497,GE
28-06-2013,23.32,23.44,23.16,23.19,45955809,GE
01-07-2013,23.21,23.64,23.19,23.34,35784569,GE
02-07-2013,23.27,23.34,22.88,22.9,47608551,GE
03-07-2013,22.85,22.98,22.76,22.91,21450528,GE
05-07-2013,23.17,23.24,22.95,23.24,22688771,GE
08-07-2013,23.36,23.53,23.27,23.32,35530142,GE
09-07-2013,23.52,23.8,23.51,23.62,31531927,GE
10-07-2013,23.72,23.73,23.36,23.54,28476003,GE
11-07-2013,23.91,23.96,23.63,23.94,32618383,GE
12-07-2013,23.99,24,23.59,23.76,33257164,GE
15-07-2013,23.73,23.74,23.56,23.63,35856419,GE
16-07-2013,23.66,23.67,23.34,23.43,38192873,GE
17-07-2013,23.54,23.61,23.43,23.54,26857913,GE
18-07-2013,23.6,23.94,23.56,23.63,41408709,GE
19-07-2013,24.21,24.95,24.1,24.72,103689532,GE
22-07-2013,24.77,24.92,24.73,24.86,41547982,GE
23-07-2013,24.87,24.88,24.63,24.71,32555658,GE
24-07-2013,24.79,24.84,24.56,24.62,27482917,GE
25-07-2013,24.61,24.69,24.52,24.69,29921022,GE
26-07-2013,24.65,24.66,24.5,24.65,31116413,GE
29-07-2013,24.53,24.6,24.46,24.49,25588650,GE
30-07-2013,24.57,24.64,24.4,24.48,31201482,GE
31-07-2013,24.57,24.69,24.36,24.37,38954927,GE
01-08-2013,24.6,24.87,24.52,24.62,31976686,GE
02-08-2013,24.52,24.7,24.4,24.7,25658006,GE
05-08-2013,24.57,24.6,24.49,24.52,17971975,GE
06-08-2013,24.49,24.5,24.25,24.31,22899841,GE
07-08-2013,24.21,24.34,24.09,24.34,27965027,GE
08-08-2013,24.47,24.54,24.22,24.33,22372476,GE
09-08-2013,24.34,24.44,24.21,24.25,20763750,GE
12-08-2013,24.14,24.3,24.06,24.27,27365889,GE
13-08-2013,24.3,24.3,24.1,24.2,28533713,GE
14-08-2013,24.2,24.29,24.05,24.07,27987906,GE
15-08-2013,23.97,24.26,23.92,24,39962617,GE
16-08-2013,23.88,24.05,23.86,23.95,36316557,GE
19-08-2013,23.9,23.96,23.76,23.85,32193865,GE
20-08-2013,23.77,23.85,23.63,23.72,30446599,GE
21-08-2013,23.72,23.79,23.56,23.61,31841702,GE
22-08-2013,23.66,23.8,23.61,23.78,31032993,GE
23-08-2013,23.83,23.85,23.64,23.78,20689585,GE
26-08-2013,23.74,23.79,23.56,23.61,25863585,GE
27-08-2013,23.36,23.39,23.11,23.18,51387293,GE
28-08-2013,23.16,23.4,23.16,23.2,28862606,GE
29-08-2013,23.16,23.3,23.1,23.11,22104575,GE
30-08-2013,23.44,23.5,23.04,23.14,46268666,GE
03-09-2013,23.31,23.45,22.92,23.06,52050234,GE
04-09-2013,22.99,23.18,22.96,23.17,31616824,GE
05-09-2013,23.34,23.35,23.09,23.16,30300761,GE
06-09-2013,23.15,23.38,22.96,23.16,36732273,GE
09-09-2013,23.25,23.46,23.18,23.39,28179656,GE
10-09-2013,23.67,23.94,23.62,23.87,35719052,GE
11-09-2013,23.95,24.09,23.72,24.09,34603826,GE
12-09-2013,24.16,24.2,23.77,23.85,30679556,GE
13-09-2013,23.78,23.9,23.75,23.78,19071525,GE
16-09-2013,24.06,24.23,23.93,24.14,36900464,GE
17-09-2013,24.13,24.47,24.11,24.45,35753764,GE
18-09-2013,24.47,24.91,24.4,24.86,51161406,GE
19-09-2013,24.8,24.89,24.4,24.46,49720043,GE
20-09-2013,24.55,24.56,24,24.01,68006645,GE
23-09-2013,24.2,24.38,24.15,24.28,41414740,GE
24-09-2013,24.22,24.54,24.22,24.32,32414129,GE
25-09-2013,24.3,24.48,24.2,24.23,29437799,GE
26-09-2013,24.3,24.51,23.96,24.25,34249065,GE
27-09-2013,24.1,24.1,23.94,24.05,25677629,GE
30-09-2013,23.88,24.08,23.82,23.89,35229335,GE
01-10-2013,23.94,24.22,23.9,24.17,28985235,GE
02-10-2013,24.14,24.35,24.05,24.33,34205773,GE
03-10-2013,24.22,24.25,23.84,24.1,37466161,GE
04-10-2013,24.18,24.18,23.9,24.05,33274615,GE
07-10-2013,23.84,24.13,23.8,23.94,28974564,GE
08-10-2013,23.92,23.92,23.67,23.67,42610222,GE
09-10-2013,23.84,23.84,23.5,23.57,35095512,GE
10-10-2013,23.9,24.25,23.82,24.25,38162745,GE
11-10-2013,24.32,24.49,24.2,24.4,34175109,GE
14-10-2013,24.21,24.38,24.16,24.38,22023311,GE
15-10-2013,24.27,24.45,24.15,24.19,28352437,GE
16-10-2013,24.35,24.4,24.13,24.36,30116337,GE
17-10-2013,24.38,24.68,24.23,24.68,45374889,GE
18-10-2013,25.21,25.75,25.09,25.55,98515786,GE
21-10-2013,25.87,26.35,25.79,26.14,60783265,GE
22-10-2013,26.19,26.24,25.98,26.02,43281218,GE
23-10-2013,25.99,26,25.64,25.7,39520302,GE
24-10-2013,25.84,26.02,25.67,25.94,34619086,GE
25-10-2013,26.07,26.08,25.8,25.88,27358600,GE
28-10-2013,25.88,26.16,25.76,26.09,31486723,GE
29-10-2013,26.19,26.3,26.07,26.21,38421060,GE
30-10-2013,26.29,26.48,26.19,26.37,39812215,GE
31-10-2013,26.35,26.44,26.12,26.14,42831025,GE
01-11-2013,26.05,26.64,26.03,26.54,55635425,GE
04-11-2013,26.59,26.59,26.31,26.43,28167762,GE
05-11-2013,26.32,26.52,26.26,26.42,24878895,GE
06-11-2013,26.47,26.98,26.45,26.9,58645020,GE
07-11-2013,26.94,27.19,26.6,26.6,59523373,GE
08-11-2013,26.42,27.06,26.4,27.05,37709323,GE
11-11-2013,27.02,27.04,26.89,27.01,23837715,GE
12-11-2013,26.92,27.14,26.81,27.05,37560243,GE
13-11-2013,26.97,27.15,26.75,27.15,34368845,GE
14-11-2013,27.15,27.2,26.86,26.99,32425183,GE
15-11-2013,27.01,27.43,26.97,27.2,51698463,GE
18-11-2013,27.28,27.5,27.11,27.22,39087309,GE
19-11-2013,27.13,27.33,26.92,27.03,35722019,GE
20-11-2013,26.99,27.17,26.88,26.96,30288795,GE
21-11-2013,27.02,27.02,26.76,26.91,30369466,GE
22-11-2013,26.87,27.09,26.86,27.08,22050921,GE
25-11-2013,27.14,27.17,26.73,26.73,32343094,GE
26-11-2013,26.72,26.95,26.72,26.78,36555553,GE
27-11-2013,26.83,26.9,26.75,26.83,22707733,GE
29-11-2013,26.75,26.87,26.63,26.66,21405931,GE
02-12-2013,26.65,26.74,26.56,26.66,34650696,GE
03-12-2013,26.6,26.6,26.34,26.56,32748678,GE
04-12-2013,26.34,26.66,26.2,26.64,44947108,GE
05-12-2013,26.63,26.64,26.35,26.45,28459432,GE
06-12-2013,26.77,26.98,26.68,26.94,25347275,GE
09-12-2013,26.93,27.33,26.88,27.19,30729948,GE
10-12-2013,27.09,27.39,27.07,27.14,30864694,GE
11-12-2013,27.11,27.13,26.54,26.58,40161371,GE
12-12-2013,26.5,26.7,26.48,26.54,30960207,GE
13-12-2013,26.59,26.94,26.51,26.84,39833678,GE
16-12-2013,26.94,27.09,26.87,26.98,40160001,GE
17-12-2013,27.1,27.14,26.94,27.03,36632649,GE
18-12-2013,27.03,27.47,26.84,27.41,55268819,GE
19-12-2013,27.17,27.4,26.83,27.32,50749383,GE
20-12-2013,27.27,27.47,27.02,27.36,78154776,GE
23-12-2013,27.43,27.49,27.27,27.4,29903353,GE
24-12-2013,27.38,27.66,27.36,27.61,15109682,GE
26-12-2013,27.68,27.96,27.6,27.83,24768806,GE
27-12-2013,27.84,27.94,27.76,27.83,18992012,GE
30-12-2013,27.84,27.98,27.8,27.89,23839381,GE
31-12-2013,27.9,28.09,27.83,28.03,30312595,GE
02-01-2014,27.86,27.94,27.41,27.5,41503781,GE
03-01-2014,27.52,27.6,27.41,27.48,27575932,GE
06-01-2014,27.66,27.73,27.15,27.26,29366264,GE
07-01-2014,27.48,27.49,27.21,27.29,24745856,GE
08-01-2014,27.35,27.36,27.12,27.21,25872072,GE
09-01-2014,27.33,27.36,26.93,27.22,31319824,GE
10-01-2014,27.19,27.23,26.86,26.96,38856831,GE
13-01-2014,26.98,27.1,26.68,26.73,34457965,GE
14-01-2014,26.84,27,26.74,26.97,24954330,GE
15-01-2014,27.15,27.4,27.01,27.34,31886756,GE
16-01-2014,27.22,27.27,27.08,27.2,32691427,GE
17-01-2014,26.88,26.92,26.28,26.58,97353043,GE
21-01-2014,26.73,26.74,26.04,26.29,59981683,GE
22-01-2014,26.3,26.31,25.99,25.99,48771276,GE
23-01-2014,25.98,25.98,25.53,25.82,58062966,GE
24-01-2014,25.57,25.59,24.95,24.95,95835536,GE
27-01-2014,25.26,25.29,24.9,25.07,60605337,GE
28-01-2014,25.33,25.62,25.3,25.46,50485045,GE
29-01-2014,25.34,25.52,25.16,25.29,39649968,GE
30-01-2014,25.5,25.59,25.33,25.5,30138917,GE
31-01-2014,25.21,25.38,25.08,25.13,40348900,GE
03-02-2014,25.13,25.21,24.32,24.35,75524630,GE
04-02-2014,24.53,24.78,24.4,24.57,45872266,GE
05-02-2014,24.46,24.64,24.32,24.52,40282070,GE
06-02-2014,24.8,25.1,24.62,24.95,44732148,GE
07-02-2014,25.2,25.28,25,25.19,34938473,GE
10-02-2014,25.39,25.39,24.93,25.05,33039861,GE
11-02-2014,25.21,25.52,25.16,25.43,32660957,GE
12-02-2014,25.57,25.63,25.35,25.39,25231309,GE
13-02-2014,25.23,25.44,25.11,25.44,32397948,GE
14-02-2014,25.42,25.85,25.38,25.74,25088460,GE
18-02-2014,26.01,26.04,25.65,25.65,29255694,GE
19-02-2014,25.68,25.77,25.37,25.4,33918343,GE
20-02-2014,25.31,25.32,25.02,25.12,32303682,GE
21-02-2014,25.12,25.19,24.94,24.94,37175680,GE
24-02-2014,25.02,25.45,24.96,25.29,38053572,GE
25-02-2014,25.38,25.48,25.17,25.27,33101400,GE
26-02-2014,25.33,25.36,25.1,25.3,29785491,GE
27-02-2014,25.21,25.56,25.15,25.5,22835227,GE
28-02-2014,25.54,25.69,25.31,25.47,29454880,GE
03-03-2014,25.21,25.21,24.92,25.12,34211568,GE
04-03-2014,25.52,25.73,25.46,25.65,36679375,GE
05-03-2014,25.78,25.96,25.65,25.93,30166194,GE
06-03-2014,26.06,26.28,26.02,26.22,34919127,GE
07-03-2014,26.33,26.35,25.97,26.13,27291285,GE
10-03-2014,26.12,26.13,25.84,26.04,22291880,GE
11-03-2014,26.06,26.1,25.76,25.9,24865819,GE
12-03-2014,25.68,25.83,25.63,25.76,23490830,GE
13-03-2014,26,26,25.21,25.34,37865067,GE
14-03-2014,25.25,25.38,25.09,25.11,29461326,GE
17-03-2014,25.26,25.63,25.25,25.43,45614022,GE
18-03-2014,25.52,25.73,25.47,25.65,23785108,GE
19-03-2014,25.64,25.7,25.11,25.28,35246796,GE
20-03-2014,25.37,25.37,25.12,25.27,35712324,GE
21-03-2014,25.69,25.83,25.34,25.4,55183747,GE
24-03-2014,25.49,25.53,25.2,25.41,31150695,GE
25-03-2014,25.58,25.71,25.39,25.7,31154474,GE
26-03-2014,25.8,25.92,25.6,25.62,31830078,GE
27-03-2014,25.58,25.85,25.51,25.81,29636377,GE
28-03-2014,25.9,26.02,25.78,25.88,29691350,GE
31-03-2014,26.02,26.08,25.81,25.89,32088936,GE
01-04-2014,25.83,25.99,25.75,25.87,28498551,GE
02-04-2014,25.92,26.06,25.87,26.04,26402893,GE
03-04-2014,26.15,26.26,26.05,26.23,22259442,GE
04-04-2014,26.37,26.4,25.99,26.02,33140846,GE
07-04-2014,25.95,26.04,25.74,25.85,30438901,GE
08-04-2014,25.76,25.92,25.67,25.75,26915914,GE
09-04-2014,25.86,25.96,25.59,25.95,25180827,GE
10-04-2014,26.09,26.11,25.57,25.58,36293724,GE
11-04-2014,25.51,25.76,25.43,25.43,37325453,GE
14-04-2014,25.58,25.75,25.43,25.71,25069295,GE
15-04-2014,25.67,25.89,25.58,25.82,30287260,GE
16-04-2014,26.01,26.2,25.89,26.12,33496560,GE
17-04-2014,26.47,26.76,26.45,26.56,69658555,GE
21-04-2014,26.63,26.71,26.56,26.59,25131286,GE
22-04-2014,26.7,26.77,26.57,26.58,27798778,GE
23-04-2014,26.57,26.66,26.39,26.42,29567135,GE
24-04-2014,26.44,26.64,26.23,26.46,25578133,GE
25-04-2014,26.57,26.8,26.55,26.6,33753008,GE
28-04-2014,26.72,26.85,26.53,26.78,34567018,GE
29-04-2014,26.83,26.88,26.59,26.76,27676160,GE
30-04-2014,26.8,26.9,26.65,26.89,29165081,GE
01-05-2014,26.73,26.83,26.64,26.77,25779732,GE
02-05-2014,26.77,26.87,26.66,26.68,23473487,GE
05-05-2014,26.69,26.69,26.5,26.58,16591956,GE
06-05-2014,26.51,26.53,26.19,26.19,25034230,GE
07-05-2014,26.27,26.53,26.27,26.53,24322399,GE
08-05-2014,26.48,26.6,26.3,26.44,20888629,GE
09-05-2014,26.56,26.57,26.31,26.42,17437883,GE
12-05-2014,26.58,26.86,26.51,26.85,23713635,GE
13-05-2014,26.89,26.95,26.77,26.92,20482913,GE
14-05-2014,26.91,26.96,26.67,26.76,20741637,GE
15-05-2014,26.72,26.8,26.32,26.6,33783058,GE
16-05-2014,26.49,26.68,26.37,26.67,28842696,GE
19-05-2014,26.55,26.69,26.48,26.61,18129720,GE
20-05-2014,26.61,26.62,26.15,26.3,23477140,GE
21-05-2014,26.37,26.52,26.35,26.49,17444839,GE
22-05-2014,26.42,26.57,26.31,26.51,15628725,GE
23-05-2014,26.55,26.58,26.43,26.51,14833050,GE
27-05-2014,26.55,26.63,26.45,26.57,18317774,GE
28-05-2014,26.56,26.71,26.53,26.66,18205724,GE
29-05-2014,26.69,26.74,26.55,26.74,15026430,GE
30-05-2014,26.64,26.79,26.6,26.79,18933610,GE
02-06-2014,26.71,26.85,26.61,26.83,17125582,GE
03-06-2014,26.75,26.81,26.67,26.79,18650328,GE
04-06-2014,26.74,26.74,26.54,26.55,19969832,GE
05-06-2014,26.54,26.78,26.45,26.77,25041424,GE
06-06-2014,26.79,27.24,26.76,27.18,33736797,GE
09-06-2014,27.06,27.53,27.01,27.44,28282264,GE
10-06-2014,27.31,27.46,27.24,27.41,21842443,GE
11-06-2014,27.32,27.36,27.06,27.15,24721976,GE
12-06-2014,27.1,27.16,26.89,26.96,25747546,GE
13-06-2014,26.88,27.07,26.88,27.04,19133325,GE
16-06-2014,26.95,26.97,26.75,26.82,26681095,GE
17-06-2014,26.79,26.98,26.68,26.87,21302458,GE
18-06-2014,26.88,26.94,26.69,26.89,26237282,GE
19-06-2014,26.66,26.98,26.66,26.93,31605232,GE
20-06-2014,27.02,27.04,26.87,26.97,49758222,GE
23-06-2014,27.05,27.06,26.6,26.68,31244402,GE
24-06-2014,26.66,26.88,26.51,26.58,26423125,GE
25-06-2014,26.47,26.51,26.34,26.42,26263851,GE
26-06-2014,26.46,26.46,26.2,26.29,23166624,GE
27-06-2014,26.29,26.43,26.23,26.43,35160613,GE
30-06-2014,26.44,26.45,26.22,26.28,29678133,GE
01-07-2014,26.27,26.5,26.26,26.4,28064516,GE
02-07-2014,26.35,26.65,26.34,26.61,21284051,GE
03-07-2014,26.81,26.89,26.78,26.86,20513861,GE
07-07-2014,26.8,26.84,26.68,26.75,25262984,GE
08-07-2014,26.62,26.65,26.35,26.37,29105592,GE
09-07-2014,26.43,26.43,26.26,26.32,37820538,GE
10-07-2014,26.13,26.29,26.1,26.2,33239944,GE
11-07-2014,26.19,26.55,26.12,26.55,35440238,GE
14-07-2014,26.63,26.86,26.62,26.66,25273776,GE
15-07-2014,26.75,26.8,26.55,26.61,41455762,GE
16-07-2014,26.69,27.15,26.66,27.02,47070971,GE
17-07-2014,26.92,26.98,26.6,26.61,37548895,GE
18-07-2014,26.77,26.78,26.25,26.46,55402966,GE
21-07-2014,26.33,26.33,25.72,25.98,59342962,GE
22-07-2014,26.07,26.1,25.85,26.02,34537191,GE
23-07-2014,26.07,26.09,25.91,25.91,32060840,GE
24-07-2014,25.95,26.08,25.9,25.94,22010781,GE
25-07-2014,25.97,25.99,25.73,25.79,24634123,GE
28-07-2014,25.67,25.73,25.44,25.59,32982961,GE
29-07-2014,25.57,25.72,25.45,25.45,22528902,GE
30-07-2014,25.58,25.79,25.4,25.64,25838163,GE
31-07-2014,25.53,25.56,25.15,25.15,37995195,GE
01-08-2014,25.07,25.36,24.75,25.35,40200371,GE
04-08-2014,25.33,25.42,25.1,25.27,28410271,GE
05-08-2014,25.1,25.29,24.95,25.02,27694301,GE
06-08-2014,25.13,25.57,25.09,25.44,47222588,GE
07-08-2014,25.61,25.7,25.42,25.5,36171049,GE
08-08-2014,25.46,25.67,25.3,25.66,22929491,GE
11-08-2014,25.84,26,25.72,25.79,27873139,GE
12-08-2014,25.85,25.86,25.59,25.61,21782828,GE
13-08-2014,25.72,25.92,25.7,25.83,19839122,GE
14-08-2014,25.89,25.95,25.74,25.88,23314376,GE
15-08-2014,25.95,25.97,25.51,25.64,28167927,GE
18-08-2014,25.87,26.07,25.85,26.07,26809918,GE
19-08-2014,26.14,26.16,26.05,26.05,16137195,GE
20-08-2014,26.08,26.4,26.01,26.36,28855419,GE
21-08-2014,26.42,26.45,26.3,26.43,22184989,GE
22-08-2014,26.34,26.37,26.11,26.15,22784448,GE
25-08-2014,26.15,26.29,26.02,26.2,21856177,GE
26-08-2014,26.22,26.28,26.01,26.01,26313597,GE
27-08-2014,26.05,26.2,26.02,26.13,21176518,GE
28-08-2014,26.03,26.09,25.96,26.01,13441758,GE
29-08-2014,26.03,26.09,25.9,25.98,21918073,GE
02-09-2014,25.89,26.03,25.77,25.85,24386705,GE
03-09-2014,25.98,26,25.82,25.95,19962188,GE
04-09-2014,25.99,26.13,25.89,25.96,26891844,GE
05-09-2014,25.9,26.1,25.8,26.1,21041614,GE
08-09-2014,26.14,26.27,26.06,26.08,20379749,GE
09-09-2014,26.07,26.11,25.85,25.9,21666372,GE
10-09-2014,25.99,26.03,25.85,25.95,19110019,GE
11-09-2014,25.91,26.09,25.83,26.02,22606456,GE
12-09-2014,25.97,25.97,25.8,25.87,24639215,GE
15-09-2014,25.83,25.95,25.75,25.92,15347196,GE
16-09-2014,25.92,26.27,25.88,26.21,27482919,GE
17-09-2014,26.32,26.4,26.1,26.27,29613666,GE
18-09-2014,26.19,26.36,26.13,26.21,31598150,GE
19-09-2014,26.35,26.4,26.25,26.29,38246240,GE
22-09-2014,26.19,26.27,26.03,26.08,23005682,GE
23-09-2014,25.99,26.14,25.98,26.02,21684802,GE
24-09-2014,26.01,26.01,25.69,25.93,34059709,GE
25-09-2014,25.88,25.88,25.53,25.55,30686909,GE
26-09-2014,25.58,25.7,25.43,25.63,28931908,GE
29-09-2014,25.36,25.52,25.3,25.42,30747559,GE
30-09-2014,25.36,25.7,25.33,25.62,40800825,GE
01-10-2014,25.43,25.47,25.08,25.16,42081150,GE
02-10-2014,25.19,25.25,25.01,25.12,28502190,GE
03-10-2014,25.29,25.43,25.15,25.4,21658268,GE
06-10-2014,25.6,25.63,25.07,25.22,30492555,GE
07-10-2014,25.1,25.19,24.8,24.81,31985226,GE
08-10-2014,24.95,25.25,24.66,25.25,36918067,GE
09-10-2014,25.23,25.31,24.73,24.78,34012747,GE
10-10-2014,24.79,24.87,24.21,24.27,47837259,GE
13-10-2014,24.24,24.33,23.9,23.95,39054751,GE
14-10-2014,24.18,24.64,24.05,24.1,42254802,GE
15-10-2014,23.86,24.4,23.69,24.28,65636608,GE
16-10-2014,23.99,24.51,23.96,24.25,51697867,GE
17-10-2014,25,25.25,24.7,24.82,52637804,GE
20-10-2014,24.91,25.12,24.71,25.03,33868474,GE
21-10-2014,25.27,25.53,25.13,25.45,31688249,GE
22-10-2014,25.34,25.48,25.15,25.19,30038656,GE
23-10-2014,25.42,25.69,25.4,25.44,30962329,GE
24-10-2014,25.44,25.65,25.41,25.64,20563914,GE
27-10-2014,25.66,25.7,25.38,25.52,19784471,GE
28-10-2014,25.58,25.88,25.56,25.88,28586780,GE
29-10-2014,25.88,25.9,25.39,25.66,28829744,GE
30-10-2014,25.42,25.72,25.32,25.67,26173758,GE
31-10-2014,25.86,25.93,25.67,25.81,39955300,GE
03-11-2014,25.49,25.84,25.48,25.7,35086089,GE
04-11-2014,25.73,25.8,25.59,25.7,22553888,GE
05-11-2014,25.9,25.9,25.67,25.82,31585713,GE
06-11-2014,25.89,26.39,25.87,26.36,40218790,GE
07-11-2014,26.29,26.51,26.21,26.41,26390803,GE
10-11-2014,26.41,26.53,26.38,26.47,16277815,GE
11-11-2014,26.47,26.5,26.24,26.38,18964072,GE
12-11-2014,26.27,26.6,26.27,26.52,28103610,GE
13-11-2014,26.47,26.67,26.37,26.42,25426144,GE
14-11-2014,26.43,26.51,26.38,26.46,16943883,GE
17-11-2014,26.47,26.68,26.42,26.61,24613513,GE
18-11-2014,26.7,27.05,26.69,27.01,36774056,GE
19-11-2014,26.99,27,26.77,26.92,33735372,GE
20-11-2014,26.8,26.97,26.75,26.85,21197360,GE
21-11-2014,27.09,27.1,26.86,26.99,36181498,GE
24-11-2014,27.01,27.09,26.81,27,24003527,GE
25-11-2014,27.01,27.03,26.84,26.86,28028039,GE
26-11-2014,26.89,26.97,26.78,26.87,19296140,GE
28-11-2014,26.8,26.9,26.44,26.49,31185231,GE
01-12-2014,26.16,26.22,25.85,26.02,48967079,GE
02-12-2014,26.07,26.2,26.03,26.05,25232681,GE
03-12-2014,26.16,26.47,26.09,26.38,34360877,GE
04-12-2014,26.26,26.28,25.92,26.09,29816611,GE
05-12-2014,26.14,26.15,25.93,26.01,22389231,GE
08-12-2014,25.88,26.09,25.61,25.69,37627897,GE
09-12-2014,25.46,25.69,25.27,25.58,32532335,GE
10-12-2014,25.62,25.63,25.15,25.27,45310201,GE
11-12-2014,25.32,25.69,25.31,25.41,40900393,GE
12-12-2014,25.35,25.37,24.86,24.89,51044526,GE
15-12-2014,25.02,25.03,24.41,24.59,63574010,GE
16-12-2014,24.54,25.18,24.4,24.49,48387978,GE
17-12-2014,24.61,24.72,24.06,24.66,77589311,GE
18-12-2014,25.13,25.15,24.68,25.14,52044711,GE
19-12-2014,25.12,25.7,25,25.62,86713650,GE
22-12-2014,25.65,25.77,25.56,25.71,35238128,GE
23-12-2014,25.69,26,25.6,25.88,31399717,GE
24-12-2014,25.89,25.94,25.7,25.83,17865138,GE
26-12-2014,25.84,25.9,25.74,25.78,14978547,GE
29-12-2014,25.7,25.85,25.68,25.7,20858159,GE
30-12-2014,25.61,25.7,25.42,25.57,22184545,GE
31-12-2014,25.42,25.52,25.27,25.27,28206452,GE
02-01-2015,25.34,25.46,24.87,25.06,40920799,GE
05-01-2015,25.01,25.01,24.52,24.6,42033195,GE
06-01-2015,24.46,24.57,23.93,24.07,63759958,GE
07-01-2015,24.21,24.39,23.98,24.08,43642472,GE
08-01-2015,24.32,24.38,24.13,24.37,43224386,GE
09-01-2015,24.52,24.53,23.95,24.03,43132201,GE
12-01-2015,24.07,24.14,23.77,23.98,42871146,GE
13-01-2015,24.26,24.33,23.63,23.86,41172849,GE
14-01-2015,23.65,23.85,23.41,23.78,41850798,GE
15-01-2015,23.86,23.97,23.56,23.58,31480084,GE
16-01-2015,23.51,23.65,23.45,23.59,49793936,GE
20-01-2015,23.84,23.87,23.55,23.85,44562067,GE
21-01-2015,23.83,24.08,23.71,24.04,37620305,GE
22-01-2015,24.3,24.36,23.96,24.28,47129321,GE
23-01-2015,24.43,24.89,24.29,24.48,63738712,GE
26-01-2015,24.72,24.74,24.4,24.59,39174854,GE
27-01-2015,24.39,24.46,24.2,24.38,38398141,GE
28-01-2015,24.47,24.49,23.81,23.84,49653844,GE
29-01-2015,23.84,24.2,23.78,24.08,40436431,GE
30-01-2015,23.88,24.11,23.82,23.89,54712156,GE
02-02-2015,24,24.22,23.9,24.21,39602517,GE
03-02-2015,24.29,24.53,24.26,24.47,37723846,GE
04-02-2015,24.41,24.43,24.08,24.16,33236000,GE
05-02-2015,24.25,24.5,24.24,24.5,25647378,GE
06-02-2015,24.54,24.75,24.47,24.52,27471977,GE
09-02-2015,24.47,24.75,24.45,24.64,27284032,GE
10-02-2015,24.77,24.8,24.55,24.72,27075753,GE
11-02-2015,24.71,24.82,24.6,24.77,24455252,GE
12-02-2015,24.81,24.99,24.71,24.89,26522270,GE
13-02-2015,24.99,25.17,24.94,25.15,33076157,GE
17-02-2015,25.12,25.21,24.98,25.17,35989548,GE
18-02-2015,25.29,25.29,25.15,25.25,30740798,GE
19-02-2015,25.03,25.21,24.95,25.01,33232937,GE
20-02-2015,24.88,25.22,24.8,25.21,39889843,GE
23-02-2015,25.22,25.3,25.1,25.17,30774507,GE
24-02-2015,25.12,25.45,25.09,25.39,42464097,GE
25-02-2015,25.45,26.06,25.44,25.91,68219592,GE
26-02-2015,25.94,26.01,25.81,25.89,38247190,GE
27-02-2015,25.83,26.27,25.75,25.99,51531829,GE
02-03-2015,25.88,26.12,25.85,26.11,32408985,GE
03-03-2015,26.05,26.08,25.78,25.86,30542279,GE
04-03-2015,25.76,25.77,25.47,25.66,31543763,GE
05-03-2015,25.62,25.82,25.58,25.82,28373771,GE
06-03-2015,25.71,25.78,25.33,25.42,32286776,GE
09-03-2015,25.52,25.7,25.49,25.64,31591142,GE
10-03-2015,25.5,25.64,25.17,25.17,37442079,GE
11-03-2015,25.28,25.49,25.14,25.19,36198081,GE
12-03-2015,25.27,25.41,25.17,25.4,29369497,GE
13-03-2015,25.28,25.36,24.81,25.04,45306958,GE
16-03-2015,25.06,25.48,24.96,25.45,34610433,GE
17-03-2015,25.3,25.39,25.09,25.31,34259011,GE
18-03-2015,25.18,25.85,25.11,25.64,38302821,GE
19-03-2015,25.44,25.61,25.26,25.33,38314849,GE
20-03-2015,25.34,25.53,25.3,25.4,50632559,GE
23-03-2015,25.48,25.74,25.45,25.47,31984480,GE
24-03-2015,25.38,25.48,25.27,25.27,25801276,GE
25-03-2015,25.23,25.33,24.91,24.91,34897363,GE
26-03-2015,24.8,24.92,24.67,24.8,32504429,GE
27-03-2015,24.92,24.92,24.71,24.86,28320556,GE
30-03-2015,24.98,25.2,24.97,25.12,27281424,GE
31-03-2015,25.09,25.09,24.81,24.81,34940926,GE
01-04-2015,24.72,24.92,24.57,24.84,38749526,GE
02-04-2015,24.81,25,24.7,24.94,29213060,GE
06-04-2015,24.9,25.41,24.79,25.18,33445096,GE
07-04-2015,25.17,25.28,25,25.02,21261550,GE
08-04-2015,25.05,25.12,24.87,25.01,22439203,GE
09-04-2015,25.09,25.83,24.92,25.73,60149914,GE
10-04-2015,27.13,28.68,27,28.51,352701949,GE
13-04-2015,28.06,28.19,27.5,27.63,153984855,GE
14-04-2015,27.48,27.84,27.38,27.73,55777197,GE
15-04-2015,27.69,27.85,27.43,27.46,56420065,GE
16-04-2015,27.31,27.5,27.18,27.28,62363112,GE
17-04-2015,27.4,27.7,26.92,27.25,87794530,GE
20-04-2015,27.32,27.44,27.01,27.02,61686961,GE
21-04-2015,27.03,27.06,26.55,26.62,76872343,GE
22-04-2015,26.7,27.02,26.6,26.91,47056120,GE
23-04-2015,26.78,27.07,26.71,26.85,38165835,GE
24-04-2015,26.88,26.94,26.7,26.8,27713961,GE
27-04-2015,26.96,27,26.81,26.88,36217680,GE
28-04-2015,26.95,27.16,26.64,27.12,38426611,GE
29-04-2015,26.95,27.25,26.9,27.09,37153977,GE
30-04-2015,27.06,27.35,26.97,27.08,42984977,GE
01-05-2015,27.09,27.32,26.99,27.31,28303317,GE
04-05-2015,27.36,27.61,27.25,27.27,26201685,GE
05-05-2015,27.25,27.36,26.85,26.92,30347339,GE
06-05-2015,27,27.18,26.61,26.81,27761007,GE
07-05-2015,26.78,27.12,26.66,27.04,31038239,GE
08-05-2015,27.25,27.49,27.22,27.36,37221527,GE
11-05-2015,27.25,27.3,26.86,26.92,32453388,GE
12-05-2015,26.82,27.09,26.75,27.03,29789840,GE
13-05-2015,27.02,27.24,26.92,27.21,37170407,GE
14-05-2015,27.32,27.43,27.15,27.41,26976059,GE
15-05-2015,27.38,27.44,27.25,27.27,35768687,GE
18-05-2015,27.21,27.39,27.21,27.31,22489480,GE
19-05-2015,27.27,27.39,27.21,27.35,29150774,GE
20-05-2015,27.34,27.7,27.2,27.64,40173649,GE
21-05-2015,27.68,27.79,27.55,27.72,40311149,GE
22-05-2015,27.69,27.78,27.62,27.68,23289341,GE
26-05-2015,27.52,27.58,27.38,27.52,47465199,GE
27-05-2015,27.57,27.62,27.46,27.52,25326776,GE
28-05-2015,27.5,27.63,27.3,27.63,26418344,GE
29-05-2015,27.5,27.5,27.27,27.27,41661017,GE
01-06-2015,27.26,27.34,27.07,27.28,33322427,GE
02-06-2015,27.22,27.42,27.15,27.33,26325304,GE
03-06-2015,27.43,27.56,27.36,27.53,26306271,GE
04-06-2015,27.42,27.62,27.21,27.26,33360470,GE
05-06-2015,27.26,27.38,27.16,27.29,30647728,GE
08-06-2015,27.32,27.36,27.21,27.24,29812813,GE
09-06-2015,27.28,27.47,27.17,27.33,31113885,GE
10-06-2015,27.36,27.68,27.32,27.63,33175668,GE
11-06-2015,27.57,27.64,27.36,27.51,31388401,GE
12-06-2015,27.44,27.48,27.28,27.39,22170553,GE
15-06-2015,27.2,27.31,27.11,27.21,28498668,GE
16-06-2015,27.17,27.24,27,27.22,27569524,GE
17-06-2015,27.19,27.4,27.11,27.27,36548320,GE
18-06-2015,27.08,27.41,27.03,27.37,37680661,GE
19-06-2015,27.27,27.38,27.18,27.24,60267647,GE
22-06-2015,27.3,27.5,27.29,27.42,27504658,GE
23-06-2015,27.42,27.6,27.39,27.55,32510907,GE
24-06-2015,27.55,27.59,27.25,27.26,32456692,GE
25-06-2015,27.28,27.35,27.02,27.04,23342077,GE
26-06-2015,27.04,27.13,26.91,27.09,25777443,GE
29-06-2015,26.9,26.97,26.53,26.64,33372327,GE
30-06-2015,26.82,26.96,26.53,26.57,35557794,GE
01-07-2015,26.67,26.87,26.47,26.66,30427429,GE
02-07-2015,26.7,26.83,26.6,26.78,26002262,GE
06-07-2015,26.53,26.64,26.2,26.31,27858107,GE
07-07-2015,26.38,26.55,25.93,26.47,32647133,GE
08-07-2015,26.09,26.24,25.88,25.89,32030673,GE
09-07-2015,26.17,26.4,26.01,26.02,30411376,GE
10-07-2015,26.39,26.44,26.04,26.27,25359841,GE
13-07-2015,26.49,26.53,26.24,26.47,24324597,GE
14-07-2015,26.35,26.73,26.35,26.66,22294572,GE
15-07-2015,26.61,26.79,26.6,26.77,27925145,GE
16-07-2015,26.98,27.04,26.84,27.04,30635414,GE
17-07-2015,27.26,27.33,27.03,27.24,41190955,GE
20-07-2015,27.12,27.21,27.01,27.14,24686624,GE
21-07-2015,27.01,27.15,26.8,26.85,29282285,GE
22-07-2015,26.88,26.96,26.57,26.63,24133394,GE
23-07-2015,26.58,26.6,26.2,26.26,23201200,GE
24-07-2015,26.31,26.32,25.67,25.75,31124222,GE
27-07-2015,25.54,25.98,25.52,25.95,36276960,GE
28-07-2015,26.1,26.24,25.95,26.1,27758314,GE
29-07-2015,26.09,26.28,26.05,26.26,23987875,GE
30-07-2015,26.23,26.24,26.01,26.12,22118881,GE
31-07-2015,26.23,26.29,26.05,26.1,23197506,GE
03-08-2015,26.12,26.13,25.6,25.87,32580332,GE
04-08-2015,25.89,26.06,25.83,25.9,21985187,GE
05-08-2015,26.09,26.33,26.03,26.1,25471417,GE
06-08-2015,26.15,26.18,25.96,26.03,17298182,GE
07-08-2015,25.95,26.06,25.61,25.79,25916189,GE
10-08-2015,25.9,26.3,25.9,26.24,23479164,GE
11-08-2015,26.03,26.03,25.64,25.71,28235312,GE
12-08-2015,25.54,25.88,25.35,25.86,32656190,GE
13-08-2015,25.77,25.91,25.62,25.79,16418697,GE
14-08-2015,25.65,26.1,25.62,26.08,20786347,GE
17-08-2015,25.95,26.24,25.8,26.21,19223741,GE
18-08-2015,26.17,26.21,25.94,26.07,20348848,GE
19-08-2015,25.9,26.03,25.62,25.73,29145695,GE
20-08-2015,25.51,25.64,25.18,25.19,34645831,GE
21-08-2015,24.9,25.13,24.56,24.59,65101865,GE
24-08-2015,22.84,24.38,19.37,23.87,91236502,GE
25-08-2015,24.73,24.74,23.27,23.27,60778038,GE
26-08-2015,23.85,24.07,23.27,24.01,78965938,GE
27-08-2015,24.43,25.01,24.38,25.01,64894187,GE
28-08-2015,24.92,25.17,24.78,25.16,32942524,GE
31-08-2015,24.98,24.98,24.58,24.82,37006824,GE
01-09-2015,24.24,24.36,23.68,23.88,65344037,GE
02-09-2015,24.14,24.58,23.83,24.57,50480842,GE
03-09-2015,24.76,24.95,24.39,24.51,33564783,GE
04-09-2015,24.18,24.18,23.85,24,35628376,GE
08-09-2015,24.51,24.98,24.27,24.96,46212838,GE
09-09-2015,25.2,25.22,24.48,24.55,34611248,GE
10-09-2015,24.56,24.86,24.5,24.68,35043109,GE
11-09-2015,24.74,24.96,24.5,24.95,31903035,GE
14-09-2015,24.97,24.98,24.6,24.77,26237639,GE
15-09-2015,24.9,25.45,24.7,25.3,46334688,GE
16-09-2015,25.53,26.03,25.42,25.93,61540084,GE
17-09-2015,25.5,25.93,25.27,25.35,48844120,GE
18-09-2015,25.15,25.21,24.71,24.8,77869308,GE
21-09-2015,24.89,25.2,24.84,25.09,29618905,GE
22-09-2015,24.76,25.16,24.6,25.11,44204955,GE
23-09-2015,25.01,25.33,24.98,25.14,41189957,GE
24-09-2015,24.87,25.45,24.65,24.91,53239508,GE
25-09-2015,25,25.04,24.86,24.92,38950068,GE
28-09-2015,24.69,24.74,24.31,24.31,42641262,GE
29-09-2015,24.33,24.6,24.26,24.57,41587754,GE
30-09-2015,24.73,25.24,24.69,25.22,43758290,GE
01-10-2015,25.15,25.31,24.79,25.19,39723554,GE
02-10-2015,24.87,25.49,24.83,25.47,42676207,GE
05-10-2015,26.37,27.2,26.22,26.82,105423305,GE
06-10-2015,26.99,27.41,26.96,27.29,71909419,GE
07-10-2015,27.5,27.77,27.32,27.77,65845304,GE
08-10-2015,27.63,28.2,27.43,28.03,51114701,GE
09-10-2015,27.98,28.17,27.89,28.07,47327637,GE
12-10-2015,27.98,28.17,27.91,28.09,25239634,GE
13-10-2015,27.97,28.28,27.87,27.87,43203188,GE
14-10-2015,27.74,27.84,27.48,27.6,39107858,GE
15-10-2015,27.8,28.17,27.64,28.03,76978568,GE
16-10-2015,28.61,29.19,28.22,28.98,142021234,GE
19-10-2015,28.8,29.56,28.75,28.99,131036378,GE
20-10-2015,28.82,29,28.7,28.78,75155008,GE
21-10-2015,28.79,29.24,28.78,28.85,65519753,GE
22-10-2015,28.95,29.74,28.91,29.58,81476392,GE
23-10-2015,29.7,29.83,29.42,29.51,76867187,GE
26-10-2015,29.52,29.66,29.41,29.55,48757397,GE
27-10-2015,29.41,29.64,29.23,29.46,67606213,GE
28-10-2015,29.33,29.58,29.15,29.39,71077505,GE
29-10-2015,29.17,29.38,29.06,29.34,42373942,GE
30-10-2015,29.22,29.33,28.91,28.92,71021379,GE
02-11-2015,28.94,29.4,28.88,29.4,59504740,GE
03-11-2015,29.21,29.79,29.18,29.59,95829896,GE
04-11-2015,29.55,29.79,29.46,29.54,105133879,GE
05-11-2015,29.47,29.74,29.31,29.64,122593509,GE
06-11-2015,29.44,29.95,29.25,29.92,126109839,GE
09-11-2015,29.76,29.95,29.38,29.75,145462177,GE
10-11-2015,29.63,30.27,29.61,30.12,239464957,GE
11-11-2015,30.2,30.82,30.2,30.67,197598775,GE
12-11-2015,30.41,30.9,30.11,30.16,292791614,GE
13-11-2015,29.86,30.49,29.81,30.28,247153654,GE
16-11-2015,29.88,30.6,29.77,30.36,284804155,GE
17-11-2015,30.57,30.75,30,30.32,431332632,GE
18-11-2015,30.22,30.57,30.1,30.52,177775421,GE
19-11-2015,30.38,30.51,30.25,30.27,98930079,GE
20-11-2015,30.26,30.99,30.21,30.66,210757486,GE
23-11-2015,30.59,30.82,30.26,30.59,135391487,GE
24-11-2015,30.33,30.87,30.28,30.66,145876732,GE
25-11-2015,30.64,30.65,30.3,30.36,54159737,GE
27-11-2015,30.27,30.38,30.19,30.36,33143866,GE
30-11-2015,30.33,30.45,29.94,29.94,79716581,GE
01-12-2015,29.99,30.25,29.87,30.17,54244857,GE
02-12-2015,30.09,30.23,29.88,29.97,44123576,GE
03-12-2015,30.09,30.25,29.97,30.03,62969943,GE
04-12-2015,30.07,30.52,29.96,30.49,58203164,GE
07-12-2015,30.42,30.44,30.12,30.37,66681281,GE
08-12-2015,30.07,30.38,29.91,30.19,53265473,GE
09-12-2015,30.02,30.59,29.96,30.47,50560429,GE
10-12-2015,30.44,30.93,30.37,30.65,47082549,GE
11-12-2015,30.32,30.61,30.15,30.26,62901542,GE
14-12-2015,30.26,30.46,29.77,30.26,65059337,GE
15-12-2015,30.4,30.61,30.22,30.32,59345615,GE
16-12-2015,30.46,31.23,30.42,30.98,73831508,GE
17-12-2015,30.94,31.05,30.53,30.55,58024145,GE
18-12-2015,30.39,30.58,30.28,30.28,83144824,GE
21-12-2015,30.42,30.6,30.15,30.4,40719167,GE
22-12-2015,30.49,30.63,30.16,30.49,42256401,GE
23-12-2015,30.52,31,30.52,30.95,35775367,GE
24-12-2015,30.9,30.93,30.69,30.83,13518873,GE
28-12-2015,30.74,31,30.61,30.9,26557659,GE
29-12-2015,31.01,31.48,31,31.28,33400428,GE
30-12-2015,31.28,31.44,31.01,31.05,29127671,GE
31-12-2015,30.86,31.49,30.79,31.15,52307706,GE
04-01-2016,30.55,30.76,30.25,30.71,62881520,GE
05-01-2016,30.68,30.84,30.45,30.74,55176246,GE
06-01-2016,30.27,30.72,30.05,30.25,62652684,GE
07-01-2016,29.65,29.96,28.85,28.97,92267374,GE
08-01-2016,29.2,29.3,28.34,28.45,74496052,GE
11-01-2016,28.54,29.92,28.25,28.58,58433442,GE
12-01-2016,28.76,28.88,28.34,28.64,47682758,GE
13-01-2016,28.91,29.06,28.2,28.24,55717721,GE
14-01-2016,28.31,29.25,28.29,29.06,65236862,GE
15-01-2016,28.14,28.76,28.1,28.49,69424814,GE
19-01-2016,28.72,28.89,28.2,28.49,51986819,GE
20-01-2016,27.93,28.43,27.48,28,88062769,GE
21-01-2016,28.13,28.99,28.13,28.59,56037636,GE
22-01-2016,28.55,28.56,27.71,28.24,87869409,GE
25-01-2016,28.32,28.49,28,28.04,44848832,GE
26-01-2016,28.07,28.54,28.05,28.31,42432903,GE
27-01-2016,28.2,28.58,27.82,28,46116363,GE
28-01-2016,28.22,28.35,27.93,28.21,40069897,GE
29-01-2016,28.46,29.11,28.34,29.1,51576199,GE
01-02-2016,29.01,29.03,28.56,28.64,43446238,GE
02-02-2016,28.27,28.29,27.92,28.24,40071820,GE
03-02-2016,28.39,28.69,27.87,28.67,44261622,GE
04-02-2016,28.65,29.46,28.49,29.18,53998318,GE
05-02-2016,29.15,29.2,28.3,28.54,51984714,GE
08-02-2016,28.22,28.27,27.76,28.17,48096401,GE
09-02-2016,27.75,28.54,27.75,28.28,37031617,GE
10-02-2016,28.37,28.7,28.25,28.3,32492566,GE
11-02-2016,27.75,28.03,27.1,27.45,80549950,GE
12-02-2016,27.57,28.26,27.36,28.26,57645610,GE
16-02-2016,28.58,29.03,28.42,28.86,47218843,GE
17-02-2016,29.14,29.61,29.12,29.34,38254827,GE
18-02-2016,29.3,29.35,28.99,29.08,31054282,GE
19-02-2016,28.94,29.13,28.68,29.02,36065058,GE
22-02-2016,29.25,29.49,29.2,29.41,38513129,GE
23-02-2016,29.21,29.36,29.08,29.22,31151238,GE
24-02-2016,28.9,29.05,28.4,28.96,44928510,GE
25-02-2016,28.8,29.28,28.78,29.23,35881326,GE
26-02-2016,29.3,29.56,29.29,29.4,29345109,GE
29-02-2016,29.44,29.55,29.12,29.14,34166440,GE
01-03-2016,29.41,29.97,29.31,29.88,32332716,GE
02-03-2016,29.78,30.18,29.76,30.18,37215228,GE
03-03-2016,30.2,30.4,30.06,30.22,28112867,GE
04-03-2016,30.22,30.59,30.22,30.46,33034866,GE
07-03-2016,30.26,30.45,30.13,30.29,26247242,GE
08-03-2016,30.08,30.22,29.97,30.06,31147912,GE
09-03-2016,30.16,30.2,29.97,30.05,24820939,GE
10-03-2016,30.17,30.29,29.79,29.94,33147925,GE
11-03-2016,30.14,30.58,30.14,30.34,32161646,GE
14-03-2016,30.22,30.37,30.08,30.27,22162664,GE
15-03-2016,30.03,30.37,30.03,30.28,28899038,GE
16-03-2016,30.24,30.31,30.07,30.17,32846963,GE
17-03-2016,30.22,31.11,30.18,30.96,60642867,GE
18-03-2016,31.09,31.15,30.9,30.92,52373900,GE
21-03-2016,30.85,31.2,30.79,31.09,27368276,GE
22-03-2016,30.98,31.24,30.97,31.06,26035992,GE
23-03-2016,31.04,31.24,31.01,31.07,27235058,GE
24-03-2016,30.91,31.11,30.82,31.11,27602998,GE
28-03-2016,31.14,31.7,31.1,31.49,39486776,GE
29-03-2016,31.46,31.58,31.28,31.48,38549776,GE
30-03-2016,31.76,31.95,31.73,31.83,35094037,GE
31-03-2016,31.89,32.05,31.76,31.79,36834319,GE
01-04-2016,31.5,32.02,31.45,31.93,39399551,GE
04-04-2016,31.69,31.71,31.09,31.23,44929034,GE
05-04-2016,30.95,31.13,30.78,30.98,31282070,GE
06-04-2016,30.89,31.5,30.64,30.9,36643203,GE
07-04-2016,30.72,30.78,30.51,30.63,33563505,GE
08-04-2016,30.9,31.08,30.69,30.79,26808894,GE
11-04-2016,30.83,31,30.71,30.71,25126508,GE
12-04-2016,30.68,30.93,30.58,30.81,27555276,GE
13-04-2016,30.98,31.1,30.94,30.98,23692740,GE
14-04-2016,30.99,31.08,30.86,31.02,21497386,GE
15-04-2016,31.07,31.1,30.93,31.03,24440120,GE
18-04-2016,30.9,31.19,30.9,31.06,21074404,GE
19-04-2016,31.14,31.21,31.01,31.15,22872438,GE
20-04-2016,31.2,31.35,31.05,31.15,26550897,GE
21-04-2016,31.12,31.28,30.85,30.98,39651443,GE
22-04-2016,31.03,31.18,30.31,30.76,56497503,GE
25-04-2016,30.81,30.86,30.4,30.68,35476455,GE
26-04-2016,30.84,30.98,30.74,30.9,28684889,GE
27-04-2016,30.94,31.01,30.82,30.93,22943908,GE
28-04-2016,30.74,31.22,30.7,30.9,28826782,GE
29-04-2016,30.75,30.97,30.6,30.75,28902630,GE
02-05-2016,30.64,30.99,30.63,30.89,17191087,GE
03-05-2016,30.64,30.71,30.35,30.63,27715452,GE
04-05-2016,30.4,30.42,29.89,30.07,39794591,GE
05-05-2016,30.14,30.24,29.8,29.89,31699161,GE
06-05-2016,29.68,30.24,29.41,30.12,28301406,GE
09-05-2016,30.05,30.09,29.63,29.87,27154282,GE
10-05-2016,29.99,30.56,29.98,30.48,27130428,GE
11-05-2016,30.5,30.75,30.34,30.34,23610512,GE
12-05-2016,29.84,30.2,29.84,30.09,47269596,GE
13-05-2016,29.97,30.11,29.54,29.64,35266929,GE
16-05-2016,29.55,30.13,29.52,29.96,25698303,GE
17-05-2016,29.89,30.09,29.58,29.71,33520126,GE
18-05-2016,29.7,29.85,29.43,29.61,27805495,GE
19-05-2016,29.33,29.45,29.06,29.36,34044846,GE
20-05-2016,29.53,29.68,29.43,29.56,35004526,GE
23-05-2016,29.52,29.67,29.41,29.49,23615442,GE
24-05-2016,29.72,29.97,29.69,29.85,24220349,GE
25-05-2016,30,30.32,29.96,30.09,27663897,GE
26-05-2016,30.07,30.23,30,30.02,22647449,GE
27-05-2016,30.14,30.19,30.04,30.12,19499066,GE
31-05-2016,30.12,30.34,30.07,30.23,30296320,GE
01-06-2016,30.04,30.14,29.89,30.11,21126650,GE
02-06-2016,30.01,30.05,29.85,30.05,19031309,GE
03-06-2016,30.02,30.05,29.81,29.94,23802487,GE
06-06-2016,30,30.23,29.95,30.12,18662105,GE
07-06-2016,30.14,30.41,30.13,30.14,25650883,GE
08-06-2016,30.23,30.5,30.16,30.31,29141296,GE
09-06-2016,30.16,30.33,30.02,30.24,26527176,GE
10-06-2016,30.02,30.28,29.93,30.04,29429998,GE
13-06-2016,29.98,30.13,29.79,29.83,32959955,GE
14-06-2016,29.82,30.46,29.79,30.44,43700512,GE
15-06-2016,30.48,30.91,30.47,30.71,43765244,GE
16-06-2016,30.14,30.74,30.08,30.64,67618136,GE
17-06-2016,30.65,30.72,30.45,30.6,55635867,GE
20-06-2016,30.85,31.32,30.83,30.83,47891137,GE
21-06-2016,30.88,31.01,30.87,30.94,36034262,GE
22-06-2016,31,31.1,30.77,30.78,36011780,GE
23-06-2016,31.06,31.21,30.97,31.19,40228963,GE
24-06-2016,30.11,30.55,29.75,29.82,85669178,GE
27-06-2016,29.54,29.62,29.17,29.32,55173361,GE
28-06-2016,29.81,30,29.67,29.94,38208496,GE
29-06-2016,30.51,30.62,30.3,30.55,35868200,GE
30-06-2016,30.66,31.5,30.65,31.48,54514457,GE
01-07-2016,31.33,31.63,31.32,31.49,32700349,GE
05-07-2016,31.25,31.53,31.12,31.45,32360464,GE
06-07-2016,31.27,31.8,31.27,31.74,32105905,GE
07-07-2016,31.81,32.1,31.74,31.82,37517858,GE
08-07-2016,31.99,32.27,31.99,32.2,38531744,GE
11-07-2016,32.26,32.5,32.18,32.21,37979065,GE
12-07-2016,32.31,32.49,32.13,32.26,38090962,GE
13-07-2016,32.26,32.48,32.25,32.36,32464414,GE
14-07-2016,32.5,32.72,32.49,32.63,33877776,GE
15-07-2016,32.76,32.95,32.74,32.88,42308770,GE
18-07-2016,32.89,32.94,32.66,32.91,38265114,GE
19-07-2016,32.75,32.95,32.72,32.93,33557724,GE
20-07-2016,32.96,33,32.7,32.78,35557794,GE
21-07-2016,32.73,32.85,32.49,32.59,42869414,GE
22-07-2016,31.73,32.07,31.69,32.06,57763807,GE
25-07-2016,32.07,32.08,31.38,31.64,45728700,GE
26-07-2016,31.67,31.73,31.31,31.47,36903949,GE
27-07-2016,31.49,31.56,31.12,31.28,39256526,GE
28-07-2016,31.2,31.31,31.08,31.25,30297520,GE
29-07-2016,31.28,31.43,31.11,31.14,50052182,GE
01-08-2016,31.12,31.22,31.02,31.15,31154871,GE
02-08-2016,31.11,31.16,31,31.05,27000557,GE
03-08-2016,31.03,31.24,31.03,31.13,20006018,GE
04-08-2016,31.2,31.25,31.09,31.17,20293694,GE
05-08-2016,31.27,31.45,31.22,31.28,21577288,GE
08-08-2016,31.3,31.4,31.21,31.27,20434126,GE
09-08-2016,31.23,31.35,31.15,31.3,20108832,GE
10-08-2016,31.25,31.34,31.2,31.27,18538116,GE
11-08-2016,31.31,31.37,31.2,31.29,37986166,GE
12-08-2016,31.2,31.28,31.18,31.24,21327002,GE
15-08-2016,31.3,31.35,31.22,31.24,19553314,GE
16-08-2016,31.14,31.29,31.08,31.19,22383559,GE
17-08-2016,31.26,31.33,31.18,31.29,17598105,GE
18-08-2016,31.25,31.43,31.19,31.43,28041239,GE
19-08-2016,31.32,31.4,31.18,31.25,24742797,GE
22-08-2016,31.17,31.43,31.08,31.32,20460480,GE
23-08-2016,31.45,31.57,31.23,31.23,32116691,GE
24-08-2016,31.27,31.35,31.17,31.22,22045111,GE
25-08-2016,31.19,31.3,31.13,31.21,17027872,GE
26-08-2016,31.27,31.46,31.14,31.23,22265644,GE
29-08-2016,31.18,31.45,31.17,31.36,21248854,GE
30-08-2016,31.34,31.47,31.3,31.37,18137873,GE
31-08-2016,31.29,31.35,31.19,31.24,33416260,GE
01-09-2016,31.15,31.29,30.96,31.2,41255600,GE
02-09-2016,31.25,31.45,31.23,31.29,20807497,GE
06-09-2016,31.31,31.34,30.8,31.05,40955651,GE
07-09-2016,30.99,31.06,30.8,31.06,27266887,GE
08-09-2016,31,31.05,30.9,31.04,30256181,GE
09-09-2016,30.82,30.82,30.11,30.11,44619722,GE
12-09-2016,30,30.57,29.84,30.49,41407281,GE
13-09-2016,30.22,30.25,29.72,29.85,45066224,GE
14-09-2016,29.81,30,29.67,29.7,51077594,GE
15-09-2016,29.55,29.85,29.42,29.75,35262527,GE
16-09-2016,29.63,29.75,29.54,29.68,64934725,GE
19-09-2016,29.78,29.96,29.4,29.43,30501299,GE
20-09-2016,29.67,29.8,29.62,29.67,29646465,GE
21-09-2016,29.75,29.92,29.59,29.85,29031558,GE
22-09-2016,29.96,30.11,29.93,30.04,29379879,GE
23-09-2016,30.02,30.05,29.81,29.89,22821677,GE
26-09-2016,29.8,29.81,29.52,29.54,25905794,GE
27-09-2016,29.6,29.97,29.47,29.88,25491940,GE
28-09-2016,29.92,29.94,29.6,29.9,26750633,GE
29-09-2016,29.81,30.1,29.44,29.53,38873664,GE
30-09-2016,29.6,29.85,29.58,29.62,36120040,GE
03-10-2016,29.46,29.7,29.4,29.64,19794077,GE
04-10-2016,29.71,29.75,29.45,29.5,31127714,GE
05-10-2016,29.52,29.7,29.4,29.5,24936855,GE
06-10-2016,29.4,29.5,29.14,29.27,28087933,GE
07-10-2016,29.06,29.21,28.92,29.08,37840132,GE
10-10-2016,29,29.31,28.81,28.86,33981885,GE
11-10-2016,28.75,29.03,28.69,28.92,30942235,GE
12-10-2016,28.92,29.02,28.81,28.9,22754703,GE
13-10-2016,28.78,28.9,28.66,28.77,28392555,GE
14-10-2016,28.96,29.03,28.82,28.89,28181380,GE
17-10-2016,28.9,28.99,28.7,28.85,39732551,GE
18-10-2016,29.03,29.08,28.9,28.98,27562377,GE
19-10-2016,29.06,29.22,29.03,29.06,29187978,GE
20-10-2016,29.1,29.2,28.96,29.07,28433328,GE
21-10-2016,28.44,29,28.33,28.98,64153187,GE
24-10-2016,29,29.21,28.9,28.92,31139738,GE
25-10-2016,28.94,29.01,28.62,28.65,26480722,GE
26-10-2016,28.59,29.07,28.55,28.87,24357188,GE
27-10-2016,28.89,28.96,28.61,28.63,25432889,GE
28-10-2016,28.88,29.59,28.87,29.22,67870824,GE
31-10-2016,29.48,29.65,29.09,29.1,43563696,GE
01-11-2016,29,29.2,28.71,28.88,32010770,GE
02-11-2016,28.86,28.86,28.4,28.49,30873251,GE
03-11-2016,28.6,28.6,28.19,28.28,23000683,GE
04-11-2016,28.22,28.81,28.22,28.44,35864921,GE
07-11-2016,28.85,29.33,28.83,29.31,41254153,GE
08-11-2016,29.37,29.62,29.29,29.42,35829370,GE
09-11-2016,29.32,29.81,29.07,29.63,54046508,GE
10-11-2016,29.85,30.84,29.83,30.41,81324772,GE
11-11-2016,30.49,30.77,30.37,30.71,42712372,GE
14-11-2016,30.74,30.85,30.49,30.51,37740534,GE
15-11-2016,30.48,30.77,30.24,30.75,40185971,GE
16-11-2016,30.65,30.78,30.54,30.74,25265840,GE
17-11-2016,30.7,30.87,30.66,30.79,17834070,GE
18-11-2016,30.75,30.9,30.52,30.67,28583868,GE
21-11-2016,30.69,30.88,30.58,30.87,22136288,GE
22-11-2016,30.93,31.24,30.88,31.18,27721315,GE
23-11-2016,31.24,31.38,31.18,31.34,24624934,GE
25-11-2016,31.45,31.49,31.29,31.44,13162239,GE
28-11-2016,31.33,31.43,31.21,31.25,22092675,GE
29-11-2016,31.28,31.35,30.98,31.05,31423689,GE
30-11-2016,31.18,31.27,30.75,30.76,45636890,GE
01-12-2016,30.64,31.46,30.62,31.39,44701975,GE
02-12-2016,31.36,31.49,31.26,31.34,21401028,GE
05-12-2016,31.43,31.45,31.06,31.11,22138326,GE
06-12-2016,31.19,31.24,31.01,31.17,17573265,GE
07-12-2016,31.01,31.6,30.93,31.6,32896981,GE
08-12-2016,31.6,31.7,31.4,31.53,28145056,GE
09-12-2016,31.45,31.92,31.35,31.78,31227376,GE
12-12-2016,31.67,31.99,31.66,31.86,31040474,GE
13-12-2016,31.9,32,31.61,31.74,34500439,GE
14-12-2016,31.61,31.98,31.44,31.5,43675283,GE
15-12-2016,31.49,31.95,31.13,31.26,43377421,GE
16-12-2016,31.52,31.87,31.46,31.75,71976180,GE
19-12-2016,31.76,32,31.71,31.92,34951832,GE
20-12-2016,31.92,32.38,31.91,32.25,39818239,GE
21-12-2016,32.2,32.24,32.05,32.13,27964665,GE
22-12-2016,31.91,31.95,31.78,31.82,24193791,GE
23-12-2016,31.87,31.94,31.77,31.88,14988550,GE
27-12-2016,31.89,32.05,31.85,31.9,15655879,GE
28-12-2016,31.84,31.97,31.67,31.7,18885708,GE
29-12-2016,31.74,31.88,31.7,31.71,16092077,GE
30-12-2016,31.63,31.8,31.51,31.6,25455240,GE
03-01-2017,31.67,31.84,31.4,31.69,32149537,GE
04-01-2017,31.75,31.83,31.62,31.7,21442858,GE
05-01-2017,31.57,31.75,31.31,31.52,25856823,GE
06-01-2017,31.58,31.77,31.36,31.61,22120800,GE
09-01-2017,31.64,31.66,31.43,31.46,21262544,GE
10-01-2017,31.46,31.62,31.37,31.37,27202526,GE
11-01-2017,31.24,31.52,31.24,31.47,28385102,GE
12-01-2017,31.45,31.47,31.13,31.39,29916078,GE
13-01-2017,31.36,31.45,31.25,31.36,24323767,GE
17-01-2017,31.17,31.45,31.16,31.27,28827307,GE
18-01-2017,31.21,31.34,31.13,31.23,24701360,GE
19-01-2017,31.25,31.34,31.05,31.21,37697856,GE
20-01-2017,30.76,30.9,30.3,30.53,83552728,GE
23-01-2017,30.5,30.51,29.58,29.75,59093385,GE
24-01-2017,29.86,30.06,29.82,30,33686501,GE
25-01-2017,30.42,30.47,30.22,30.37,38131702,GE
26-01-2017,30.44,30.49,30.13,30.32,26767132,GE
27-01-2017,30.4,30.44,29.94,30.01,30001614,GE
30-01-2017,29.96,30.1,29.77,29.96,26211790,GE
31-01-2017,29.85,29.9,29.5,29.7,38703422,GE
01-02-2017,29.73,29.81,29.56,29.69,25682267,GE
02-02-2017,29.58,29.71,29.5,29.68,21709543,GE
03-02-2017,29.79,29.8,29.54,29.7,31104310,GE
06-02-2017,29.68,29.75,29.57,29.66,23725085,GE
07-02-2017,29.75,29.81,29.53,29.56,23778270,GE
08-02-2017,29.51,29.54,29.26,29.43,32181440,GE
09-02-2017,29.52,29.7,29.46,29.59,21665972,GE
10-02-2017,29.74,29.75,29.55,29.72,22787056,GE
13-02-2017,29.88,30.06,29.73,30.04,37020015,GE
14-02-2017,30.13,30.28,29.92,30.28,35028334,GE
15-02-2017,30.29,30.35,30.18,30.35,25472282,GE
16-02-2017,30.35,30.47,30.3,30.45,25932515,GE
17-02-2017,30.41,30.44,30.2,30.37,21849428,GE
21-02-2017,30.41,30.59,30.34,30.52,30241033,GE
22-02-2017,30.52,30.55,30.26,30.33,30124503,GE
23-02-2017,30.04,30.08,29.85,30.02,28947909,GE
24-02-2017,29.84,30.19,29.78,30.19,27323723,GE
27-02-2017,30.05,30.15,29.9,29.94,23571756,GE
28-02-2017,29.99,30.08,29.67,29.81,39111913,GE
01-03-2017,29.98,30.35,29.82,30.19,36882966,GE
02-03-2017,30.23,30.23,30,30.19,27640415,GE
03-03-2017,30.19,30.22,30.05,30.12,19994647,GE
06-03-2017,30,30.08,29.92,30,23420603,GE
07-03-2017,29.93,29.99,29.79,29.86,29982940,GE
08-03-2017,29.89,29.94,29.73,29.8,32308399,GE
09-03-2017,29.75,29.83,29.56,29.66,25940215,GE
10-03-2017,29.84,30.43,29.63,30.28,59211872,GE
13-03-2017,30.23,30.26,29.79,29.86,30187808,GE
14-03-2017,29.76,29.79,29.47,29.54,22801581,GE
15-03-2017,29.55,29.83,29.47,29.76,25142833,GE
16-03-2017,29.8,29.82,29.62,29.75,21207002,GE
17-03-2017,29.85,30.04,29.77,29.88,43638968,GE
20-03-2017,29.9,29.92,29.69,29.74,18877431,GE
21-03-2017,29.86,29.86,29.34,29.39,26834807,GE
22-03-2017,29.56,29.71,29.31,29.53,26000688,GE
23-03-2017,29.5,29.73,29.38,29.62,24674960,GE
24-03-2017,29.59,29.81,29.53,29.72,27880234,GE
27-03-2017,29.45,29.51,29.25,29.44,28986703,GE
28-03-2017,29.31,29.73,29.25,29.62,27847655,GE
29-03-2017,29.52,29.71,29.46,29.68,27558771,GE
30-03-2017,29.66,29.99,29.63,29.87,35961302,GE
31-03-2017,29.86,30.04,29.74,29.8,50796542,GE
03-04-2017,29.76,30,29.75,29.88,29912275,GE
04-04-2017,29.9,30.09,29.7,30.02,25057168,GE
05-04-2017,30.09,30.42,29.95,29.97,25837471,GE
06-04-2017,30,30.18,29.92,29.93,21549950,GE
07-04-2017,29.92,30.19,29.92,29.99,18973172,GE
10-04-2017,30.07,30.23,29.96,30.01,18505150,GE
11-04-2017,30,30.1,29.84,30.04,22040223,GE
12-04-2017,29.88,29.9,29.65,29.77,27041348,GE
13-04-2017,29.7,29.8,29.55,29.56,19998013,GE
17-04-2017,29.62,29.7,29.55,29.64,21776555,GE
18-04-2017,29.6,29.9,29.58,29.84,25706585,GE
19-04-2017,29.89,30.06,29.87,30,26594394,GE
20-04-2017,30.05,30.54,30.03,30.27,37081558,GE
21-04-2017,30.27,30.38,29.45,29.55,72351353,GE
24-04-2017,29.85,29.93,29.49,29.55,48585162,GE
25-04-2017,29.45,29.6,29.32,29.45,39854055,GE
26-04-2017,29.52,29.55,29.26,29.26,37368373,GE
27-04-2017,29.29,29.31,29.02,29.08,32939845,GE
28-04-2017,29.1,29.16,28.93,28.99,24079191,GE
01-05-2017,29.01,29.17,28.93,28.94,24015753,GE
02-05-2017,29.01,29.05,28.91,28.99,33760037,GE
03-05-2017,28.92,29.29,28.85,29.23,26893250,GE
04-05-2017,29.27,29.31,29.05,29.2,19611126,GE
05-05-2017,29.13,29.24,29.11,29.22,16927056,GE
08-05-2017,29.16,29.25,29,29.07,21630294,GE
09-05-2017,29.08,29.09,28.86,28.93,23838711,GE
10-05-2017,28.92,28.93,28.6,28.7,26047230,GE
11-05-2017,28.68,28.89,28.5,28.87,28015381,GE
12-05-2017,28.36,28.45,27.85,28.27,68433185,GE
15-05-2017,28.07,28.24,27.97,28.18,39767489,GE
16-05-2017,28.25,28.28,28,28.04,29509159,GE
17-05-2017,27.82,27.87,27.41,27.41,52461830,GE
18-05-2017,27.26,27.65,27.1,27.48,48447556,GE
19-05-2017,27.55,28.17,27.5,28.05,48488671,GE
22-05-2017,28.23,28.3,28.06,28.18,27810667,GE
23-05-2017,28.21,28.28,28.11,28.28,23877122,GE
24-05-2017,28.32,28.5,27.62,27.83,53867078,GE
25-05-2017,27.79,27.9,27.42,27.49,39254436,GE
26-05-2017,27.46,27.55,27.29,27.45,30624045,GE
30-05-2017,27.31,27.45,27.16,27.36,36435745,GE
31-05-2017,27.33,27.44,27.19,27.38,35610474,GE
01-06-2017,27.51,27.88,27.5,27.72,32387712,GE
02-06-2017,27.87,27.94,27.62,27.88,37007626,GE
05-06-2017,27.9,28.07,27.81,27.98,43509471,GE
06-06-2017,27.98,28.04,27.81,27.93,33721157,GE
07-06-2017,27.95,27.96,27.4,27.68,43539099,GE
08-06-2017,27.66,27.82,27.53,27.59,40919811,GE
09-06-2017,27.63,27.97,27.59,27.94,25362831,GE
12-06-2017,29.24,29.47,28.73,28.94,139089520,GE
13-06-2017,29.12,29.16,28.34,28.45,58823660,GE
14-06-2017,28.48,28.8,28.37,28.69,41120302,GE
15-06-2017,28.48,28.95,28.43,28.94,47868093,GE
16-06-2017,28.98,29.01,28.62,29,81565622,GE
19-06-2017,28.96,29,28.74,28.8,30504721,GE
20-06-2017,28.71,28.72,28.08,28.13,47542911,GE
21-06-2017,28.18,28.19,27.65,27.78,33758069,GE
22-06-2017,27.77,27.83,27.54,27.55,36384635,GE
23-06-2017,27.79,27.79,27.5,27.57,31736487,GE
26-06-2017,27.59,27.68,27.5,27.61,28501563,GE
27-06-2017,27.52,27.59,27.2,27.21,41329428,GE
28-06-2017,27.26,27.4,27.05,27.08,31015779,GE
29-06-2017,27.16,27.41,26.79,27.02,36732082,GE
30-06-2017,27.09,27.19,26.91,27.01,26254238,GE
03-07-2017,27.16,27.59,27.06,27.45,20664991,GE
05-07-2017,27.54,27.56,27.23,27.35,21270222,GE
06-07-2017,26.86,27.05,26.1,26.31,76645911,GE
07-07-2017,26.25,26.3,25.98,26.15,40543122,GE
10-07-2017,26.13,26.19,25.85,26.04,46755231,GE
11-07-2017,26.03,26.45,25.91,26.38,41251603,GE
12-07-2017,26.54,26.81,26.37,26.58,50986283,GE
13-07-2017,26.58,26.83,26.5,26.79,27767620,GE
14-07-2017,26.74,26.9,26.73,26.78,21058280,GE
17-07-2017,26.76,26.88,26.72,26.82,27695627,GE
18-07-2017,26.76,26.92,26.74,26.89,26146078,GE
19-07-2017,26.85,27.03,26.84,26.94,24792361,GE
20-07-2017,27.02,27.05,26.6,26.69,55158141,GE
21-07-2017,25.38,26.01,25.26,25.91,90649890,GE
24-07-2017,25.78,25.85,25.35,25.43,56872280,GE
25-07-2017,25.57,25.73,25.36,25.44,46181545,GE
26-07-2017,25.59,25.69,25.37,25.59,40733416,GE
27-07-2017,25.59,25.8,25.52,25.79,39888012,GE
28-07-2017,25.86,25.88,25.4,25.53,28286777,GE
31-07-2017,25.54,25.69,25.49,25.61,30616287,GE
01-08-2017,25.63,25.66,25.33,25.44,41911312,GE
02-08-2017,25.44,25.57,25.39,25.52,27387013,GE
03-08-2017,25.59,25.78,25.37,25.76,30916656,GE
04-08-2017,25.75,25.85,25.62,25.78,23312961,GE
07-08-2017,25.74,25.79,25.55,25.63,18870367,GE
08-08-2017,25.63,25.89,25.52,25.56,27143601,GE
09-08-2017,25.55,25.72,25.46,25.71,29670988,GE
10-08-2017,25.71,25.71,25.27,25.3,29678945,GE
11-08-2017,25.4,25.45,25.19,25.2,19217278,GE
14-08-2017,25.28,25.55,25.25,25.36,24292077,GE
15-08-2017,25.21,25.32,25.1,25.14,27334936,GE
16-08-2017,25.12,25.25,25.05,25.1,27473822,GE
17-08-2017,25.07,25.1,24.72,24.75,31221726,GE
18-08-2017,24.63,24.74,24.44,24.55,34273076,GE
21-08-2017,24.49,24.6,24.32,24.49,46055015,GE
22-08-2017,24.57,24.74,24.48,24.6,29969104,GE
23-08-2017,24.52,24.56,24.34,24.39,34533588,GE
24-08-2017,24.43,24.54,24.3,24.3,25547869,GE
25-08-2017,24.39,24.6,24.35,24.49,22867795,GE
28-08-2017,24.53,24.67,24.35,24.47,23937590,GE
29-08-2017,24.33,24.46,24.28,24.44,23910062,GE
30-08-2017,24.49,24.49,24.15,24.28,33875996,GE
31-08-2017,24.41,24.7,24.28,24.55,55284334,GE
01-09-2017,24.6,25.3,24.49,25.14,58848107,GE
05-09-2017,25.06,25.06,24.57,24.76,46852663,GE
06-09-2017,24.89,25.02,24.82,24.92,55024972,GE
07-09-2017,24.51,24.55,23.83,24.02,80108579,GE
08-09-2017,23.95,24,23.58,23.82,44604454,GE
11-09-2017,23.8,23.89,23.62,23.72,43306557,GE
12-09-2017,23.82,23.91,23.71,23.91,49662623,GE
13-09-2017,23.93,24.18,23.92,24.11,38629676,GE
14-09-2017,24.1,24.27,23.94,24.26,42084528,GE
15-09-2017,24.1,24.17,23.75,23.93,66559977,GE
18-09-2017,23.96,24.55,23.93,24.46,52504484,GE
19-09-2017,24.46,24.47,24.02,24.2,45340484,GE
20-09-2017,24.2,24.41,24.19,24.32,39770268,GE
21-09-2017,24.33,24.84,24.17,24.75,52115545,GE
22-09-2017,24.84,25.04,24.77,24.87,39717546,GE
25-09-2017,24.92,25.18,24.85,25.11,42487988,GE
26-09-2017,25.15,25.21,24.92,24.93,40753220,GE
27-09-2017,25,25.05,24.28,24.37,56488971,GE
28-09-2017,24.39,24.45,24.16,24.24,36154413,GE
29-09-2017,24.22,24.29,24.01,24.18,33673712,GE
02-10-2017,24.22,24.61,24.1,24.57,42501167,GE
03-10-2017,24.61,24.83,24.33,24.8,33907539,GE
04-10-2017,24.88,24.89,24.43,24.48,32149416,GE
05-10-2017,24.39,24.57,24.15,24.54,34758948,GE
06-10-2017,24.41,24.54,24.13,24.39,40729835,GE
09-10-2017,24.1,24.15,23.25,23.43,140302771,GE
10-10-2017,23.7,23.86,23.32,23.36,80571106,GE
11-10-2017,23.13,23.27,22.9,23.07,81172916,GE
12-10-2017,23.05,23.09,22.83,23.05,59948728,GE
13-10-2017,23.15,23.23,22.96,22.98,40391802,GE
16-10-2017,22.99,23.48,22.93,23.36,49757813,GE
17-10-2017,23.22,23.25,23,23.19,58639089,GE
18-10-2017,23.2,23.28,23.07,23.12,34970681,GE
19-10-2017,23.14,23.78,23.05,23.58,75574053,GE
20-10-2017,22.14,23.84,22.1,23.83,192404370,GE
23-10-2017,23.44,23.44,22.18,22.32,187340912,GE
24-10-2017,22.12,22.31,21.75,21.89,133615914,GE
25-10-2017,21.84,21.89,21.3,21.53,101763402,GE
26-10-2017,21.57,21.65,21.2,21.32,86283723,GE
27-10-2017,21.26,21.3,20.64,20.79,98534637,GE
30-10-2017,20.62,20.72,20.26,20.41,98385544,GE
31-10-2017,20.26,20.4,20.05,20.16,98007061,GE
01-11-2017,20.07,20.52,19.96,20.02,91714426,GE
02-11-2017,20.05,20.08,19.63,19.94,81531699,GE
03-11-2017,19.92,20.33,19.86,20.14,67860954,GE
06-11-2017,20.52,20.53,20.08,20.13,60679528,GE
07-11-2017,20.17,20.25,20.12,20.21,41661222,GE
08-11-2017,20.21,20.32,20.07,20.12,39682539,GE
09-11-2017,20.04,20.07,19.85,19.99,50428441,GE
10-11-2017,19.98,20.68,19.9,20.49,100732937,GE
13-11-2017,20.26,20.75,18.75,19.02,261557413,GE
14-11-2017,18.79,18.88,17.46,17.9,312556809,GE
15-11-2017,17.51,18.38,17.5,18.26,144368004,GE
16-11-2017,18.48,18.48,18.05,18.25,89376592,GE
17-11-2017,18.34,18.47,18.21,18.21,60457162,GE
20-11-2017,18.13,18.13,17.83,17.98,63934053,GE
21-11-2017,17.95,18.07,17.7,17.83,77918915,GE
22-11-2017,17.87,18.25,17.84,18.15,54846811,GE
24-11-2017,18.38,18.38,18.15,18.19,24897701,GE
27-11-2017,18.34,18.5,18.09,18.12,78852430,GE
28-11-2017,18.17,18.44,18.06,18.41,56115382,GE
29-11-2017,18.45,18.54,18.31,18.48,55159484,GE
30-11-2017,18.56,18.59,18.18,18.29,68055442,GE
01-12-2017,18.28,18.28,17.86,17.88,82027614,GE
04-12-2017,18,18.06,17.88,17.95,68347911,GE
05-12-2017,17.98,18.01,17.67,17.76,65814889,GE
06-12-2017,17.75,17.84,17.6,17.66,43913625,GE
07-12-2017,17.66,18.06,17.63,17.71,55584727,GE
08-12-2017,17.74,17.82,17.66,17.71,54443466,GE
11-12-2017,17.72,17.79,17.53,17.65,58171204,GE
12-12-2017,17.66,18.04,17.65,17.91,66832390,GE
13-12-2017,17.92,17.99,17.76,17.76,42104460,GE
14-12-2017,17.77,17.82,17.64,17.64,48545829,GE
15-12-2017,17.75,17.83,17.66,17.82,88381861,GE
18-12-2017,17.84,18.05,17.75,17.76,53913436,GE
19-12-2017,17.76,17.8,17.55,17.59,65496111,GE
20-12-2017,17.6,17.65,17.36,17.45,75364978,GE
21-12-2017,17.46,17.69,17.44,17.47,67877696,GE
22-12-2017,17.48,17.56,17.4,17.5,46370351,GE
26-12-2017,17.45,17.66,17.4,17.43,55337926,GE
27-12-2017,17.46,17.63,17.31,17.38,60126681,GE
28-12-2017,17.35,17.4,17.25,17.36,60934882,GE
29-12-2017,17.27,17.53,17.27,17.45,76149513,GE
02-01-2018,17.58,17.99,17.53,17.98,77570344,GE
03-01-2018,18.3,18.34,18.03,18.15,81472286,GE
04-01-2018,18.38,18.62,18.3,18.53,82554503,GE
05-01-2018,18.86,18.87,18.5,18.54,79879652,GE
08-01-2018,18.67,18.7,18.1,18.28,82097592,GE
09-01-2018,18.33,18.66,18.11,18.56,66400239,GE
10-01-2018,18.59,19.06,18.58,18.93,82322217,GE
11-01-2018,19.23,19.39,19,19.02,99725610,GE
12-01-2018,19.12,19.15,18.71,18.76,87076709,GE
16-01-2018,18.32,18.51,17.96,18.21,205656974,GE
17-01-2018,17.65,17.7,17.26,17.35,187537213,GE
18-01-2018,17.4,17.48,16.76,16.77,172263372,GE
19-01-2018,16.65,16.73,16.02,16.26,214947168,GE
22-01-2018,15.9,16.33,15.8,16.17,134212318,GE
23-01-2018,16.3,17.03,16.27,16.89,123236504,GE
24-01-2018,17,17.36,16.25,16.44,167017714,GE
25-01-2018,16.5,16.62,16.13,16.18,95057067,GE
26-01-2018,16.13,16.16,15.93,16.13,90888608,GE
29-01-2018,16.02,16.43,15.97,16.28,74134522,GE
30-01-2018,16.1,16.27,15.95,15.95,68254190,GE
31-01-2018,16.06,16.28,15.99,16.17,76769230,GE
01-02-2018,16.06,16.11,15.92,16.02,52823960,GE
02-02-2018,15.89,15.93,15.6,15.64,82294807,GE
05-02-2018,15.48,15.63,14.91,14.91,123241607,GE
06-02-2018,14.82,15.34,14.71,15.27,126819897,GE
07-02-2018,15.31,15.52,15.25,15.25,76007223,GE
08-02-2013,390.46,393.73,390.17,393.08,6031199,GOOGL
11-02-2013,389.59,391.89,387.26,391.6,4330781,GOOGL
12-02-2013,391.27,394.34,390.07,390.74,3714176,GOOGL
13-02-2013,390.46,393.07,390.38,391.82,2393946,GOOGL
14-02-2013,390.25,394.76,389.27,394.3,3466971,GOOGL
15-02-2013,394.09,397.03,393.93,396.84,5453980,GOOGL
19-02-2013,398.39,403.9,398.04,403.83,5857528,GOOGL
20-02-2013,403.05,404.89,396.29,396.63,5522500,GOOGL
21-02-2013,399.4,403.13,396.01,398.16,7008464,GOOGL
22-02-2013,400.03,401.03,397.3,400.25,4103315,GOOGL
25-02-2013,401.55,404.61,395.64,395.78,4602925,GOOGL
26-02-2013,397.9,398.37,392.59,395.46,4399988,GOOGL
27-02-2013,397.8,402.78,395.95,400.29,4047784,GOOGL
28-02-2013,400.95,403.9,400.92,401,4526218,GOOGL
01-03-2013,399.3,403.97,398.47,403.5,4346304,GOOGL
04-03-2013,403.05,411.83,402.9,411.16,5545624,GOOGL
05-03-2013,414.88,420.5,414.86,419.72,8079065,GOOGL
06-03-2013,420.93,422.42,414.82,416.11,5739956,GOOGL
07-03-2013,417.45,418.73,415.2,416.71,4101301,GOOGL
08-03-2013,417.67,417.88,412.94,416.18,5817848,GOOGL
11-03-2013,416.26,420.27,416.17,417.83,3186118,GOOGL
12-03-2013,415.77,416.36,412.25,414.22,4012146,GOOGL
13-03-2013,414.36,415.76,411.57,413.07,3279147,GOOGL
14-03-2013,413.91,413.91,409.1,411.18,3298723,GOOGL
15-03-2013,409.66,410.56,407.08,407.56,6191734,GOOGL
18-03-2013,402.9,406.79,401.14,404.3,3672831,GOOGL
19-03-2013,406.03,410.03,403.63,406.07,4191219,GOOGL
20-03-2013,408.82,409.16,406.13,407.76,2924120,GOOGL
21-03-2013,406.05,408.87,405.33,406.04,2930649,GOOGL
22-03-2013,407.78,408.03,405.22,405.56,2973343,GOOGL
25-03-2013,406.61,410.02,403.81,405.22,3410398,GOOGL
26-03-2013,407.16,407.41,404.3,406.62,2381243,GOOGL
27-03-2013,403.74,403.9,401.07,401.73,4322068,GOOGL
28-03-2013,402.4,403.09,397.05,397.49,4570853,GOOGL
01-04-2013,397.9,401.53,397.02,401,3610549,GOOGL
02-04-2013,402.67,407.82,402.4,406.93,4078671,GOOGL
03-04-2013,407.14,407.51,400.73,403.5,3473233,GOOGL
04-04-2013,402.53,403.28,396.05,397.93,4889914,GOOGL
05-04-2013,393.42,393.89,388.59,391.92,6860927,GOOGL
08-04-2013,389.76,390.16,384.58,387.81,5658378,GOOGL
09-04-2013,388.14,392.27,386.94,389.21,4310166,GOOGL
10-04-2013,391.85,396.57,388.39,395.49,3953171,GOOGL
11-04-2013,396.84,396.95,392.42,395.59,4053279,GOOGL
12-04-2013,396.39,396.45,391.86,395.42,3269389,GOOGL
15-04-2013,393.37,398.9,388.9,391.36,4900346,GOOGL
16-04-2013,393.69,398.4,392.35,397.08,3480468,GOOGL
17-04-2013,393.77,395.82,389.44,391.67,4069487,GOOGL
18-04-2013,393.07,393.29,381.01,383.34,6601455,GOOGL
19-04-2013,384.96,402.12,383.51,400.33,11593628,GOOGL
22-04-2013,400.7,402.38,387.89,400.46,5760454,GOOGL
23-04-2013,400.9,408.16,400.58,404.35,4579994,GOOGL
24-04-2013,404.46,409.41,404.4,407.13,3654448,GOOGL
25-04-2013,408.53,408.64,404.22,404.95,3980422,GOOGL
26-04-2013,404.2,404.27,398.69,401.11,4970304,GOOGL
29-04-2013,402.03,411.76,401.9,409.94,4595912,GOOGL
30-04-2013,409.91,414.23,409.25,412.7,4608663,GOOGL
01-05-2013,412.04,412.77,408.59,410.63,2906961,GOOGL
02-05-2013,410.46,417.69,409.93,415.22,4032460,GOOGL
03-05-2013,418.9,423.82,418.42,423.28,5019702,GOOGL
06-05-2013,424.55,431.36,424.55,431.21,4278140,GOOGL
07-05-2013,431.94,432.37,425.76,429.04,3914058,GOOGL
08-05-2013,428.93,437.38,426.88,437.25,4930476,GOOGL
09-05-2013,435.86,440.27,434.55,436.18,4396519,GOOGL
10-05-2013,438.09,440.71,436.52,440.56,3791566,GOOGL
13-05-2013,439.88,441.68,437.13,439.2,2893167,GOOGL
14-05-2013,439.19,444.79,439.01,443.99,3154697,GOOGL
15-05-2013,448.2,458.65,447.46,458.4,7962426,GOOGL
16-05-2013,459.96,460.45,451.46,452.39,6410573,GOOGL
17-05-2013,455.47,457.2,450.71,455.04,5578028,GOOGL
20-05-2013,452.95,460.76,452.95,454.72,4540849,GOOGL
21-05-2013,454.46,456.29,449.25,453.94,3961409,GOOGL
22-05-2013,451.73,455.11,443.88,445.15,5116072,GOOGL
23-05-2013,438.94,445.43,437.44,441.84,4545347,GOOGL
24-05-2013,438.07,439.85,435.94,437.1,4588931,GOOGL
28-05-2013,442.19,446.52,440.64,441.08,4510310,GOOGL
29-05-2013,438.29,439.43,432.58,434.59,4022272,GOOGL
30-05-2013,435.4,439.89,433.64,435.82,4237137,GOOGL
31-05-2013,434.49,438.94,434.19,436.04,3934779,GOOGL
03-06-2013,436.94,437.42,427.94,434.25,4946046,GOOGL
04-06-2013,434.36,435.73,427.46,429.98,3733157,GOOGL
05-06-2013,431.69,435.16,428.99,430.28,4208973,GOOGL
06-06-2013,432.58,433.6,424.03,432.75,5152857,GOOGL
07-06-2013,435.65,440.44,433.09,440.3,5342795,GOOGL
10-06-2013,441.49,445.95,440.49,445.56,4670835,GOOGL
11-06-2013,442.43,443.94,440.2,440.34,3511453,GOOGL
12-06-2013,443.17,443.44,435.26,436.43,4405093,GOOGL
13-06-2013,434.92,440.27,433.18,438.94,4135093,GOOGL
14-06-2013,440.49,442.79,437.5,437.96,4485457,GOOGL
17-06-2013,440.05,445.16,439.58,443.57,4287768,GOOGL
18-06-2013,444.77,450.95,444.62,450.76,4329191,GOOGL
19-06-2013,451.14,455.88,449.2,450.79,5825958,GOOGL
20-06-2013,447.44,450.95,442.1,442.81,6737253,GOOGL
21-06-2013,444.61,445.38,436.97,440.91,7956472,GOOGL
24-06-2013,436.38,438.6,432.06,435.33,6027497,GOOGL
25-06-2013,439.07,440.28,432.69,433.53,5101271,GOOGL
26-06-2013,437.31,439.44,435.72,437.26,3658997,GOOGL
27-06-2013,439.84,442.79,438.76,438.97,3849059,GOOGL
28-06-2013,437.89,441.36,437.53,440.63,4693361,GOOGL
01-07-2013,443.67,446.49,442.94,444.38,3443061,GOOGL
02-07-2013,445.55,445.95,439.07,441.6,3779117,GOOGL
03-07-2013,440.45,445.03,439.69,443.66,2095161,GOOGL
05-07-2013,445.45,448.15,444.11,447.19,3400260,GOOGL
08-07-2013,450.05,453.59,448.99,453,3934965,GOOGL
09-07-2013,455.96,456.93,449.44,453.07,3923293,GOOGL
10-07-2013,452.18,456.02,450.64,453.45,3411271,GOOGL
11-07-2013,456.96,460.87,454.71,460.58,5162480,GOOGL
12-07-2013,460.46,461.96,458.08,461.96,5131083,GOOGL
15-07-2013,462.61,464.46,458.64,462.81,3916715,GOOGL
16-07-2013,464.03,464.45,457.41,460.26,3961942,GOOGL
17-07-2013,460.96,463.89,458.61,459.73,3008727,GOOGL
18-07-2013,459.95,460.46,452.05,455.8,7211592,GOOGL
19-07-2013,443.75,451.93,438.24,448.75,14703570,GOOGL
22-07-2013,451.45,456.79,448.95,455.81,5800599,GOOGL
23-07-2013,455.81,456.96,450.23,452.35,4086567,GOOGL
24-07-2013,454.08,455.61,450.8,451.9,4151405,GOOGL
25-07-2013,447.38,448.87,443.48,444.29,5995870,GOOGL
26-07-2013,443.94,445.44,441.44,443.12,3551790,GOOGL
29-07-2013,442.89,447.86,440.89,441.58,3780304,GOOGL
30-07-2013,443.17,448.25,440.88,445.91,3508124,GOOGL
31-07-2013,446.94,448.7,443.53,444.32,4341642,GOOGL
01-08-2013,447.95,452.73,447.95,452.56,4267479,GOOGL
02-08-2013,452.17,453.95,450.86,453.74,3424306,GOOGL
05-08-2013,453.15,453.22,450.05,452.95,2616825,GOOGL
06-08-2013,452.8,455.31,448.31,448.73,3009141,GOOGL
07-08-2013,447.97,449.67,444.99,445.77,2756731,GOOGL
08-08-2013,448.19,448.37,443.09,446.78,2973117,GOOGL
09-08-2013,445.73,448.21,445.45,445.65,2644677,GOOGL
12-08-2013,443.89,443.94,441.27,443.2,2751317,GOOGL
13-08-2013,443.86,444.69,438.54,441.07,2837087,GOOGL
14-08-2013,439.62,440.56,434.01,435.34,4160234,GOOGL
15-08-2013,432.65,432.89,429.43,430.26,3737686,GOOGL
16-08-2013,431.07,431.65,428.7,428.88,3346827,GOOGL
19-08-2013,429.28,436.44,429.15,433.26,3618232,GOOGL
20-08-2013,434.61,436.49,432.2,433.14,2470048,GOOGL
21-08-2013,435.76,438.89,433.68,435.1,3511155,GOOGL
22-08-2013,436.79,437.81,435.56,437.29,1738084,GOOGL
23-08-2013,439.35,439.44,435.31,435.54,2151834,GOOGL
26-08-2013,435.44,437.89,433.46,433.63,2110258,GOOGL
27-08-2013,430.24,432.3,424.37,425.5,3460148,GOOGL
28-08-2013,425.55,428.13,424.31,424.7,2657159,GOOGL
29-08-2013,424.96,430.62,424.72,428.14,2739876,GOOGL
30-08-2013,428.31,429.45,423.2,423.87,3719495,GOOGL
03-09-2013,427.61,433.53,427.4,430.62,4091181,GOOGL
04-09-2013,430.61,437.19,428.01,436.25,4078388,GOOGL
05-09-2013,437.19,440.38,436.24,440.22,2582619,GOOGL
06-09-2013,441.66,442.33,437.31,440.23,3120390,GOOGL
09-09-2013,442.31,445.32,441.65,444.47,2466701,GOOGL
10-09-2013,445.46,446.45,442.44,444.78,2572899,GOOGL
11-09-2013,444.71,448.93,443.48,448.54,3218136,GOOGL
12-09-2013,449.15,449.4,445.45,446.98,2188741,GOOGL
13-09-2013,447.7,448.29,442.86,444.98,2649123,GOOGL
16-09-2013,448.55,448.95,442.88,444.32,2679542,GOOGL
17-09-2013,444.15,444.64,440.94,443.5,2516547,GOOGL
18-09-2013,443.62,452.44,441.98,452.11,3866699,GOOGL
19-09-2013,453.45,453.45,448.15,449.64,3192527,GOOGL
20-09-2013,449.64,452.52,448.26,452.01,8683934,GOOGL
23-09-2013,448.52,451.25,443.04,443.69,3551333,GOOGL
24-09-2013,443.69,445.5,441.14,443.86,2937129,GOOGL
25-09-2013,443.72,443.72,438.24,439.05,3299275,GOOGL
26-09-2013,439.59,441.82,437.94,439.52,2517297,GOOGL
27-09-2013,437.85,439.2,436.09,438.63,2515129,GOOGL
30-09-2013,434.97,440.86,434.59,438.39,3443163,GOOGL
01-10-2013,440.57,444.28,440.47,443.95,3366200,GOOGL
02-10-2013,441.81,445.12,439.35,444.44,2987680,GOOGL
03-10-2013,444.44,447.5,436.49,438.48,4232991,GOOGL
04-10-2013,437.94,439.19,435.44,436.61,2713297,GOOGL
07-10-2013,434.16,437.43,432.49,433.3,2585249,GOOGL
08-10-2013,433.09,433.42,426.24,427.26,3894014,GOOGL
09-10-2013,428.57,431.76,421.91,428.36,5297349,GOOGL
10-10-2013,432.35,434.85,430.54,434.55,4513349,GOOGL
11-10-2013,433.45,437.18,433.08,436.43,2815009,GOOGL
14-10-2013,433.76,438.56,433.13,438.49,2484861,GOOGL
15-10-2013,438.32,443.26,437.44,441.45,3186368,GOOGL
16-10-2013,443.38,449.61,442.45,449.46,4019552,GOOGL
17-10-2013,446.94,448.9,443.31,444.84,8504739,GOOGL
18-10-2013,488.78,508.24,487.49,506.21,23145371,GOOGL
21-10-2013,506.24,510.01,500.27,502.15,7259073,GOOGL
22-10-2013,503,507.01,498.39,504,4418539,GOOGL
23-10-2013,501,517.89,500.82,516.22,5329842,GOOGL
24-10-2013,516.45,520.81,512.91,513.29,4182126,GOOGL
25-10-2013,514.92,514.92,505.88,508.11,4057618,GOOGL
28-10-2013,508.11,512.23,507,508.01,2330470,GOOGL
29-10-2013,510.06,518.99,507.26,518.64,3213379,GOOGL
30-10-2013,519.23,519.27,513.51,515.73,2651548,GOOGL
31-10-2013,514.98,521.28,512.5,515.81,3276793,GOOGL
01-11-2013,516.41,518.52,513.06,514.03,2565311,GOOGL
04-11-2013,516.27,516.7,511.53,513.57,2276094,GOOGL
05-11-2013,510.69,516.34,509.22,511.27,2360615,GOOGL
06-11-2013,513.31,514.01,508.19,511.89,1827421,GOOGL
07-11-2013,511.82,512.48,504.32,504.48,3356785,GOOGL
08-11-2013,504.88,509.76,504.75,508.52,2586430,GOOGL
11-11-2013,505.26,508.47,504.5,505.8,2223333,GOOGL
12-11-2013,504.35,509.29,503,506.4,2435485,GOOGL
13-11-2013,503.88,516.94,503.75,516.75,3164843,GOOGL
14-11-2013,517.48,520.39,515.69,518.13,2334603,GOOGL
15-11-2013,517.95,519.52,515.67,517.3,2552991,GOOGL
18-11-2013,518.39,524.89,515.14,516.29,3516981,GOOGL
19-11-2013,516.38,517.89,512.04,513.11,2260977,GOOGL
20-11-2013,515.49,517.2,510.69,511.67,1929141,GOOGL
21-11-2013,514.01,519.67,513.51,517.55,2182811,GOOGL
22-11-2013,517.23,518.6,515.13,516.46,2506114,GOOGL
25-11-2013,519.1,527.12,518.03,523.49,3222795,GOOGL
26-11-2013,524.82,531.28,521.99,529.73,4569794,GOOGL
27-11-2013,531.55,534.53,530.53,532.09,2244873,GOOGL
29-11-2013,531.61,533.84,530.25,530.32,2383163,GOOGL
02-12-2013,532.29,533.71,525.91,527.77,2747720,GOOGL
03-12-2013,526,532.25,525.03,527.16,3352755,GOOGL
04-12-2013,526.21,532.52,525.53,529.62,2381896,GOOGL
05-12-2013,529.13,530.36,526.07,529.2,2267570,GOOGL
06-12-2013,535.43,535.54,530.57,535.47,2859610,GOOGL
09-12-2013,536.03,541.7,534.54,539.61,2965241,GOOGL
10-12-2013,538.61,546.7,538.36,542.87,3708515,GOOGL
11-12-2013,544.24,546.21,538.12,539.18,3420250,GOOGL
12-12-2013,540.32,542.01,535.03,535.52,3189806,GOOGL
13-12-2013,538.24,538.68,529.47,530.93,4325193,GOOGL
16-12-2013,532.53,537.88,531.54,537.03,3209141,GOOGL
17-12-2013,536.95,540.92,534.72,535.46,3076757,GOOGL
18-12-2013,536.46,543.02,530.05,542.92,4420671,GOOGL
19-12-2013,540.92,546.54,540.08,543.65,3328683,GOOGL
20-12-2013,544.69,551.14,544.54,550.86,6528306,GOOGL
23-12-2013,554.47,558.46,553.11,558.11,3443417,GOOGL
24-12-2013,558.04,558.18,554.6,556.48,1466873,GOOGL
26-12-2013,557.56,560.06,554.9,559.29,2674340,GOOGL
27-12-2013,560.56,560.7,557.03,559.76,3137143,GOOGL
30-12-2013,560.73,560.81,555.06,555.28,2470947,GOOGL
31-12-2013,556.68,561.06,553.68,560.92,2713886,GOOGL
02-01-2014,558.29,559.43,554.68,557.12,3641796,GOOGL
03-01-2014,558.06,559.02,553.02,553.05,3335123,GOOGL
06-01-2014,557.06,559.99,553.77,559.22,3538026,GOOGL
07-01-2014,563.06,570.41,561.14,570,5102895,GOOGL
08-01-2014,573.57,574.23,567.21,571.19,4482406,GOOGL
09-01-2014,572.29,572.68,563.34,565.69,4166963,GOOGL
10-01-2014,570.11,570.11,561.69,565.66,4286833,GOOGL
13-01-2014,563.8,574.03,559.14,562.05,4846384,GOOGL
14-01-2014,569.54,576.08,564.61,575.27,4964064,GOOGL
15-01-2014,577.07,578.08,572.47,574.88,3898126,GOOGL
16-01-2014,575.12,579.54,574.57,578.69,3368030,GOOGL
17-01-2014,579,580.9,572.67,575.84,5526753,GOOGL
21-01-2014,581.05,582.58,576.23,582.43,3958240,GOOGL
22-01-2014,583.89,584.53,580.01,583.09,3144547,GOOGL
23-01-2014,580.58,581.83,577.76,580.63,3899387,GOOGL
24-01-2014,576.08,577.35,562.06,562.48,7844849,GOOGL
27-01-2014,563.61,563.81,541.68,551.17,8717239,GOOGL
28-01-2014,555.72,563.44,555.53,562.07,4431015,GOOGL
29-01-2014,560.12,561.44,550.26,554.01,4818464,GOOGL
30-01-2014,573.07,576.82,564.19,568.26,10271942,GOOGL
31-01-2014,586.26,593.86,576.14,591.08,11128460,GOOGL
03-02-2014,590.19,591.45,566.57,567.28,9142062,GOOGL
04-02-2014,569.56,578.08,569.07,569.65,5625848,GOOGL
05-02-2014,572.26,575.96,564.57,572.17,4796442,GOOGL
06-02-2014,576.14,580.66,574.35,580.56,3892615,GOOGL
07-02-2014,584.4,589.54,580.86,589.31,5369247,GOOGL
10-02-2014,586.49,591.79,585.09,587.05,3887391,GOOGL
11-02-2014,590.68,596.53,586.69,595.69,4101524,GOOGL
12-02-2014,595.09,595.6,591.28,593.94,3447898,GOOGL
13-02-2014,590.97,600.55,590.42,600.55,3670172,GOOGL
14-02-2014,598.4,602.8,597,602,4384276,GOOGL
18-02-2014,601.31,607.04,600.6,606.05,4217243,GOOGL
19-02-2014,603.25,605.21,599.35,601.77,4207187,GOOGL
20-02-2014,602.17,604.05,600.71,602.66,3400388,GOOGL
21-02-2014,604.51,605.54,602.02,602.5,3722587,GOOGL
24-02-2014,603.28,610.69,603.15,606.86,3347574,GOOGL
25-02-2014,608.58,612.86,605.82,610.61,2885475,GOOGL
26-02-2014,612.61,615.05,607.49,610.7,3963644,GOOGL
27-02-2014,609.8,612.73,609.11,610.21,2519069,GOOGL
28-02-2014,610.78,612.71,603.71,608.43,4624567,GOOGL
03-03-2014,603.98,604.52,596.67,601.95,4204777,GOOGL
04-03-2014,608.11,608.61,605.35,608.06,2939123,GOOGL
05-03-2014,608.13,612.15,606.31,609.74,2469910,GOOGL
06-03-2014,611.75,613.69,609.91,610.41,2536645,GOOGL
07-03-2014,614.01,614.11,606.32,608,3027992,GOOGL
10-03-2014,608.45,609.43,602.65,606.39,2428458,GOOGL
11-03-2014,607.49,607.77,598.92,600.6,3427419,GOOGL
12-03-2014,598.8,604.53,592.69,604.25,3929924,GOOGL
13-03-2014,604.58,605.86,592.97,595.12,4686593,GOOGL
14-03-2014,591.59,596.03,586.85,586.99,4598973,GOOGL
17-03-2014,590.21,599.13,589.64,596.65,4328765,GOOGL
18-03-2014,597.93,606.37,597.13,606.24,3639572,GOOGL
19-03-2014,606.51,606.6,597.8,600.22,3222579,GOOGL
20-03-2014,600.58,605.41,598.28,599.18,3366583,GOOGL
21-03-2014,603.76,605.42,591.82,592.11,6414897,GOOGL
24-03-2014,592.69,593.04,573.55,579.54,6072230,GOOGL
25-03-2014,583.58,585.5,574.07,579.94,4821269,GOOGL
26-03-2014,581.59,586.37,566.32,566.55,5154891,GOOGL
27-03-2014,565.99,566.54,551.6,557.7,7645706,GOOGL
28-03-2014,560.06,567.16,559.44,560.64,4513323,GOOGL
31-03-2014,565.77,568.07,556.98,557.81,3880673,GOOGL
01-04-2014,560.7,569.32,559.56,568.01,4360891,GOOGL
02-04-2014,571.52,572.97,562.56,568.12,4167353,GOOGL
03-04-2014,573.39,588.3,566.01,571.5,4019626,GOOGL
04-04-2014,578.55,579.72,544.49,545.25,5366972,GOOGL
07-04-2014,544.79,549.85,530.53,540.63,3961552,GOOGL
08-04-2014,545.05,559.88,544.7,557.51,3488768,GOOGL
09-04-2014,565.84,567.8,555.38,567.04,3033589,GOOGL
10-04-2014,568,568.21,545.5,546.69,3296996,GOOGL
11-04-2014,537.94,547.59,533.4,537.76,3175460,GOOGL
14-04-2014,543.66,553.02,540.52,545.2,2541398,GOOGL
15-04-2014,551,552.89,530.64,548.7,3999843,GOOGL
16-04-2014,557.7,564,553.1,563.9,4588541,GOOGL
17-04-2014,556.32,557,539.4,543.34,5616862,GOOGL
21-04-2014,544,544,534,539.37,2425207,GOOGL
22-04-2014,536,548,536,545.5,2331121,GOOGL
23-04-2014,543.67,544.8,528.13,537.51,1959330,GOOGL
24-04-2014,541.69,542.5,531,534.44,2069559,GOOGL
25-04-2014,532.26,533.86,522.5,523.1,2372604,GOOGL
28-04-2014,525.8,525.9,511,522.98,3752779,GOOGL
29-04-2014,523.89,537.76,523,536.33,2535967,GOOGL
30-04-2014,535.12,536.34,529.09,534.88,2038658,GOOGL
01-05-2014,534.25,539.91,532.86,538.53,2004375,GOOGL
02-05-2014,541.44,542.4,533.27,533.87,1781595,GOOGL
05-05-2014,530.24,535.72,527.58,535.33,1228797,GOOGL
06-05-2014,533.41,534.55,522.26,522.57,1835318,GOOGL
07-05-2014,523.25,524.43,511.09,518,3074346,GOOGL
08-05-2014,515.72,527.35,514.46,520.17,2452197,GOOGL
09-05-2014,518.65,527.35,514.28,526.62,2261447,GOOGL
12-05-2014,531.84,538.75,527.51,538.43,1949291,GOOGL
13-05-2014,539.58,543.99,537.9,541.54,2011963,GOOGL
14-05-2014,541.82,541.82,533.11,534.41,1281148,GOOGL
15-05-2014,533.14,534,525.31,529.12,1833044,GOOGL
16-05-2014,529.6,530.84,523.57,528.3,1907733,GOOGL
19-05-2014,528.88,539.35,525.66,538.83,1977885,GOOGL
20-05-2014,540,546.35,536.57,540.39,2425292,GOOGL
21-05-2014,542.9,549.75,542.11,549.7,1564854,GOOGL
22-05-2014,552.2,557.96,551,555.45,2149757,GOOGL
23-05-2014,558.13,565,554.17,563.8,2672674,GOOGL
27-05-2014,567.78,574.87,564.15,574.87,2191828,GOOGL
28-05-2014,574.57,577.66,569.95,570.45,1581576,GOOGL
29-05-2014,573.39,573.48,568.45,570.56,1411296,GOOGL
30-05-2014,571.64,572.58,565.79,571.65,1871737,GOOGL
02-06-2014,569.75,570.41,556.7,564.34,1663640,GOOGL
03-06-2014,560.9,562.4,552.53,554.51,2031647,GOOGL
04-06-2014,551.52,558.58,548.56,553.76,1729192,GOOGL
05-06-2014,557.11,565,555.05,564.93,1796370,GOOGL
06-06-2014,568.16,568.8,559.58,566.03,1740934,GOOGL
09-06-2014,566.75,572,565.22,570.73,1529959,GOOGL
10-06-2014,568.78,572,566.13,568.3,1485115,GOOGL
11-06-2014,565.92,568.97,563.68,567.5,1129173,GOOGL
12-06-2014,567,567,557.15,559.5,1549487,GOOGL
13-06-2014,560.08,560.65,553.72,560.35,1353343,GOOGL
16-06-2014,557.25,557.99,550,552.3,1971842,GOOGL
17-06-2014,552.36,553.74,547.47,550.62,1481669,GOOGL
18-06-2014,552.8,561.4,551.58,560.66,2060681,GOOGL
19-06-2014,561.15,565,556.67,564.99,2630539,GOOGL
20-06-2014,566.45,566.77,559.37,566.52,3162147,GOOGL
23-06-2014,564.35,574.44,563.5,574.29,1724098,GOOGL
24-06-2014,574.22,582.25,569.16,572.54,2844325,GOOGL
25-06-2014,573.55,587.3,573.26,585.93,2114743,GOOGL
26-06-2014,589.3,589.6,579.6,584.77,2012360,GOOGL
27-06-2014,585.45,587.88,582.62,585.69,2022118,GOOGL
30-06-2014,586.76,587.71,583.29,584.67,1479411,GOOGL
01-07-2014,587.65,593.66,586.29,591.49,1644628,GOOGL
02-07-2014,592.26,594.15,589.11,590.78,1197005,GOOGL
03-07-2014,591.7,594.25,589,593.08,898852,GOOGL
07-07-2014,593.51,595.65,587.94,590.76,1337088,GOOGL
08-07-2014,586.37,587.97,574,578.4,2129924,GOOGL
09-07-2014,578.95,584.1,577,583.36,1373056,GOOGL
10-07-2014,573,585.25,572.1,580.04,1436326,GOOGL
11-07-2014,581,588.23,580.58,586.65,1514265,GOOGL
14-07-2014,590.6,594.86,586.69,594.26,1954612,GOOGL
15-07-2014,595.15,595.3,585.31,593.06,1673979,GOOGL
16-07-2014,596.89,597,590.25,590.62,1442211,GOOGL
17-07-2014,588.97,589.5,576.85,580.82,2941648,GOOGL
18-07-2014,603.01,606.7,590.92,605.11,4874260,GOOGL
21-07-2014,601.35,604.16,594.45,598.44,2240111,GOOGL
22-07-2014,599.7,608.89,599.26,603.57,1881665,GOOGL
23-07-2014,602.05,607.05,601.35,605.19,1106136,GOOGL
24-07-2014,605.53,608.91,601,603.01,1355974,GOOGL
25-07-2014,599.25,601,595.75,598.08,1361911,GOOGL
28-07-2014,597.75,601.1,592.59,599.02,1358071,GOOGL
29-07-2014,597.7,598.49,592.17,593.95,1366729,GOOGL
30-07-2014,595.81,598.45,592.7,595.44,1215576,GOOGL
31-07-2014,588.96,591.99,577.68,579.55,2310471,GOOGL
01-08-2014,578.56,583.43,570.3,573.6,2213790,GOOGL
04-08-2014,576.51,583.82,572.26,582.27,1524818,GOOGL
05-08-2014,579.38,580.2,570.31,573.14,1651342,GOOGL
06-08-2014,569.5,578.64,567.45,574.49,1322878,GOOGL
07-08-2014,576.05,578.31,569.43,571.81,1163027,GOOGL
08-08-2014,572.02,579.56,569.02,577.94,1495022,GOOGL
11-08-2014,579,579.69,575.3,577.25,1203357,GOOGL
12-08-2014,575,575.9,569.91,572.12,1394939,GOOGL
13-08-2014,576.45,586.13,575.2,584.56,1898206,GOOGL
14-08-2014,586.69,587.8,580.92,584.65,1272879,GOOGL
15-08-2014,587.5,589.47,580.76,583.71,1725358,GOOGL
18-08-2014,587.1,595.05,586.55,592.7,1470756,GOOGL
19-08-2014,595.59,597.81,594.44,597.11,1045258,GOOGL
20-08-2014,596.95,596.99,593,595.41,968617,GOOGL
21-08-2014,594.9,595.25,591.1,592.42,1133593,GOOGL
22-08-2014,593.27,594.99,589.8,592.54,877464,GOOGL
25-08-2014,594.77,595.58,589.26,590.57,1298049,GOOGL
26-08-2014,592,592.05,587.45,588.12,1471953,GOOGL
27-08-2014,587.81,589.37,580.9,583,1368766,GOOGL
28-08-2014,580.02,584.71,577.88,580.32,1405950,GOOGL
29-08-2014,582.35,582.9,578.24,582.36,1206884,GOOGL
02-09-2014,582.95,589.3,582.4,588.63,1585277,GOOGL
03-09-2014,591.73,594.49,586.5,589.52,1579779,GOOGL
04-09-2014,592.13,598,590.6,593.14,1634585,GOOGL
05-09-2014,595.13,598.5,593.55,597.78,1799855,GOOGL
08-09-2014,599.14,603.52,598.02,601.63,1601244,GOOGL
09-09-2014,600.27,600.6,590.48,591.97,1574573,GOOGL
10-09-2014,591.74,593.72,587.14,593.42,1160291,GOOGL
11-09-2014,590,591.95,586.04,591.11,1501451,GOOGL
12-09-2014,590.39,591.48,583.28,584.9,1852271,GOOGL
15-09-2014,582.24,583.92,577.01,581.64,1550110,GOOGL
16-09-2014,580.95,590.15,580.95,588.78,1581589,GOOGL
17-09-2014,589.51,596.07,587.12,593.29,1720921,GOOGL
18-09-2014,595.05,597.56,593.02,597.27,1494467,GOOGL
19-09-2014,599.49,605.4,597.76,605.4,4194630,GOOGL
22-09-2014,602.5,603.8,593.12,597.27,1785101,GOOGL
23-09-2014,595,596.65,590.24,591.18,1405078,GOOGL
24-09-2014,591.57,600.11,590.3,598.42,1760953,GOOGL
25-09-2014,596.99,598.07,584.74,585.25,1676485,GOOGL
26-09-2014,585.93,589.57,585,587.9,1289090,GOOGL
29-09-2014,581.83,589.31,581.57,587.81,1144982,GOOGL
30-09-2014,587.49,591,584.5,588.41,1571688,GOOGL
01-10-2014,586.8,588.72,578.02,579.63,1449686,GOOGL
02-10-2014,578,583.24,574.05,580.88,1536935,GOOGL
03-10-2014,584.1,588.29,583.5,586.25,1214593,GOOGL
06-10-2014,589.95,592.4,585.4,587.78,1286130,GOOGL
07-10-2014,584.9,585.85,574.1,574.1,1546228,GOOGL
08-10-2014,574.79,584.69,567.64,583.74,2210360,GOOGL
09-10-2014,581.61,582.53,569.03,570.81,2413453,GOOGL
10-10-2014,567.47,575.23,555.01,555.19,2979673,GOOGL
13-10-2014,555.13,560.88,544.43,544.75,2756508,GOOGL
14-10-2014,550.14,558.63,544.5,548.69,2610033,GOOGL
15-10-2014,542.08,543.92,528.42,540.73,3836222,GOOGL
16-10-2014,527,540.99,524.95,536.92,3805046,GOOGL
17-10-2014,540.45,543.45,518.41,522.97,5998740,GOOGL
20-10-2014,520.45,533.16,519.14,532.38,2749830,GOOGL
21-10-2014,537.27,538.77,530.2,538.03,2460140,GOOGL
22-10-2014,541.05,550.76,540.23,542.69,2974550,GOOGL
23-10-2014,548.28,557.4,545.5,553.65,2153678,GOOGL
24-10-2014,554.98,555,545.16,548.9,2175767,GOOGL
27-10-2014,547.76,554,547.2,549.88,1598409,GOOGL
28-10-2014,551.71,559.2,550.43,558.94,1739666,GOOGL
29-10-2014,560.85,564.97,555.98,558.45,2053355,GOOGL
30-10-2014,558.25,562.5,552.13,560.27,1612469,GOOGL
31-10-2014,568.3,568.73,564.81,567.87,2341539,GOOGL
03-11-2014,563.53,567.15,561.63,563.77,1544338,GOOGL
04-11-2014,561.16,564.79,558.3,564.19,1386509,GOOGL
05-11-2014,566.79,566.9,554.15,555.95,1645264,GOOGL
06-11-2014,555.5,556.8,550.58,551.69,1650721,GOOGL
07-11-2014,555.6,555.6,549.35,551.82,1589131,GOOGL
10-11-2014,552.4,560.63,551.62,558.23,1304481,GOOGL
11-11-2014,558.52,562.5,556.24,561.29,1100179,GOOGL
12-11-2014,561.15,561.25,555.5,558.25,1094114,GOOGL
13-11-2014,560.81,560.82,554.09,556.44,1510989,GOOGL
14-11-2014,558,558,552.51,555.19,1425060,GOOGL
17-11-2014,555.19,555.19,544.44,546.64,1680621,GOOGL
18-11-2014,547.93,552.79,543.8,544.51,1822166,GOOGL
19-11-2014,544.75,548.22,539.19,547.2,1517286,GOOGL
20-11-2014,542.09,545.38,541.5,543.76,1750758,GOOGL
21-11-2014,551.04,551.04,545,545.89,2505988,GOOGL
24-11-2014,546.57,551.19,544.15,547.48,1653773,GOOGL
25-11-2014,547.21,552.5,546.91,549.23,1903589,GOOGL
26-11-2014,549.23,549.88,545.23,547.73,1480294,GOOGL
28-11-2014,547,549.6,544.48,549.08,1210061,GOOGL
01-12-2014,545.09,548.79,538.62,539.65,1994399,GOOGL
02-12-2014,539.45,541.85,534.66,538.59,2073974,GOOGL
03-12-2014,537.5,541.41,535.21,536.97,1623977,GOOGL
04-12-2014,537.64,542.69,534.89,542.58,1633688,GOOGL
05-12-2014,536.7,538.2,527.26,528.08,3070118,GOOGL
08-12-2014,529.22,533.82,527,530.73,3231818,GOOGL
09-12-2014,525.88,536.65,523.41,536.11,2168813,GOOGL
10-12-2014,535.9,539.36,527.49,528.04,2316204,GOOGL
11-12-2014,530.01,537.04,529.16,532.11,2073290,GOOGL
12-12-2014,527.44,532.24,521.46,521.51,2371543,GOOGL
15-12-2014,523.76,525.37,515.4,515.84,2621977,GOOGL
16-12-2014,513.6,515.58,497.19,498.16,4349882,GOOGL
17-12-2014,499.86,509.07,499.11,506.45,3639437,GOOGL
18-12-2014,515.99,516.25,506.56,514.62,3876732,GOOGL
19-12-2014,516.99,520.81,508.86,520.04,4872059,GOOGL
22-12-2014,520.61,532.97,520.59,532.3,3319461,GOOGL
23-12-2014,534.51,542.3,533.72,538.77,2877222,GOOGL
24-12-2014,538.82,540.29,535.1,536.93,737848,GOOGL
26-12-2014,536.93,543.25,535.49,541.52,1113464,GOOGL
29-12-2014,540.5,543.93,537.16,537.31,2218632,GOOGL
30-12-2014,534.96,537.84,533.61,535.28,1048631,GOOGL
31-12-2014,537.74,538.4,530.2,530.66,1236445,GOOGL
02-01-2015,532.6,535.8,527.88,529.55,1327870,GOOGL
05-01-2015,527.15,527.99,517.75,519.46,2059119,GOOGL
06-01-2015,520.5,521.21,505.55,506.64,2731813,GOOGL
07-01-2015,510.95,511.49,503.65,505.15,2345875,GOOGL
08-01-2015,501.51,507.5,495.02,506.91,3662224,GOOGL
09-01-2015,508.18,508.6,498.65,500.72,2100024,GOOGL
12-01-2015,499.24,500.28,490.91,497.06,2856938,GOOGL
13-01-2015,502.57,508.6,497.26,501.8,3050295,GOOGL
14-01-2015,500.42,508.26,498.16,505.93,2639959,GOOGL
15-01-2015,508.89,509.75,502.01,504.01,2556682,GOOGL
16-01-2015,503.15,510.85,503.09,510.46,2482858,GOOGL
20-01-2015,512.77,515.61,509.37,509.94,2343612,GOOGL
21-01-2015,510.84,521.85,509.59,520.39,2317789,GOOGL
22-01-2015,523,538.84,521.91,537.3,2803401,GOOGL
23-01-2015,538.03,545.41,535.75,541.95,2298290,GOOGL
26-01-2015,541.5,541.5,532.07,536.72,1546563,GOOGL
27-01-2015,531.4,532.78,520.86,521.19,1957440,GOOGL
28-01-2015,525,525.69,512.35,512.43,1791077,GOOGL
29-01-2015,512.9,515.19,503.48,513.23,3950857,GOOGL
30-01-2015,519,543.1,518.18,537.55,6055445,GOOGL
02-02-2015,534.32,536.5,521.72,532.2,3768861,GOOGL
03-02-2015,529.94,537.45,526.81,533.3,2353096,GOOGL
04-02-2015,533.14,536.75,525.03,526.1,1694832,GOOGL
05-02-2015,527.93,530.69,525.64,529.83,1658751,GOOGL
06-02-2015,531.01,540.22,528.65,533.88,2146922,GOOGL
09-02-2015,531.06,533.88,527.55,529.28,1515687,GOOGL
10-02-2015,532.15,541,529.17,540.16,2371468,GOOGL
11-02-2015,539.73,541.95,536,538,1915336,GOOGL
12-02-2015,539.66,548.34,537,546.01,2429520,GOOGL
13-02-2015,547.51,552.54,546.6,551.16,2369115,GOOGL
17-02-2015,551.16,553,543.26,545.01,1958679,GOOGL
18-02-2015,543.82,547.55,539.55,542.65,1558153,GOOGL
19-02-2015,542.47,546.86,540.75,546.45,1541669,GOOGL
20-02-2015,547.58,547.58,538.1,541.8,1911732,GOOGL
23-02-2015,539,539.3,532,535,1645276,GOOGL
24-02-2015,531.55,539.4,531,538.65,1421373,GOOGL
25-02-2015,538.44,549.57,538.01,547.33,2041827,GOOGL
26-02-2015,545.74,560.13,545.09,559.29,2701584,GOOGL
27-02-2015,558.15,569.42,557.03,562.63,3416445,GOOGL
02-03-2015,567,575.99,563.15,575.02,2520304,GOOGL
03-03-2015,576.35,580.85,570.5,578.8,2526280,GOOGL
04-03-2015,576.97,581.63,572.52,578.33,1898150,GOOGL
05-03-2015,579.62,583.2,578.23,581.44,1795889,GOOGL
06-03-2015,582,582.78,572.06,572.9,1879619,GOOGL
09-03-2015,570.92,575.45,569.05,574.1,1174244,GOOGL
10-03-2015,568.48,569.76,559.82,559.85,2004024,GOOGL
11-03-2015,559.8,564.18,555.41,555.69,2026158,GOOGL
12-03-2015,558.48,561.84,555.53,561.17,1780057,GOOGL
13-03-2015,559.23,564.36,550.33,553,1771354,GOOGL
16-03-2015,556.93,563.75,551.32,561.64,1842754,GOOGL
17-03-2015,558.29,560.64,554.41,557.61,1444560,GOOGL
18-03-2015,557.73,566.51,553.5,566.16,1766221,GOOGL
19-03-2015,564.52,566.96,562.12,563.67,1232969,GOOGL
20-03-2015,566.71,567.1,564.48,564.95,2216038,GOOGL
23-03-2015,566,569.64,563.06,565.37,1511686,GOOGL
24-03-2015,568.54,581.88,568.09,577.54,3957844,GOOGL
25-03-2015,577.57,580.07,567,567,2653451,GOOGL
26-03-2015,564.65,567.19,558.31,563.64,2492141,GOOGL
27-03-2015,561.83,564.07,556.93,557.55,1727629,GOOGL
30-03-2015,560.25,562.16,556.79,561.14,1239350,GOOGL
31-03-2015,557.94,562.45,554.67,554.7,1746622,GOOGL
01-04-2015,554.83,558.5,546.03,549.49,1945090,GOOGL
02-04-2015,547.41,548,540.44,541.31,2388019,GOOGL
06-04-2015,538.84,545.54,535.7,543.95,1685894,GOOGL
07-04-2015,544.99,550.16,543.59,544.86,1365916,GOOGL
08-04-2015,546,551.5,546,548.84,1419316,GOOGL
09-04-2015,549.21,549.37,541.95,548.02,1618299,GOOGL
10-04-2015,549.57,549.85,544.98,548.54,1305219,GOOGL
13-04-2015,547.05,553.27,546.3,548.64,1466277,GOOGL
14-04-2015,546.57,546.57,535.74,539.78,2360329,GOOGL
15-04-2015,537.96,543.19,532.37,541.04,2348087,GOOGL
16-04-2015,538.35,545.23,538.1,543.52,1586088,GOOGL
17-04-2015,537.31,539.8,529,532.74,2461698,GOOGL
20-04-2015,533.75,545.8,533.35,544.53,1926064,GOOGL
21-04-2015,546.31,547.77,542.21,542.93,1456387,GOOGL
22-04-2015,543.06,551,541.32,549.18,1590320,GOOGL
23-04-2015,550.41,561.17,550.08,557.46,3909155,GOOGL
24-04-2015,580.05,584.7,568.35,573.66,4608403,GOOGL
27-04-2015,572.77,575.52,562.3,566.12,2403105,GOOGL
28-04-2015,564.32,567.83,560.96,564.37,1859787,GOOGL
29-04-2015,560.51,565.84,559,561.39,1681064,GOOGL
30-04-2015,558.56,561.11,546.72,548.77,2362024,GOOGL
01-05-2015,550.51,551.22,543.85,551.16,1828566,GOOGL
04-05-2015,550.99,556.69,547.39,552.84,1762952,GOOGL
05-05-2015,550.16,552.61,542.37,543.05,1426417,GOOGL
06-05-2015,542.64,543.93,532.24,535.08,1951728,GOOGL
07-05-2015,535.9,545.2,533.45,542.04,1592220,GOOGL
08-05-2015,548.87,552.8,548.03,548.95,1411264,GOOGL
11-05-2015,548.49,553.37,545.6,545.78,1092923,GOOGL
12-05-2015,542.81,542.96,535,538.73,1764123,GOOGL
13-05-2015,540.47,543.84,538.98,539.49,1211920,GOOGL
14-05-2015,543.97,549.69,542.5,549.2,1586833,GOOGL
15-05-2015,550.39,550.6,542.5,546.49,1671977,GOOGL
18-05-2015,543.82,548.34,542.25,546.67,1335256,GOOGL
19-05-2015,548,553.4,547.12,549.28,2356274,GOOGL
20-05-2015,550.92,556.07,545.1,552.51,1541962,GOOGL
21-05-2015,550.2,557.61,549.3,556.81,1708512,GOOGL
22-05-2015,554.46,558.24,553.62,554.52,1213288,GOOGL
26-05-2015,552.58,553.33,542.97,547.19,1873709,GOOGL
27-05-2015,548.68,555.29,546.58,554.25,1742237,GOOGL
28-05-2015,553.79,555.76,550.8,554.18,1177318,GOOGL
29-05-2015,553.2,553.94,545.04,545.32,2172282,GOOGL
01-06-2015,548.73,550.57,543.58,549.21,1660500,GOOGL
02-06-2015,547.43,558.79,546.55,553.95,1592828,GOOGL
03-06-2015,555.1,557.99,552.15,555.29,1335479,GOOGL
04-06-2015,552.18,555.96,549.12,551.69,1343317,GOOGL
05-06-2015,552,553.33,547.38,549.53,1219841,GOOGL
08-06-2015,549.61,549.87,542.95,543.48,1366816,GOOGL
09-06-2015,543.42,544.84,538.85,542.16,1500846,GOOGL
10-06-2015,545.7,554.78,545.11,552.6,1515805,GOOGL
11-06-2015,554.49,554.83,549.17,550.04,1293560,GOOGL
12-06-2015,547.15,548.85,545.63,547.47,1273383,GOOGL
15-06-2015,542.73,544.05,539.21,543,1357481,GOOGL
16-06-2015,544.48,546.69,541.57,544.87,1626349,GOOGL
17-06-2015,545.42,548.36,541.81,546.6,1222049,GOOGL
18-06-2015,548,557.25,548,556.18,2059603,GOOGL
19-06-2015,556.52,557.91,552.26,557.52,2964489,GOOGL
22-06-2015,559.41,565.61,558.91,559.68,1737569,GOOGL
23-06-2015,559.79,564.9,557.15,563.39,1569808,GOOGL
24-06-2015,562.48,562.64,556.81,558.57,1446156,GOOGL
25-06-2015,560.3,563.14,557.46,557.95,1335270,GOOGL
26-06-2015,559.71,560,551.85,553.06,2183753,GOOGL
29-06-2015,546.75,550.9,540.24,541.25,1887816,GOOGL
30-06-2015,545.09,545.9,539.54,540.04,1725464,GOOGL
01-07-2015,543.66,545.81,539.76,543.3,1537973,GOOGL
02-07-2015,544.74,548,543.57,547.34,1406213,GOOGL
06-07-2015,542.25,548.58,542.1,545.62,1280687,GOOGL
07-07-2015,547.43,551,539.85,550.03,1679759,GOOGL
08-07-2015,545.6,548.28,541.2,541.7,1383065,GOOGL
09-07-2015,548.65,548.88,544.62,544.65,1488324,GOOGL
10-07-2015,553.71,559.29,552,556.11,2171750,GOOGL
13-07-2015,559.51,572.85,558.7,571.73,2089641,GOOGL
14-07-2015,574.5,589.71,574.17,584.18,3741583,GOOGL
15-07-2015,583.74,588.69,580.21,583.96,2073330,GOOGL
16-07-2015,589.5,604.5,587.92,601.78,5632054,GOOGL
17-07-2015,680,703,678,699.62,12858136,GOOGL
20-07-2015,688.98,697.8,681.77,692.84,5121752,GOOGL
21-07-2015,684.88,705.6,684.15,695.35,3780230,GOOGL
22-07-2015,694.02,713.33,691.62,695.1,4154987,GOOGL
23-07-2015,691.85,696.07,671.59,674.73,3811598,GOOGL
24-07-2015,676.77,677.79,653.18,654.77,4131137,GOOGL
27-07-2015,651.57,667.07,651.55,658.27,2919110,GOOGL
28-07-2015,661.76,664.1,653.41,659.66,1718193,GOOGL
29-07-2015,662.26,663.33,652.84,661.43,1837805,GOOGL
30-07-2015,657.44,668.05,651.69,664.56,1980345,GOOGL
31-07-2015,664.7,665,657.2,657.5,1746094,GOOGL
03-08-2015,657.66,666.67,657.66,664.72,1567407,GOOGL
04-08-2015,664.34,668,660.51,661.28,1309410,GOOGL
05-08-2015,665.75,679.91,665.58,673.29,1822387,GOOGL
06-08-2015,673.99,674.75,660.73,670.15,2032984,GOOGL
07-08-2015,667.78,668.8,658.87,664.39,1377152,GOOGL
10-08-2015,667.09,671.62,660.23,663.14,1722915,GOOGL
11-08-2015,699.58,704,684.32,690.3,5494011,GOOGL
12-08-2015,694.49,696,680.51,691.47,2932328,GOOGL
13-08-2015,689.2,694.03,682.18,686.51,1817748,GOOGL
14-08-2015,684.04,692.26,682.9,689.37,1379855,GOOGL
17-08-2015,688.04,694.74,683.06,694.11,1233951,GOOGL
18-08-2015,691.07,695.76,685.32,688.73,1385544,GOOGL
19-08-2015,690.11,700.2,686.8,694.04,2509697,GOOGL
20-08-2015,689.1,696.16,675.28,679.48,2889877,GOOGL
21-08-2015,671.04,672.89,643.1,644.03,4593970,GOOGL
24-08-2015,600.6,644.33,593.09,618.11,6489430,GOOGL
25-08-2015,646.47,647,611.67,612.47,3571469,GOOGL
26-08-2015,643.1,662.48,630.37,659.74,4386985,GOOGL
27-08-2015,672,673.98,651.1,667.96,2948736,GOOGL
28-08-2015,665.11,667,653.75,659.69,1941833,GOOGL
31-08-2015,656.26,664.41,646.35,647.82,1946844,GOOGL
01-09-2015,633.66,644.44,625.06,629.56,2572884,GOOGL
02-09-2015,638.64,645.06,630.64,644.91,1881489,GOOGL
03-09-2015,647.93,651.25,633.81,637.05,1728562,GOOGL
04-09-2015,629.7,634.5,626.5,628.96,2024990,GOOGL
08-09-2015,641,645.04,632.9,643.88,1954648,GOOGL
09-09-2015,651.88,657.36,640.9,643.41,2048908,GOOGL
10-09-2015,643.9,654.9,641.7,651.08,1392481,GOOGL
11-09-2015,650.21,655.31,647.41,655.3,1744615,GOOGL
14-09-2015,655.63,655.92,649.5,652.47,1497627,GOOGL
15-09-2015,656.71,668.85,653.34,665.07,1777320,GOOGL
16-09-2015,665.55,668.07,662.2,665.52,1312598,GOOGL
17-09-2015,667.49,681.99,665,671.67,2387605,GOOGL
18-09-2015,665.06,669.84,660.03,660.92,3627210,GOOGL
21-09-2015,665.51,669,658,666.98,1954667,GOOGL
22-09-2015,657.47,658.82,645.03,653.2,2718081,GOOGL
23-09-2015,652.9,660.28,650.73,653.29,1457995,GOOGL
24-09-2015,648.97,656.77,642.17,654.91,1934639,GOOGL
25-09-2015,658.58,658.58,639.66,640.15,2423992,GOOGL
28-09-2015,639.05,642.85,617.84,624.25,2382300,GOOGL
29-09-2015,625.5,634.68,618.03,622.61,2106466,GOOGL
30-09-2015,631.83,639.31,629.15,638.37,2647655,GOOGL
01-10-2015,637.94,643.84,631.12,642,2125315,GOOGL
02-10-2015,638.01,658.26,633.5,656.99,2439435,GOOGL
05-10-2015,661.6,673.03,655.87,671.68,1898012,GOOGL
06-10-2015,669.35,678.8,663.08,671.64,2157409,GOOGL
07-10-2015,677.4,678.74,658.11,670,2217672,GOOGL
08-10-2015,669.45,671.89,654.49,667,1965397,GOOGL
09-10-2015,667.49,674.09,662.36,671.24,1606178,GOOGL
12-10-2015,669.19,677.98,667.24,676.43,1334225,GOOGL
13-10-2015,674.26,688.46,673.11,683.17,2122338,GOOGL
14-10-2015,683.73,690.04,678.9,680.41,1564582,GOOGL
15-10-2015,685.25,694.16,684.39,693.02,2357829,GOOGL
16-10-2015,695.4,696.22,689.1,695.32,1815759,GOOGL
19-10-2015,694,700.24,692.21,699.95,1508585,GOOGL
20-10-2015,697.89,698,673.68,680,2621719,GOOGL
21-10-2015,683.21,684.9,670.7,671.8,1608436,GOOGL
22-10-2015,675.44,688.05,671.7,681.14,4431595,GOOGL
23-10-2015,750.06,752.5,717.94,719.33,6336319,GOOGL
26-10-2015,720.02,734.95,720.02,731.12,2438847,GOOGL
27-10-2015,726.57,735.96,724.14,732.82,1938916,GOOGL
28-10-2015,733,737.37,727.27,736.92,1980154,GOOGL
29-10-2015,736.63,746.79,735.16,744.85,1825957,GOOGL
30-10-2015,745.56,746.31,736.53,737.39,1999161,GOOGL
02-11-2015,737.88,748.18,731.45,747.74,1995708,GOOGL
03-11-2015,745.43,751.7,741.16,748.82,1815300,GOOGL
04-11-2015,749.9,759.9,749.2,755.31,2091999,GOOGL
05-11-2015,758.81,766.35,757.47,760.67,2274314,GOOGL
06-11-2015,759.39,763.02,755.03,761.6,1677199,GOOGL
09-11-2015,758.52,763.3,749.11,754.77,1776861,GOOGL
10-11-2015,753.48,760.6,748.41,758.26,1489929,GOOGL
11-11-2015,762.38,769.08,759.75,765.25,2095922,GOOGL
12-11-2015,760.18,765.8,755.86,756.53,1772555,GOOGL
13-11-2015,754.04,755.33,739.47,740.07,2409363,GOOGL
16-11-2015,740.21,751.71,734.33,750.42,2535198,GOOGL
17-11-2015,752.47,754.95,744.05,745.98,1943156,GOOGL
18-11-2015,749.57,761.1,747.39,760.01,1813336,GOOGL
19-11-2015,759.78,763.23,757.23,759.94,1403913,GOOGL
20-11-2015,769.3,779.32,764.1,777,2773944,GOOGL
23-11-2015,777.47,782.9,773.51,776.7,1732400,GOOGL
24-11-2015,772.96,775.99,758.11,769.63,2394010,GOOGL
25-11-2015,771.69,773,766.53,769.26,1180643,GOOGL
27-11-2015,769.16,774,767,771.97,722320,GOOGL
30-11-2015,771.87,775.03,761.12,762.85,1679349,GOOGL
01-12-2015,766.94,785,765.95,783.79,2019864,GOOGL
02-12-2015,785.25,793.05,776.43,777.85,2343841,GOOGL
03-12-2015,780.56,784.48,762.45,768.2,2097494,GOOGL
04-12-2015,769.71,782.42,765.51,779.21,2489998,GOOGL
07-12-2015,780.06,781,766.72,772.99,1831287,GOOGL
08-12-2015,764.5,778.65,762.52,775.14,1554121,GOOGL
09-12-2015,771.1,776.09,752.01,762.55,2327471,GOOGL
10-12-2015,763.59,766.07,755,760.04,1622940,GOOGL
11-12-2015,749,757.44,748.65,750.42,2159164,GOOGL
14-12-2015,751.26,764.15,736.26,762.54,2708520,GOOGL
15-12-2015,767.79,774.75,758,760.09,2469319,GOOGL
16-12-2015,766.57,781.5,757.05,776.59,2656010,GOOGL
17-12-2015,781.16,781.59,769.3,769.83,1825538,GOOGL
18-12-2015,767.23,774.14,756.59,756.85,3389702,GOOGL
21-12-2015,763.05,766.35,754.15,760.8,1742368,GOOGL
22-12-2015,764.27,770.34,761.2,767.13,1816935,GOOGL
23-12-2015,770.69,771.9,757.65,768.51,1529742,GOOGL
24-12-2015,768.52,769.2,764.39,765.84,521141,GOOGL
28-12-2015,770,782.82,767.73,782.24,1557755,GOOGL
29-12-2015,786.99,798.69,786.2,793.96,1921480,GOOGL
30-12-2015,793.96,796.46,787.2,790.3,1428280,GOOGL
31-12-2015,787.82,788.33,777.32,778.01,1637561,GOOGL
04-01-2016,762.2,762.2,747.54,759.44,3369068,GOOGL
05-01-2016,764.1,769.2,755.65,761.53,2260795,GOOGL
06-01-2016,750.37,765.73,748,759.33,2410301,GOOGL
07-01-2016,746.49,755.31,735.28,741,3156563,GOOGL
08-01-2016,747.8,750.12,728.92,730.91,2375348,GOOGL
11-01-2016,731.95,735.08,719.56,733.07,2544806,GOOGL
12-01-2016,740.75,748.34,736.43,745.34,2340753,GOOGL
13-01-2016,749.34,753,716.78,719.57,2586395,GOOGL
14-01-2016,724.44,739.89,705,731.39,2777868,GOOGL
15-01-2016,709.99,724.16,701.51,710.49,3833751,GOOGL
19-01-2016,720.15,725.35,709.85,719.08,2436220,GOOGL
20-01-2016,705.9,726.95,687.78,718.56,4122010,GOOGL
21-01-2016,720.17,737.67,711.11,726.67,2596916,GOOGL
22-01-2016,742,748.56,740.5,745.46,2357315,GOOGL
25-01-2016,743.84,752.46,732.5,733.62,2267031,GOOGL
26-01-2016,735.21,739.46,726.97,733.79,1547049,GOOGL
27-01-2016,735.89,735.89,713.45,717.58,2121434,GOOGL
28-01-2016,738.19,751.16,730.6,748.3,3105222,GOOGL
29-01-2016,748.96,765.11,744.2,761.35,3790395,GOOGL
01-02-2016,771.26,777.59,761.38,770.77,5576089,GOOGL
02-02-2016,800.5,810.35,780.6,780.91,6792331,GOOGL
03-02-2016,786.28,791.43,736.26,749.38,6555731,GOOGL
04-02-2016,744.59,745.24,722.6,730.03,5246123,GOOGL
05-02-2016,725.5,726.72,700.14,703.76,5477821,GOOGL
08-02-2016,687.68,704.52,682.01,704.16,4470514,GOOGL
09-02-2016,692.95,720.96,688.5,701.02,4214950,GOOGL
10-02-2016,711.79,723.22,705.39,706.85,3015733,GOOGL
11-02-2016,696.34,712.32,691.19,706.36,3250206,GOOGL
12-02-2016,712.21,716,701.58,706.89,2326889,GOOGL
16-02-2016,718.65,722.88,710.18,717.64,2172213,GOOGL
17-02-2016,727,733.76,716.61,731.97,2457715,GOOGL
18-02-2016,733.96,736,715.55,717.51,2363846,GOOGL
19-02-2016,715.9,724.03,713.12,722.11,1745940,GOOGL
22-02-2016,729.51,734.85,723.45,729.05,1875824,GOOGL
23-02-2016,726.1,730.9,715.67,717.29,2066566,GOOGL
24-02-2016,710.61,721.22,702.02,720.9,1854612,GOOGL
25-02-2016,722.93,729.51,713.23,729.12,1807258,GOOGL
26-02-2016,733.6,736.16,721.94,724.86,2123690,GOOGL
29-02-2016,721,730.6,716.84,717.22,2253426,GOOGL
01-03-2016,721.3,742.33,718.64,742.17,3005553,GOOGL
02-03-2016,742.87,743.12,733.25,739.48,1814643,GOOGL
03-03-2016,739.48,741,729.63,731.59,2026700,GOOGL
04-03-2016,734.8,735,725.62,730.22,2425750,GOOGL
07-03-2016,725.15,727.21,705.14,712.8,3088278,GOOGL
08-03-2016,708.39,722.25,704,713.53,2626495,GOOGL
09-03-2016,715.17,726.24,712.66,725.41,1977169,GOOGL
10-03-2016,727.79,736.54,723.29,732.17,2230811,GOOGL
11-03-2016,739.95,744.9,736.7,744.87,1768995,GOOGL
14-03-2016,744.97,754.26,743.66,750.24,1641189,GOOGL
15-03-2016,746.02,753.01,742.84,750.57,1491578,GOOGL
16-03-2016,749.05,759,746.5,757.36,1465285,GOOGL
17-03-2016,757.65,765.34,757.36,758.48,2228244,GOOGL
18-03-2016,761.63,762.14,751.82,755.41,2811518,GOOGL
21-03-2016,753.91,763.34,751.27,762.16,1438658,GOOGL
22-03-2016,758.44,765,757.88,760.05,1104784,GOOGL
23-03-2016,763.35,765.39,756.03,757.56,1233854,GOOGL
24-03-2016,751.2,757.56,750.5,754.84,1555844,GOOGL
28-03-2016,756.17,758.3,752.04,753.28,1083823,GOOGL
29-03-2016,753.68,767.18,748.29,765.89,2003061,GOOGL
30-03-2016,768.21,777.31,767.58,768.34,2019755,GOOGL
31-03-2016,768.34,769.08,758.25,762.9,1627669,GOOGL
01-04-2016,757.16,770.04,755.2,769.67,1583698,GOOGL
04-04-2016,769.51,772.44,761.79,765.12,1346424,GOOGL
05-04-2016,758.13,762.87,755.6,758.57,1223905,GOOGL
06-04-2016,757.84,768.42,756.3,768.07,1265577,GOOGL
07-04-2016,765.32,769.36,757.5,760.12,1274852,GOOGL
08-04-2016,765.87,767.13,755.77,759.47,1171867,GOOGL
11-04-2016,765.45,767.22,757.34,757.54,1588692,GOOGL
12-04-2016,758.43,764.92,751.57,764.32,1369358,GOOGL
13-04-2016,770.31,775.75,764.59,771.91,1771308,GOOGL
14-04-2016,775.36,779.61,773.22,775.39,1349610,GOOGL
15-04-2016,775.5,780.93,774.93,780,1585584,GOOGL
18-04-2016,780.19,788.55,777.61,787.68,1677015,GOOGL
19-04-2016,790.5,790.95,770.27,776.25,2197615,GOOGL
20-04-2016,779.16,779.66,771.27,774.92,1713088,GOOGL
21-04-2016,777.31,781.68,771.55,780,3881420,GOOGL
22-04-2016,743.91,753.92,730.37,737.77,7039948,GOOGL
25-04-2016,735.35,744.88,735.1,742.21,2472061,GOOGL
26-04-2016,744.42,745.59,720.32,725.37,2793210,GOOGL
27-04-2016,725.32,727.15,709.08,721.46,3313137,GOOGL
28-04-2016,723.29,729.26,703.2,705.06,3129502,GOOGL
29-04-2016,704.12,712.11,703.78,707.88,2913898,GOOGL
02-05-2016,711.92,715.41,706.36,714.41,1673820,GOOGL
03-05-2016,712.5,713.37,707.33,708.44,1931040,GOOGL
04-05-2016,706.77,715.05,704.05,711.37,1708609,GOOGL
05-05-2016,715,717.55,709.45,714.71,1483357,GOOGL
06-05-2016,712.2,725.99,711.95,725.18,1997628,GOOGL
09-05-2016,726.7,734.29,723.5,729.13,1903689,GOOGL
10-05-2016,734.96,740,731.61,739.38,1631714,GOOGL
11-05-2016,740.52,740.8,727.9,730.55,1491746,GOOGL
12-05-2016,732,735.37,724.27,728.07,1354717,GOOGL
13-05-2016,726.62,731.29,723.51,724.83,1262161,GOOGL
16-05-2016,724.32,732.68,720,730.3,1126862,GOOGL
17-05-2016,731.06,735.85,718,720.19,1670176,GOOGL
18-05-2016,718.5,725.57,715.02,721.78,1626800,GOOGL
19-05-2016,718.3,720.5,710.31,715.31,1529910,GOOGL
20-05-2016,716.46,727.7,715.01,721.71,1739895,GOOGL
23-05-2016,719.98,723.5,716.94,717.25,1240826,GOOGL
24-05-2016,719.85,734.2,719.65,733.03,1894161,GOOGL
25-05-2016,735,739.89,732.6,738.1,1616624,GOOGL
26-05-2016,736,741.1,733,736.93,1360119,GOOGL
27-05-2016,737.51,747.91,737.01,747.6,1740130,GOOGL
31-05-2016,748.76,753.48,745.57,748.85,2124248,GOOGL
01-06-2016,748.47,751.37,744.34,748.46,1039847,GOOGL
02-06-2016,746.1,747.3,737,744.27,1695824,GOOGL
03-06-2016,741.49,741.49,733.91,735.86,1230376,GOOGL
06-06-2016,738.5,738.5,728.29,730.06,1499648,GOOGL
07-06-2016,733.27,736.71,730.8,731.09,1215741,GOOGL
08-06-2016,739.5,743.81,735.77,742.93,1615727,GOOGL
09-06-2016,737.07,743.93,736.5,742.52,958963,GOOGL
10-06-2016,735.95,739.64,730.51,733.19,1452456,GOOGL
13-06-2016,729.82,739,729.82,731.88,1167736,GOOGL
14-06-2016,729.31,736,726.5,733.25,1329176,GOOGL
15-06-2016,734.92,737.15,731.31,732.19,1161701,GOOGL
16-06-2016,727.96,730.39,715.54,724.25,2250083,GOOGL
17-06-2016,721.39,721.39,701.12,704.25,4113085,GOOGL
20-06-2016,710.31,715.87,705.41,706.13,2282725,GOOGL
21-06-2016,710.05,715.38,704.66,708.88,1515918,GOOGL
22-06-2016,714.05,714.21,705.88,710.47,1452884,GOOGL
23-06-2016,710.55,714.88,700.25,714.87,2125028,GOOGL
24-06-2016,690.17,705,684.91,685.2,4771780,GOOGL
27-06-2016,682.49,683.33,672.66,681.14,2919486,GOOGL
28-06-2016,691.37,692.74,684.85,691.26,1912280,GOOGL
29-06-2016,694.26,699.5,692.68,695.19,2156218,GOOGL
30-06-2016,697.65,703.77,694.9,703.53,2112513,GOOGL
01-07-2016,705.1,712.53,703.73,710.25,1549160,GOOGL
05-07-2016,705.01,708.12,699.13,704.89,1422028,GOOGL
06-07-2016,699.84,713,699,708.97,1445126,GOOGL
07-07-2016,710.11,710.17,700.67,707.26,1058698,GOOGL
08-07-2016,710.56,717.9,708.11,717.78,1497323,GOOGL
11-07-2016,719.42,728.93,718.87,727.2,1441113,GOOGL
12-07-2016,731.92,735.6,727.5,732.51,1328680,GOOGL
13-07-2016,735.52,735.52,729.02,729.48,1021827,GOOGL
14-07-2016,733.94,736.14,730.59,735.8,1070351,GOOGL
15-07-2016,741,741,734.64,735.63,1617087,GOOGL
18-07-2016,737.91,755.14,736.51,753.2,1934900,GOOGL
19-07-2016,749.87,756.59,748.49,753.41,1521795,GOOGL
20-07-2016,754.05,760.64,754.05,757.08,1125117,GOOGL
21-07-2016,757,758.15,751.52,754.41,953053,GOOGL
22-07-2016,757.32,759.45,752.66,759.28,1046024,GOOGL
25-07-2016,757.68,759.82,754.07,757.52,1073310,GOOGL
26-07-2016,757.52,759.26,752.75,757.65,1189573,GOOGL
27-07-2016,758.97,764.45,755.93,761.97,1608589,GOOGL
28-07-2016,768.84,768.97,759.09,765.84,3673221,GOOGL
29-07-2016,797.71,803.94,790,791.34,5090527,GOOGL
01-08-2016,786.67,807.49,785.04,800.94,3029658,GOOGL
02-08-2016,797.33,802.32,794.53,800.12,1996354,GOOGL
03-08-2016,796.47,799.54,793.02,798.92,1461025,GOOGL
04-08-2016,798.24,800.2,793.92,797.25,1076031,GOOGL
05-08-2016,800.11,807.22,797.81,806.93,1807271,GOOGL
08-08-2016,806,807.6,801.69,805.23,1221609,GOOGL
09-08-2016,804.49,813.33,804.06,807.48,1607685,GOOGL
10-08-2016,807.05,810.88,806.49,808.49,918514,GOOGL
11-08-2016,810.47,813.88,806,808.2,1282274,GOOGL
12-08-2016,805.09,807.19,803.64,807.05,897283,GOOGL
15-08-2016,807.21,811.36,804.03,805.96,930074,GOOGL
16-08-2016,803.5,804.26,797,801.19,1057897,GOOGL
17-08-2016,800,805.63,796.3,805.42,1066070,GOOGL
18-08-2016,805.36,808,801.63,802.75,865160,GOOGL
19-08-2016,799.79,801.23,796.88,799.65,1120763,GOOGL
22-08-2016,798.51,799.3,794.33,796.95,853365,GOOGL
23-08-2016,800.48,801,795.99,796.59,917513,GOOGL
24-08-2016,796.86,798.46,790.76,793.6,1284437,GOOGL
25-08-2016,792,794.72,787.23,791.3,1202680,GOOGL
26-08-2016,792.49,799.4,789.41,793.22,1248881,GOOGL
29-08-2016,793.05,798.52,790.32,795.82,773698,GOOGL
30-08-2016,792.88,798,789.47,791.92,1167413,GOOGL
31-08-2016,789.6,791.57,787.2,789.85,1071420,GOOGL
01-09-2016,791.98,792.89,786.33,791.4,1303460,GOOGL
02-09-2016,795.27,797.1,793.26,796.87,1349896,GOOGL
06-09-2016,798.39,810.89,795.43,808.02,1989537,GOOGL
07-09-2016,807.93,810.6,803.72,807.99,1145724,GOOGL
08-09-2016,805.22,808.42,801.01,802.84,1177660,GOOGL
09-09-2016,798.77,801.75,788.05,788.48,1887633,GOOGL
12-09-2016,784.52,800.17,783.5,798.82,1863737,GOOGL
13-09-2016,794.01,795.79,784.33,788.72,1809044,GOOGL
14-09-2016,787.53,796.33,787.53,790.46,1313912,GOOGL
15-09-2016,790.01,803.65,788.66,801.23,1566360,GOOGL
16-09-2016,799.02,799.02,793.62,797.97,2130571,GOOGL
19-09-2016,801.11,803.99,793.56,795.39,1149522,GOOGL
20-09-2016,800,802.75,798.26,799.78,1050041,GOOGL
21-09-2016,801.26,805.91,796.03,805.03,1348476,GOOGL
22-09-2016,810,819.06,807.71,815.95,1759290,GOOGL
23-09-2016,815.14,817,812.73,814.96,1411673,GOOGL
26-09-2016,809.82,810.08,800.45,802.65,1472732,GOOGL
27-09-2016,801.83,813.49,801.83,810.73,1367271,GOOGL
28-09-2016,804.08,810.25,802.78,810.06,1470280,GOOGL
29-09-2016,807.23,813.91,800.86,802.64,1349974,GOOGL
30-09-2016,803.6,808.09,801.5,804.06,1660201,GOOGL
03-10-2016,802.55,803.54,796.23,800.38,1489212,GOOGL
04-10-2016,805,806.5,799.67,802.79,1258706,GOOGL
05-10-2016,806,808.5,800.71,801.23,1213820,GOOGL
06-10-2016,804.08,806.95,800.51,803.08,1099909,GOOGL
07-10-2016,805.93,805.94,796.82,800.71,1163899,GOOGL
10-10-2016,803.93,817.38,802.24,814.17,1496115,GOOGL
11-10-2016,814.17,819.86,807.37,809.57,1721575,GOOGL
12-10-2016,811.96,814.5,808.55,811.77,907876,GOOGL
13-10-2016,806.07,806.56,798.62,804.08,1368981,GOOGL
14-10-2016,807.45,810.09,802.32,804.6,1111934,GOOGL
17-10-2016,805.99,813.49,803.83,806.84,1056367,GOOGL
18-10-2016,814.21,828.81,813.33,821.49,2289265,GOOGL
19-10-2016,824.52,829.81,823.21,827.09,1500142,GOOGL
20-10-2016,827.56,828.47,820.55,821.63,1393870,GOOGL
21-10-2016,820,824.29,818.31,824.06,1615814,GOOGL
24-10-2016,830.09,837.94,829.04,835.74,1447616,GOOGL
25-10-2016,838.5,838.5,825.3,828.55,1890712,GOOGL
26-10-2016,827.12,827.71,816.35,822.1,1794868,GOOGL
27-10-2016,823.01,826.58,814.61,817.35,2973486,GOOGL
28-10-2016,829.94,839,817,819.56,4354884,GOOGL
31-10-2016,822.43,822.63,808,809.9,2242679,GOOGL
01-11-2016,810.87,813.96,798.26,805.48,2355890,GOOGL
02-11-2016,806.76,806.76,785,788.42,2350736,GOOGL
03-11-2016,784.5,790,778.63,782.19,2175216,GOOGL
04-11-2016,771.3,788.48,771,781.1,1970603,GOOGL
07-11-2016,794.95,805,792.9,802.03,1992570,GOOGL
08-11-2016,802.03,816.04,799.62,811.98,1769069,GOOGL
09-11-2016,801.83,811.71,792.04,805.59,3098510,GOOGL
10-11-2016,810,810.06,768.23,780.29,5909609,GOOGL
11-11-2016,776.81,777.29,765.54,771.75,3592641,GOOGL
14-11-2016,771.76,771.78,743.59,753.22,3688274,GOOGL
15-11-2016,765.47,780.24,765.22,775.16,2943889,GOOGL
16-11-2016,770.42,783.5,766.33,779.98,1798360,GOOGL
17-11-2016,782.5,788.9,779.85,786.16,1533679,GOOGL
18-11-2016,787.17,791.29,775.35,775.97,1806264,GOOGL
21-11-2016,778.1,786.55,776.3,784.8,1630835,GOOGL
22-11-2016,788.99,793.77,783.74,785,1394174,GOOGL
23-11-2016,789.52,789.52,772.65,779,1312981,GOOGL
25-11-2016,782.61,782.9,778.19,780.23,613549,GOOGL
28-11-2016,778.35,799.74,778.1,785.79,2575432,GOOGL
29-11-2016,788.38,796.44,785.34,789.44,1561981,GOOGL
30-11-2016,789.1,791.51,773.15,775.88,2279054,GOOGL
01-12-2016,778.55,778.6,753.36,764.33,2867074,GOOGL
02-12-2016,761.9,770.5,759,764.46,1718846,GOOGL
05-12-2016,770,780,766.97,778.22,1688473,GOOGL
06-12-2016,780.19,785.28,773.32,776.18,1734099,GOOGL
07-12-2016,779.95,792,773.53,791.47,2029415,GOOGL
08-12-2016,792.95,799,787.91,795.17,1612531,GOOGL
09-12-2016,799.3,809.95,798.05,809.45,1904463,GOOGL
12-12-2016,804.82,811.35,804.53,807.9,1628602,GOOGL
13-12-2016,812.39,824.3,811.94,815.34,2128210,GOOGL
14-12-2016,815.92,824.26,812.78,817.89,1799654,GOOGL
15-12-2016,817.36,823,812,815.65,1769719,GOOGL
16-12-2016,818.31,819.2,808.12,809.84,2598866,GOOGL
19-12-2016,809.28,816.22,804.5,812.5,1263581,GOOGL
20-12-2016,813.37,816.49,811,815.2,1271883,GOOGL
21-12-2016,815.72,815.72,805.1,812.2,1459628,GOOGL
22-12-2016,809.1,811.07,806.03,809.68,1132119,GOOGL
23-12-2016,808.01,810.97,805.11,807.8,765537,GOOGL
27-12-2016,808.68,816,805.8,809.93,975962,GOOGL
28-12-2016,813.33,813.33,802.44,804.57,1214756,GOOGL
29-12-2016,802.33,805.75,798.14,802.88,1057392,GOOGL
30-12-2016,803.21,803.29,789.62,792.45,1735879,GOOGL
03-01-2017,800.62,811.44,796.89,808.01,1959033,GOOGL
04-01-2017,809.89,813.43,804.11,807.77,1515339,GOOGL
05-01-2017,807.5,813.74,805.92,813.02,1340535,GOOGL
06-01-2017,814.99,828.96,811.5,825.21,2017097,GOOGL
09-01-2017,826.37,830.43,821.62,827.18,1408924,GOOGL
10-01-2017,827.07,829.41,823.14,826.01,1197442,GOOGL
11-01-2017,826.62,829.9,821.47,829.86,1325394,GOOGL
12-01-2017,828.38,830.38,821.01,829.53,1350308,GOOGL
13-01-2017,831,834.65,829.52,830.94,1290182,GOOGL
17-01-2017,830,830.18,823.2,827.46,1440905,GOOGL
18-01-2017,829.8,829.81,824.08,829.02,1027698,GOOGL
19-01-2017,829,833,823.96,824.37,1070454,GOOGL
20-01-2017,829.09,829.24,824.6,828.17,1306183,GOOGL
23-01-2017,831.61,845.54,828.7,844.43,2457377,GOOGL
24-01-2017,846.98,851.52,842.28,849.53,1688375,GOOGL
25-01-2017,853.55,858.79,849.74,858.45,1662148,GOOGL
26-01-2017,859.05,861,850.52,856.98,3493251,GOOGL
27-01-2017,859,867,841.9,845.03,3752497,GOOGL
30-01-2017,837.06,837.23,821.03,823.83,3516933,GOOGL
31-01-2017,819.5,823.07,813.4,820.19,2020180,GOOGL
01-02-2017,824,824,812.25,815.24,2251047,GOOGL
02-02-2017,815,824.56,812.05,818.26,1689179,GOOGL
03-02-2017,823.13,826.13,819.35,820.13,1528095,GOOGL
06-02-2017,820.92,822.39,814.29,821.62,1350875,GOOGL
07-02-2017,825.5,831.92,823.29,829.23,1666605,GOOGL
08-02-2017,830.53,834.25,825.11,829.88,1302225,GOOGL
09-02-2017,831.73,831.98,826.5,830.06,1194238,GOOGL
10-02-2017,832.95,837.15,830.51,834.85,1415128,GOOGL
13-02-2017,837.7,841.74,836.25,838.96,1295708,GOOGL
14-02-2017,839.77,842,835.83,840.03,1363345,GOOGL
15-02-2017,838.81,841.77,836.22,837.32,1357185,GOOGL
16-02-2017,838.5,842.69,837.26,842.17,1005084,GOOGL
17-02-2017,841.31,846.94,839.78,846.55,1461210,GOOGL
21-02-2017,847.99,852.2,846.55,849.27,1261062,GOOGL
22-02-2017,848,853.79,846.71,851.36,1224889,GOOGL
23-02-2017,851.08,852.62,842.5,851,1386681,GOOGL
24-02-2017,847.65,848.36,842.96,847.81,1346189,GOOGL
27-02-2017,844.95,850.67,843.01,849.67,1010333,GOOGL
28-02-2017,847.35,848.83,841.44,844.93,1383119,GOOGL
01-03-2017,851.38,858,849.02,856.75,1818671,GOOGL
02-03-2017,856.31,856.49,848.72,849.85,1250938,GOOGL
03-03-2017,848.94,850.82,844.71,849.08,1006612,GOOGL
06-03-2017,846.86,848.94,841.17,847.27,1047872,GOOGL
07-03-2017,847.26,853.33,845.52,851.15,1038696,GOOGL
08-03-2017,853.12,856.93,851.25,853.64,1029834,GOOGL
09-03-2017,853.69,860.71,852.67,857.84,1347697,GOOGL
10-03-2017,862.7,864.23,857.61,861.41,1336585,GOOGL
13-03-2017,860.83,867.13,860.82,864.58,1166605,GOOGL
14-03-2017,863.75,867.58,860.13,865.91,1061692,GOOGL
15-03-2017,867.94,869.88,861.3,868.39,1332885,GOOGL
16-03-2017,870.53,872.71,867.52,870,1104452,GOOGL
17-03-2017,873.68,874.42,868.37,872.37,1868252,GOOGL
20-03-2017,869.48,870.34,864.67,867.91,1542199,GOOGL
21-03-2017,870.06,873.47,847.69,850.14,2537978,GOOGL
22-03-2017,849.48,855.35,847,849.8,1366749,GOOGL
23-03-2017,841.39,841.69,833,839.65,3287669,GOOGL
24-03-2017,842,844,829.1,835.14,2105682,GOOGL
27-03-2017,828.09,841.38,824.3,838.51,1935211,GOOGL
28-03-2017,839.69,845.4,832.27,840.63,1519202,GOOGL
29-03-2017,842.75,851.59,841.38,849.87,1457347,GOOGL
30-03-2017,851.98,852,846.77,849.48,949398,GOOGL
31-03-2017,846.83,849.56,845.24,847.8,1440982,GOOGL
03-04-2017,848.75,859,847.53,856.75,1969402,GOOGL
04-04-2017,848,853,847.51,852.57,1348494,GOOGL
05-04-2017,854.71,860.59,847.52,848.91,1855153,GOOGL
06-04-2017,849.5,853.59,844,845.1,1533564,GOOGL
07-04-2017,845,845.88,837.3,842.1,1110404,GOOGL
10-04-2017,841.54,846.74,840.79,841.7,1046215,GOOGL
11-04-2017,841.7,844.63,834.6,839.88,974343,GOOGL
12-04-2017,838.46,843.72,837.59,841.46,1135775,GOOGL
13-04-2017,841.04,843.73,837.85,840.18,1073650,GOOGL
17-04-2017,841.38,855.64,841.03,855.13,1049125,GOOGL
18-04-2017,852.54,857.39,851.25,853.99,936201,GOOGL
19-04-2017,857.39,860.2,853.53,856.51,1080336,GOOGL
20-04-2017,859.74,863.93,857.5,860.08,1188843,GOOGL
21-04-2017,860.62,862.44,857.73,858.95,1172870,GOOGL
24-04-2017,868.44,879.96,866.11,878.93,1696483,GOOGL
25-04-2017,882.26,892.25,879.28,888.84,2038032,GOOGL
26-04-2017,891.39,892.99,885.15,889.14,1323297,GOOGL
27-04-2017,890,893.38,887.18,891.44,2342303,GOOGL
28-04-2017,929,935.9,923.22,924.52,3845857,GOOGL
01-05-2017,924.15,935.82,920.8,932.82,2327782,GOOGL
02-05-2017,933.27,942.99,931,937.09,1751292,GOOGL
03-05-2017,936.05,950.2,935.21,948.45,1824759,GOOGL
04-05-2017,950.29,959.14,947.37,954.72,1938260,GOOGL
05-05-2017,956.72,958.44,948.1,950.28,1615548,GOOGL
08-05-2017,947.45,960.99,947.4,958.69,1876690,GOOGL
09-05-2017,961.33,962.2,954.4,956.71,1687942,GOOGL
10-05-2017,956.22,956.71,949.84,954.84,1145969,GOOGL
11-05-2017,951.29,957.99,948.61,955.89,1031093,GOOGL
12-05-2017,957.85,957.98,952.06,955.14,1214851,GOOGL
15-05-2017,955.29,962.7,952.82,959.22,1337697,GOOGL
16-05-2017,963.55,965.9,960.35,964.61,1101544,GOOGL
17-05-2017,959.7,960.99,940.06,942.17,2449058,GOOGL
18-05-2017,943.2,954.18,941.27,950.5,1800465,GOOGL
19-05-2017,952.82,959.56,952,954.65,1360299,GOOGL
22-05-2017,957,964.82,956.56,964.07,1387392,GOOGL
23-05-2017,969.96,974.51,964.5,970.55,1545421,GOOGL
24-05-2017,975.26,978.12,971.63,977.61,1142488,GOOGL
25-05-2017,979,995.78,977.82,991.86,1954149,GOOGL
26-05-2017,992,996.39,987.36,993.27,1636416,GOOGL
30-05-2017,992.5,997.62,991.36,996.17,1516685,GOOGL
31-05-2017,996.21,999.6,981.68,987.09,1724095,GOOGL
01-06-2017,990.96,993.14,981.29,988.29,1306384,GOOGL
02-06-2017,988.59,996.48,987.07,996.12,1735469,GOOGL
05-06-2017,997.89,1007.4,995.45,1003.88,1378916,GOOGL
06-06-2017,1003.31,1008.61,994.8,996.68,1552114,GOOGL
07-06-2017,998.82,1003.91,995.81,1001.59,1374097,GOOGL
08-06-2017,1004.23,1005.6,996.62,1004.28,1687925,GOOGL
09-06-2017,1005.49,1005.5,953.37,970.12,3647857,GOOGL
12-06-2017,958.72,968,936.8,961.81,4202109,GOOGL
13-06-2017,972.04,977.91,962.01,970.5,2005356,GOOGL
14-06-2017,975.5,979.7,959.51,967.93,1505486,GOOGL
15-06-2017,948.02,960.68,940.37,960.18,2427639,GOOGL
16-06-2017,957.91,959.95,948.7,958.62,2559207,GOOGL
19-06-2017,969.65,979.3,968.2,975.22,1468837,GOOGL
20-06-2017,975.31,980.79,968.2,968.99,1297287,GOOGL
21-06-2017,970.79,979.67,969.16,978.59,1161607,GOOGL
22-06-2017,976.87,980.5,973.31,976.62,1009476,GOOGL
23-06-2017,975.5,986.62,974.46,986.09,1563985,GOOGL
26-06-2017,990,993.99,970.33,972.09,1517912,GOOGL
27-06-2017,961.6,967.22,947.09,948.09,2443602,GOOGL
28-06-2017,950.66,963.24,936.16,961.01,2745568,GOOGL
29-06-2017,951.35,951.66,929.6,937.82,3206674,GOOGL
30-06-2017,943.99,945,929.61,929.68,2287662,GOOGL
03-07-2017,933.22,934.24,915.31,919.46,1694811,GOOGL
05-07-2017,924.2,936.29,918.63,932.26,2094055,GOOGL
06-07-2017,925,936.14,919.85,927.69,2014855,GOOGL
07-07-2017,930.99,944.66,929.79,940.81,1663302,GOOGL
10-07-2017,941.95,953.13,941.95,951,1451460,GOOGL
11-07-2017,950.52,954.89,945.12,953.53,1461247,GOOGL
12-07-2017,960.86,969.63,957.04,967.66,1602115,GOOGL
13-07-2017,970.8,978.7,964.8,968.85,1524571,GOOGL
14-07-2017,974,977.54,970.15,976.91,1079608,GOOGL
17-07-2017,976.32,983.35,970.8,975.96,1660464,GOOGL
18-07-2017,973.36,990.85,972.04,986.95,1413335,GOOGL
19-07-2017,990.01,995.6,987.01,992.77,1412148,GOOGL
20-07-2017,997,998.68,984.62,992.19,1418385,GOOGL
21-07-2017,989,995.11,984.17,993.84,1463322,GOOGL
24-07-2017,994.1,1006.19,990.27,998.31,3984532,GOOGL
25-07-2017,970.7,976.73,963.8,969.03,5933602,GOOGL
26-07-2017,972.78,973.95,960.23,965.31,2221625,GOOGL
27-07-2017,969.18,969.52,937.06,952.51,3717900,GOOGL
28-07-2017,947.99,961.79,945.31,958.33,1813794,GOOGL
31-07-2017,960,961.19,941.73,945.5,2293389,GOOGL
01-08-2017,947.81,954.49,944.96,946.56,1332456,GOOGL
02-08-2017,948.37,949.1,932.52,947.64,2039418,GOOGL
03-08-2017,949.1,950,939.44,940.3,1123921,GOOGL
04-08-2017,943.95,947.54,939.8,945.79,1254574,GOOGL
07-08-2017,947.52,948.96,943.5,945.75,1445754,GOOGL
08-08-2017,944.29,952.49,942.48,944.19,1505064,GOOGL
09-08-2017,938.45,943.76,933.92,940.08,1400852,GOOGL
10-08-2017,935,936.3,921.78,923.59,2707393,GOOGL
11-08-2017,923.71,933.36,921.22,930.09,1616708,GOOGL
14-08-2017,939.07,941.04,934.49,938.93,1150612,GOOGL
15-08-2017,941.03,943.07,936.64,938.08,1106484,GOOGL
16-08-2017,941.25,949.9,940.04,944.27,1345261,GOOGL
17-08-2017,942.95,943.81,927.64,927.66,1695694,GOOGL
18-08-2017,926.98,931.02,923.45,926.18,1337404,GOOGL
21-08-2017,925.77,928.25,918.6,920.87,1301243,GOOGL
22-08-2017,926.96,941.96,926.17,940.4,1775099,GOOGL
23-08-2017,937,945.43,935.24,942.58,1134464,GOOGL
24-08-2017,943.71,946.31,930.74,936.89,1294559,GOOGL
25-08-2017,939.21,940.73,930.1,930.5,1187313,GOOGL
28-08-2017,931.88,934.85,926.11,928.13,1049397,GOOGL
29-08-2017,919.95,938.19,919.31,935.75,1158576,GOOGL
30-08-2017,935.67,945.86,934.05,943.63,1120342,GOOGL
31-08-2017,946.3,957.2,946.25,955.24,1693313,GOOGL
01-09-2017,957.47,958.33,950.28,951.99,1042885,GOOGL
05-09-2017,946.86,951.39,935.6,941.48,1460830,GOOGL
06-09-2017,943.87,944.5,932.68,942.02,1391529,GOOGL
07-09-2017,944.25,950.5,937.53,949.89,1116575,GOOGL
08-09-2017,949.7,950.7,940.01,941.41,999916,GOOGL
11-09-2017,947.2,952.68,941,943.29,1337365,GOOGL
12-09-2017,946.92,948.09,937.5,946.65,1284787,GOOGL
13-09-2017,945.5,952.85,944.74,950.44,1095382,GOOGL
14-09-2017,946,948.03,938.36,940.13,1427379,GOOGL
15-09-2017,940.09,941.75,931.25,935.29,1994265,GOOGL
18-09-2017,935.01,936.86,925.4,929.75,1473651,GOOGL
19-09-2017,933.41,937.94,926.66,936.86,1242726,GOOGL
20-09-2017,937.73,950,937.5,947.54,2004018,GOOGL
21-09-2017,948.13,952.8,939.38,947.55,1370685,GOOGL
22-09-2017,942.77,950,940.84,943.26,1074806,GOOGL
25-09-2017,939.45,939.75,924.51,934.28,1873375,GOOGL
26-09-2017,936.69,944.08,935.12,937.43,1672749,GOOGL
27-09-2017,942.74,965.43,941.95,959.9,2334635,GOOGL
28-09-2017,956.25,966.18,955.55,964.81,1400931,GOOGL
29-09-2017,966,975.81,966,973.72,2031092,GOOGL
02-10-2017,975.65,977.74,961.95,967.47,1539122,GOOGL
03-10-2017,967.56,972.44,962.71,972.08,1083948,GOOGL
04-10-2017,971.76,974.4,965.61,966.78,1057769,GOOGL
05-10-2017,972.79,986.51,970.27,985.19,1780946,GOOGL
06-10-2017,980,994.26,978.51,993.64,1553033,GOOGL
09-10-2017,995,1000.46,991.5,992.31,1295467,GOOGL
10-10-2017,995.3,997.47,981.11,987.8,1163400,GOOGL
11-10-2017,989.04,1007.57,987.94,1005.65,1814999,GOOGL
12-10-2017,1003.84,1011.54,1001.1,1005.65,1530664,GOOGL
13-10-2017,1009.11,1014.76,1007.06,1007.87,1327632,GOOGL
16-10-2017,1009.63,1012,1001.52,1009.35,1071023,GOOGL
17-10-2017,1007.44,1014.56,1006.05,1011,1012998,GOOGL
18-10-2017,1011.05,1016.31,1005.32,1012.74,1279780,GOOGL
19-10-2017,1004.75,1007.32,997.3,1001.84,1714243,GOOGL
20-10-2017,1007.05,1008.65,1002.27,1005.07,1606031,GOOGL
23-10-2017,1005.18,1005.79,983.1,985.54,1639294,GOOGL
24-10-2017,986.5,989.26,977.08,988.49,1445129,GOOGL
25-10-2017,986.27,994.43,977.72,991.46,1528710,GOOGL
26-10-2017,998.47,1006.51,990.47,991.42,2369838,GOOGL
27-10-2017,1030.99,1063.62,1026.85,1033.67,5184143,GOOGL
30-10-2017,1029.16,1039.83,1022.33,1033.13,2340172,GOOGL
31-10-2017,1033,1041,1026.3,1033.04,1516278,GOOGL
01-11-2017,1036.32,1047.86,1034,1042.6,2163073,GOOGL
02-11-2017,1039.99,1045.52,1028.66,1042.97,1334697,GOOGL
03-11-2017,1042.75,1050.66,1037.65,1049.99,1388461,GOOGL
06-11-2017,1049.1,1052.59,1042,1042.68,914748,GOOGL
07-11-2017,1049.65,1053.41,1043,1052.39,1305229,GOOGL
08-11-2017,1050.05,1062.69,1047.05,1058.29,1214600,GOOGL
09-11-2017,1048,1050.88,1035.85,1047.72,1792071,GOOGL
10-11-2017,1043.87,1046.63,1041.22,1044.15,972127,GOOGL
13-11-2017,1040.8,1048.74,1039.26,1041.2,940721,GOOGL
14-11-2017,1037.72,1042.3,1029.33,1041.64,1050566,GOOGL
15-11-2017,1035,1039.63,1030.76,1036.41,905262,GOOGL
16-11-2017,1038.75,1051.76,1038,1048.47,1188392,GOOGL
17-11-2017,1049.8,1051,1033.73,1035.89,1335610,GOOGL
20-11-2017,1036,1038.69,1032.67,1034.66,876321,GOOGL
21-11-2017,1040.04,1050.39,1039.14,1050.3,1110341,GOOGL
22-11-2017,1051.16,1055.43,1047.25,1051.92,726898,GOOGL
24-11-2017,1054.39,1060.07,1051.92,1056.52,825369,GOOGL
27-11-2017,1058.57,1073.04,1054.77,1072.01,1771491,GOOGL
28-11-2017,1073.99,1080,1054.54,1063.29,1821171,GOOGL
29-11-2017,1056.18,1058.77,1029.65,1037.38,2793332,GOOGL
30-11-2017,1039.94,1044.14,1030.07,1036.17,2254590,GOOGL
01-12-2017,1030.41,1037.24,1016.9,1025.07,1888081,GOOGL
04-12-2017,1027.8,1031.34,1009.22,1011.87,1938861,GOOGL
05-12-2017,1010.99,1036.68,1002.32,1019.6,1949865,GOOGL
06-12-2017,1016.52,1039.58,1015.31,1032.72,1435549,GOOGL
07-12-2017,1036.07,1048.92,1035.36,1044.57,1543285,GOOGL
08-12-2017,1051.81,1056.42,1045.86,1049.38,1558472,GOOGL
11-12-2017,1051.11,1056,1044.12,1051.97,1162694,GOOGL
12-12-2017,1050,1062.5,1044.87,1048.77,1694061,GOOGL
13-12-2017,1052.08,1055.48,1046.58,1051.39,1384038,GOOGL
14-12-2017,1055.49,1067.08,1053.6,1057.47,1548139,GOOGL
15-12-2017,1063.78,1075.25,1060.09,1072,3187985,GOOGL
18-12-2017,1076.45,1086.49,1070.37,1085.09,1514601,GOOGL
19-12-2017,1083.02,1084.97,1072.27,1079.78,1317519,GOOGL
20-12-2017,1080.92,1081.23,1068.6,1073.56,1436391,GOOGL
21-12-2017,1075.39,1077.52,1069,1070.85,1282025,GOOGL
22-12-2017,1070,1071.72,1067.64,1068.86,889446,GOOGL
26-12-2017,1068.64,1068.86,1058.64,1065.85,918767,GOOGL
27-12-2017,1066.6,1068.27,1058.38,1060.2,1116203,GOOGL
28-12-2017,1062.25,1064.84,1053.38,1055.95,994249,GOOGL
29-12-2017,1055.49,1058.05,1052.7,1053.4,1180340,GOOGL
02-01-2018,1053.02,1075.98,1053.02,1073.21,1588268,GOOGL
03-01-2018,1073.93,1096.1,1073.43,1091.52,1565945,GOOGL
04-01-2018,1097.09,1104.08,1094.26,1095.76,1302569,GOOGL
05-01-2018,1103.45,1113.58,1101.8,1110.29,1512526,GOOGL
08-01-2018,1111,1119.16,1110,1114.21,1232221,GOOGL
09-01-2018,1118.44,1118.44,1108.2,1112.79,1340381,GOOGL
10-01-2018,1107,1112.78,1103.98,1110.14,1036655,GOOGL
11-01-2018,1112.31,1114.85,1106.48,1112.05,1121216,GOOGL
12-01-2018,1110.1,1131.3,1108.01,1130.65,1929306,GOOGL
16-01-2018,1140.31,1148.88,1126.66,1130.7,1823100,GOOGL
17-01-2018,1136.36,1139.32,1123.49,1139.1,1391510,GOOGL
18-01-2018,1139.35,1140.59,1124.46,1135.97,1374873,GOOGL
19-01-2018,1138.03,1143.78,1132.5,1143.5,1527554,GOOGL
22-01-2018,1143.82,1166.88,1141.82,1164.16,1477520,GOOGL
23-01-2018,1170.62,1178.51,1167.25,1176.17,1956865,GOOGL
24-01-2018,1184.98,1187.05,1167.4,1171.29,1856429,GOOGL
25-01-2018,1180.71,1185,1171.84,1182.14,1499247,GOOGL
26-01-2018,1187.53,1187.56,1168.03,1187.56,2108502,GOOGL
29-01-2018,1188,1198,1184.06,1186.48,1574708,GOOGL
30-01-2018,1177.72,1187.93,1174.51,1177.37,1866883,GOOGL
31-01-2018,1183.81,1186.32,1172.1,1182.22,1801135,GOOGL
01-02-2018,1175.99,1187.45,1169.36,1181.59,3675709,GOOGL
02-02-2018,1127.42,1131.3,1111.17,1119.2,5892122,GOOGL
05-02-2018,1100.61,1114.99,1056.74,1062.39,4177469,GOOGL
06-02-2018,1033.98,1087.38,1030.01,1084.43,3831524,GOOGL
07-02-2018,1084.97,1086.53,1054.62,1055.41,2597094,GOOGL
08-02-2013,75.17,75.61,74.73,75.48,8153254,JNJ
11-02-2013,75.28,75.5,75.05,75.41,5696686,JNJ
12-02-2013,75.42,75.86,75.42,75.8,7598678,JNJ
13-02-2013,75.79,75.87,75.37,75.66,8014788,JNJ
14-02-2013,75.5,76.09,75.38,75.81,9681846,JNJ
15-02-2013,75.72,76.16,75.51,76.16,10528944,JNJ
19-02-2013,76.03,77,75.96,76.96,9747837,JNJ
20-02-2013,76.79,76.97,76.54,76.65,7857256,JNJ
21-02-2013,76.47,77.02,76.38,76.87,9465651,JNJ
22-02-2013,76.39,76.49,75.97,76.25,8573208,JNJ
25-02-2013,76.47,76.66,75.57,75.57,10603590,JNJ
26-02-2013,75.88,76.34,75.5,75.75,10743210,JNJ
27-02-2013,75.68,76.45,75.6,76.32,8180393,JNJ
28-02-2013,76.23,76.49,76.11,76.11,11810494,JNJ
01-03-2013,75.79,76.77,75.73,76.7,9528387,JNJ
04-03-2013,76.73,77.28,76.73,77.2,12628151,JNJ
05-03-2013,77.56,77.71,77.44,77.66,9328078,JNJ
06-03-2013,77.69,77.74,77.22,77.39,8535851,JNJ
07-03-2013,77.62,77.96,77.59,77.75,7996489,JNJ
08-03-2013,77.84,78.22,77.7,78.19,8554283,JNJ
11-03-2013,77.92,78.52,77.84,78.44,8807527,JNJ
12-03-2013,78.5,78.69,78.21,78.56,8790845,JNJ
13-03-2013,78.52,78.67,78.2,78.55,7983720,JNJ
14-03-2013,78.67,79.1,78.49,79.1,10149230,JNJ
15-03-2013,78.62,79.24,78.62,79.19,18302441,JNJ
18-03-2013,78.72,79.19,78.7,78.81,8005457,JNJ
19-03-2013,78.98,79.09,78.5,78.86,7092364,JNJ
20-03-2013,79.18,79.61,79.17,79.45,7975120,JNJ
21-03-2013,79.12,79.5,78.77,79.01,8433701,JNJ
22-03-2013,79.11,79.74,79.02,79.74,6831380,JNJ
25-03-2013,79.83,79.94,79.47,79.68,9616509,JNJ
26-03-2013,79.93,80.88,79.85,80.85,12682754,JNJ
27-03-2013,80.56,81.35,80.27,81.27,10702998,JNJ
28-03-2013,81.37,81.59,80.95,81.53,11304546,JNJ
01-04-2013,81.39,81.97,81.28,81.93,7378460,JNJ
02-04-2013,82,82.69,81.9,82.69,10342171,JNJ
03-04-2013,82.74,82.95,81.57,82.07,12256304,JNJ
04-04-2013,82.2,82.72,81.93,82.41,10303375,JNJ
05-04-2013,81.79,82.11,81.62,82.04,8581618,JNJ
08-04-2013,81.27,81.39,80.31,81.11,15827395,JNJ
09-04-2013,81.26,81.75,81.24,81.52,9078243,JNJ
10-04-2013,81.83,82.2,81.74,82.02,7583115,JNJ
11-04-2013,82.14,82.96,82.08,82.32,9882669,JNJ
12-04-2013,82.25,82.74,82.17,82.74,6988194,JNJ
15-04-2013,82.72,83.09,81.71,81.71,12368612,JNJ
16-04-2013,82.33,83.54,82.07,83.44,12619019,JNJ
17-04-2013,83.36,84.43,83.29,83.9,13693285,JNJ
18-04-2013,83.96,84.3,83.03,83.18,9918341,JNJ
19-04-2013,83.51,84.57,83.47,84.49,10779317,JNJ
22-04-2013,84.59,84.93,84.2,84.83,6975292,JNJ
23-04-2013,84.99,85.68,84,85.45,8975954,JNJ
24-04-2013,85.68,85.74,84.28,84.39,9479780,JNJ
25-04-2013,84.54,85.44,84.34,85.22,8689408,JNJ
26-04-2013,85.3,85.49,84.81,85.12,6785201,JNJ
29-04-2013,85.02,85.89,84.91,85.58,8039781,JNJ
30-04-2013,85.39,85.7,84.89,85.23,12081848,JNJ
01-05-2013,84.5,85.13,83.88,84.23,12309501,JNJ
02-05-2013,84.44,85.21,84.17,85.16,8670010,JNJ
03-05-2013,85.58,85.99,85.45,85.75,9212094,JNJ
06-05-2013,85.78,85.78,84.55,84.68,8814788,JNJ
07-05-2013,84.87,85.57,84.63,85.53,9062990,JNJ
08-05-2013,85.48,85.6,84.93,85.46,8030714,JNJ
09-05-2013,85.45,85.69,84.96,85.15,8337717,JNJ
10-05-2013,85.29,85.76,85.18,85.76,7595332,JNJ
13-05-2013,85.56,86.07,85.44,85.85,6631430,JNJ
14-05-2013,85.76,87.08,85.76,86.97,10363203,JNJ
15-05-2013,86.94,87.88,86.94,87.64,13444477,JNJ
16-05-2013,87.33,87.77,87.06,87.45,9441996,JNJ
17-05-2013,87.47,88.2,87.41,88.09,11439298,JNJ
20-05-2013,88.1,88.2,87.81,88.01,7235784,JNJ
21-05-2013,87.94,88.64,87.79,88.59,10099587,JNJ
22-05-2013,88.7,89.99,88.2,88.46,13810803,JNJ
23-05-2013,87.11,87.97,87,87.21,14424194,JNJ
24-05-2013,86.8,87.03,86.49,86.82,10390046,JNJ
28-05-2013,87.54,88.29,87.27,87.61,8380624,JNJ
29-05-2013,87.08,87.16,85.14,85.65,11871743,JNJ
30-05-2013,85.71,86.31,85.68,85.99,7801107,JNJ
31-05-2013,85.68,85.99,84.18,84.18,13305355,JNJ
03-06-2013,84.28,84.71,83.37,84.71,11770398,JNJ
04-06-2013,84.72,85.03,83.56,84.1,9971961,JNJ
05-06-2013,83.91,85,83.48,83.68,9839006,JNJ
06-06-2013,83.59,84.46,82.65,84.46,10671700,JNJ
07-06-2013,84.96,85.18,84.4,84.91,8908732,JNJ
10-06-2013,85.01,85.71,84.73,85.14,8476975,JNJ
11-06-2013,84.76,85.02,84.13,84.69,8966971,JNJ
12-06-2013,85.18,85.5,83.7,83.74,8413194,JNJ
13-06-2013,83.6,84.96,83.08,84.91,8572402,JNJ
14-06-2013,84.71,85.48,84.66,84.91,6357030,JNJ
17-06-2013,85.37,86.41,84.98,85.63,8429068,JNJ
18-06-2013,85.75,86.44,85.63,86.36,7233633,JNJ
19-06-2013,86.43,86.5,84.8,84.86,8288194,JNJ
20-06-2013,84.21,84.45,82.12,82.62,15173632,JNJ
21-06-2013,83,84.32,82.5,83.2,20718487,JNJ
24-06-2013,82.92,85.31,82.81,84.61,14777498,JNJ
25-06-2013,85.16,85.59,84.54,85.35,11241086,JNJ
26-06-2013,85.95,87.32,85.94,86.99,11966641,JNJ
27-06-2013,87.53,87.82,86.49,86.71,8890310,JNJ
28-06-2013,86.72,87.38,85.85,85.86,11897743,JNJ
01-07-2013,85.72,87.64,85.5,86.63,9905779,JNJ
02-07-2013,86.65,87.2,86.21,86.57,8573755,JNJ
03-07-2013,86.72,87.04,86.1,86.78,3608615,JNJ
05-07-2013,87.58,87.88,86.92,87.87,5403508,JNJ
08-07-2013,88.09,88.99,87.97,88.59,12051669,JNJ
09-07-2013,88.65,89.08,88.36,88.88,9349609,JNJ
10-07-2013,88.88,89.48,88.81,89.24,7067188,JNJ
11-07-2013,89.81,89.93,89,89.67,8941210,JNJ
12-07-2013,89.69,89.99,89.38,89.99,7592485,JNJ
15-07-2013,89.91,90.81,89.76,90.4,13343236,JNJ
16-07-2013,91.04,91.66,90.13,90.4,11410317,JNJ
17-07-2013,90.58,90.97,89.88,90.13,12835285,JNJ
18-07-2013,90.33,90.95,90.06,90.17,8329613,JNJ
19-07-2013,90.24,92.27,90.05,92.23,12506366,JNJ
22-07-2013,92.08,92.56,91.61,92.28,9916889,JNJ
23-07-2013,92.39,92.86,92.11,92.42,8467834,JNJ
24-07-2013,92.65,92.66,91.75,92.36,6846208,JNJ
25-07-2013,92,92.75,91.75,92.57,7355636,JNJ
26-07-2013,92.32,92.93,91.65,92.83,8664292,JNJ
29-07-2013,92.63,93.39,92.61,93.21,7925734,JNJ
30-07-2013,93.47,93.97,93.02,93.17,8863057,JNJ
31-07-2013,93.23,94.42,93.19,93.5,11365654,JNJ
01-08-2013,94.16,94.4,93.71,93.77,11098955,JNJ
02-08-2013,93.56,94.39,93.45,94.39,8468725,JNJ
05-08-2013,94.05,94.3,93.43,93.8,7192420,JNJ
06-08-2013,93.88,93.94,93.5,93.81,6414982,JNJ
07-08-2013,93.6,94.03,93.47,93.66,9060926,JNJ
08-08-2013,94.27,94.37,92.71,93.34,11090305,JNJ
09-08-2013,93.39,93.39,91.78,92.36,12135904,JNJ
12-08-2013,92.08,92.77,91.76,92,11012407,JNJ
13-08-2013,91.89,93.35,91.76,93.01,10099808,JNJ
14-08-2013,92.79,92.95,90.51,90.7,12717722,JNJ
15-08-2013,90.32,90.41,89.09,89.55,12010672,JNJ
16-08-2013,89.13,89.8,88.77,89.37,14100923,JNJ
19-08-2013,89.47,91.25,89.35,90.45,8687032,JNJ
20-08-2013,90.55,91.65,89.73,89.73,8559068,JNJ
21-08-2013,89.47,89.63,88.68,88.8,7940700,JNJ
22-08-2013,88.76,89.03,88.12,88.26,7191852,JNJ
23-08-2013,87.93,88.44,87.21,88.41,7714511,JNJ
26-08-2013,88.36,88.48,87.39,87.53,6723482,JNJ
27-08-2013,86.97,87.08,85.96,86.17,9941186,JNJ
28-08-2013,86.36,86.91,85.88,86.53,8829179,JNJ
29-08-2013,86.41,87.14,85.99,86.57,5768849,JNJ
30-08-2013,86.78,86.78,85.85,86.41,7471522,JNJ
03-09-2013,86.89,87.3,86.03,86.42,7590512,JNJ
04-09-2013,86.46,87.25,86.25,86.9,8458849,JNJ
05-09-2013,87,87.17,86.62,87.04,5656291,JNJ
06-09-2013,87.22,87.92,86,87.16,10035452,JNJ
09-09-2013,87.39,87.6,87.01,87.56,6822403,JNJ
10-09-2013,88.14,88.58,87.85,88.53,8658856,JNJ
11-09-2013,88.63,89.27,88.15,89.23,8098283,JNJ
12-09-2013,89.3,89.57,88.88,89.01,7938942,JNJ
13-09-2013,89.13,89.25,88.21,88.57,7738679,JNJ
16-09-2013,89.43,89.57,88.83,89.03,7580544,JNJ
17-09-2013,89.05,89.22,88.58,89.06,6292099,JNJ
18-09-2013,88.91,89.91,88.3,89.91,10115451,JNJ
19-09-2013,90.05,90.2,89.79,90.07,6721349,JNJ
20-09-2013,90.2,90.72,89.68,89.68,14709212,JNJ
23-09-2013,89.43,89.75,88.81,89.09,7376343,JNJ
24-09-2013,89.02,89.2,88.15,88.22,7626473,JNJ
25-09-2013,88.42,88.47,87.07,87.08,7493027,JNJ
26-09-2013,87.28,87.7,86.72,87.07,6400181,JNJ
27-09-2013,86.81,86.94,86.44,86.73,5461071,JNJ
30-09-2013,86.33,86.95,86.15,86.69,7962314,JNJ
01-10-2013,86.59,87.49,86.26,87.47,6318781,JNJ
02-10-2013,87.13,87.29,86.44,87.29,6383361,JNJ
03-10-2013,87.19,87.4,86.28,86.58,7731275,JNJ
04-10-2013,86.82,87.42,86.56,87.31,6049955,JNJ
07-10-2013,86.7,86.98,86.29,86.59,5705238,JNJ
08-10-2013,86.62,86.74,85.57,85.61,8711718,JNJ
09-10-2013,85.93,86.23,85.5,85.96,8014226,JNJ
10-10-2013,86.72,87.78,86.7,87.78,8647855,JNJ
11-10-2013,88.62,89.48,88.02,89.45,8447844,JNJ
14-10-2013,88.83,89.89,88.63,89.8,9184293,JNJ
15-10-2013,90.33,91.46,89.93,89.93,11024237,JNJ
16-10-2013,90.42,91.17,90.16,91.11,8059465,JNJ
17-10-2013,90.87,92,90.77,91.97,8569649,JNJ
18-10-2013,91.75,92.05,91.14,91.63,9082602,JNJ
21-10-2013,91.63,91.63,90.77,91.2,6940488,JNJ
22-10-2013,91.53,92.56,91.5,92.36,9635464,JNJ
23-10-2013,92.07,92.43,91.52,92.1,6449625,JNJ
24-10-2013,92.65,92.99,92.14,92.35,5251016,JNJ
25-10-2013,92.04,92.27,91.78,92.09,6076014,JNJ
28-10-2013,91.96,92.8,91.92,92.39,6537894,JNJ
29-10-2013,92.8,93.18,92.58,93.14,6096833,JNJ
30-10-2013,93.27,93.45,92.65,92.79,6295422,JNJ
31-10-2013,92.85,93.35,92.32,92.61,7773908,JNJ
01-11-2013,92.38,93.58,92.38,93.37,6835898,JNJ
04-11-2013,93.46,93.5,92.43,93.03,6862530,JNJ
05-11-2013,92.54,92.95,92.28,92.81,5357054,JNJ
06-11-2013,93.03,93.2,92.72,93.04,5301288,JNJ
07-11-2013,93.19,93.35,92.69,92.69,6121393,JNJ
08-11-2013,92.63,94.1,92.56,94.05,7229531,JNJ
11-11-2013,93.97,94.64,93.94,94.29,4723227,JNJ
12-11-2013,93.98,94.09,93,93.56,7643136,JNJ
13-11-2013,93.36,93.45,92.32,93.34,8954411,JNJ
14-11-2013,93.4,94.14,93.4,93.92,7045742,JNJ
15-11-2013,93.63,94.4,93.55,94.39,7068584,JNJ
18-11-2013,94.36,94.6,94.01,94.3,8491988,JNJ
19-11-2013,94.27,94.92,94,94.86,6624211,JNJ
20-11-2013,94.94,95.47,94.66,95.15,7085659,JNJ
21-11-2013,95.46,95.75,95.05,95.2,6897627,JNJ
22-11-2013,94.39,95.58,94.39,95.25,6462244,JNJ
25-11-2013,95.49,95.99,95.08,95.63,6375396,JNJ
26-11-2013,95.58,95.87,94.97,95.06,7267610,JNJ
27-11-2013,95.34,95.37,94.61,94.98,4603769,JNJ
29-11-2013,95.23,95.5,94.43,94.66,4106795,JNJ
02-12-2013,94.41,94.66,93.97,94.28,5828580,JNJ
03-12-2013,94.2,94.56,93.51,93.97,9065252,JNJ
04-12-2013,93.76,94.25,93.13,93.63,6218496,JNJ
05-12-2013,93.42,93.63,92.66,92.97,8667604,JNJ
06-12-2013,93.6,94.48,93.42,94.44,7280472,JNJ
09-12-2013,94.3,94.48,93.7,94.44,6974541,JNJ
10-12-2013,94.58,94.79,93.96,94.14,7576606,JNJ
11-12-2013,94.4,94.45,93.03,93.11,9424296,JNJ
12-12-2013,92.84,92.86,91.07,91.16,12285664,JNJ
13-12-2013,91.46,91.86,91.08,91.35,7909466,JNJ
16-12-2013,91.42,92.32,91.16,91.37,6623019,JNJ
17-12-2013,91.3,91.33,90.5,90.66,8793968,JNJ
18-12-2013,90.95,92.66,89.77,92.64,9692564,JNJ
19-12-2013,92.4,92.4,91.42,91.98,7339601,JNJ
20-12-2013,91.95,92.75,91.95,92.09,11264971,JNJ
23-12-2013,92.56,92.68,91.76,92.03,5320255,JNJ
24-12-2013,92.18,92.39,91.85,92.06,3147331,JNJ
26-12-2013,91.99,92.54,91.77,92.54,3459501,JNJ
27-12-2013,92.77,92.96,92.18,92.35,3511614,JNJ
30-12-2013,92.16,92.3,91.73,92.3,4370142,JNJ
31-12-2013,92.17,92.22,91.15,91.59,6348274,JNJ
02-01-2014,91.14,91.73,91.01,91.03,5921167,JNJ
03-01-2014,91.29,92.22,91.26,91.85,5637762,JNJ
06-01-2014,91.93,92.75,91.87,92.33,7467811,JNJ
07-01-2014,93.04,94.62,92.99,94.29,11089742,JNJ
08-01-2014,94.17,94.6,93.88,94.16,9097188,JNJ
09-01-2014,94.94,95.38,94.09,94.73,7952774,JNJ
10-01-2014,94.64,94.98,94.14,94.74,6700178,JNJ
13-01-2014,94.37,94.99,94.06,94.5,9594869,JNJ
14-01-2014,94.6,94.9,94.32,94.72,7567457,JNJ
15-01-2014,94.65,95.27,94.51,94.8,7423588,JNJ
16-01-2014,94.6,95.09,94.23,94.64,8401397,JNJ
17-01-2014,94.72,95.17,94.38,95.06,13815121,JNJ
21-01-2014,94.93,95.1,92.62,94.03,16368694,JNJ
22-01-2014,93.99,94.55,93.54,94.32,8897354,JNJ
23-01-2014,93.74,93.8,92.41,92.74,9322328,JNJ
24-01-2014,92.12,92.61,90.61,90.61,10661597,JNJ
27-01-2014,90.3,90.76,89.85,89.94,8692336,JNJ
28-01-2014,90.58,90.6,89.79,90.1,8279490,JNJ
29-01-2014,89.47,89.71,88.53,88.9,11168264,JNJ
30-01-2014,89.62,89.78,89.01,89.5,6876827,JNJ
31-01-2014,89.01,89.34,88.15,88.47,12198893,JNJ
03-02-2014,88.75,88.78,86.61,86.78,13950813,JNJ
04-02-2014,86.93,87.28,86.09,86.62,11438774,JNJ
05-02-2014,86.49,87.67,86.48,87.28,10678430,JNJ
06-02-2014,87.63,88.76,87.55,88.75,10038015,JNJ
07-02-2014,88.92,90.04,88.61,90.04,9526254,JNJ
10-02-2014,90.24,91.08,89.8,91.07,8080445,JNJ
11-02-2014,91.09,92.97,90.95,92.97,11581143,JNJ
12-02-2014,92.95,92.99,91.95,92.42,7699343,JNJ
13-02-2014,92,92.62,91.71,92.56,5926351,JNJ
14-02-2014,92.6,92.95,92.03,92.76,5524615,JNJ
18-02-2014,92.77,92.85,92.09,92.17,6935397,JNJ
19-02-2014,92.15,92.75,91.57,91.64,7693621,JNJ
20-02-2014,91.69,92.73,91.31,92.38,8160140,JNJ
21-02-2014,91.86,92.25,91.45,91.52,7381439,JNJ
24-02-2014,91.45,92.06,91.1,91.11,8407203,JNJ
25-02-2014,91.59,91.87,90.66,91.11,6387063,JNJ
26-02-2014,91.11,91.54,90.77,91.11,6334213,JNJ
27-02-2014,91.16,91.42,90.75,91.36,7040593,JNJ
28-02-2014,91.42,92.64,91.06,92.12,9644505,JNJ
03-03-2014,91.13,91.98,90.83,91.56,7506726,JNJ
04-03-2014,92.47,93.46,92.25,93.34,8796989,JNJ
05-03-2014,93.27,93.3,92.38,92.59,6843672,JNJ
06-03-2014,93.19,93.65,92.82,92.89,7718786,JNJ
07-03-2014,93.37,93.48,92.69,93.32,6792275,JNJ
10-03-2014,93.17,93.49,92.79,93.45,4880978,JNJ
11-03-2014,93.71,93.75,93.09,93.49,5837194,JNJ
12-03-2014,92.82,93.62,92.65,93.6,6159381,JNJ
13-03-2014,93.85,94.2,92.98,93,7659366,JNJ
14-03-2014,92.88,93.44,92.46,92.81,7337843,JNJ
17-03-2014,93.26,94.18,93.18,93.93,5876845,JNJ
18-03-2014,93.9,94.24,93.48,93.94,5891904,JNJ
19-03-2014,93.89,94.36,92.92,93.59,5937603,JNJ
20-03-2014,93.52,94.19,92.96,94.12,5727520,JNJ
21-03-2014,94.77,95.93,93.88,95.93,24005402,JNJ
24-03-2014,95.3,95.43,94.54,95.2,13949809,JNJ
25-03-2014,95.7,97.7,95.7,97.38,14167327,JNJ
26-03-2014,97.51,98.47,97.05,97.05,11215165,JNJ
27-03-2014,97.08,97.7,96.26,97.28,8694613,JNJ
28-03-2014,97.51,98.22,96.96,97.44,8815993,JNJ
31-03-2014,98,98.6,97.61,98.23,7545682,JNJ
01-04-2014,98.31,98.68,97.37,97.94,7068696,JNJ
02-04-2014,98.01,98.39,97.37,98.23,7995623,JNJ
03-04-2014,97.97,98.34,97.53,98.26,5476117,JNJ
04-04-2014,98.62,99.38,98.32,98.42,10310236,JNJ
07-04-2014,98.39,99.36,97.83,97.89,11410399,JNJ
08-04-2014,98.03,98.73,97.5,98.06,9601881,JNJ
09-04-2014,98.42,99,97.78,98.95,8921922,JNJ
10-04-2014,98.86,98.93,96.52,96.54,9668076,JNJ
11-04-2014,96.2,97.2,96.05,96.87,8711166,JNJ
14-04-2014,97.28,97.36,96.25,97.14,8617844,JNJ
15-04-2014,98.45,99.21,98.05,99.2,14005235,JNJ
16-04-2014,99.57,99.71,98.07,98.75,11308070,JNJ
17-04-2014,98.69,99.65,98.69,98.96,9153584,JNJ
21-04-2014,99.01,100.13,98.67,100,7032062,JNJ
22-04-2014,100,100.75,99.74,100.18,7937911,JNJ
23-04-2014,100.24,100.56,99.92,100.22,5880223,JNJ
24-04-2014,100.24,100.37,99.55,99.96,6154027,JNJ
25-04-2014,99.97,100.26,99.4,99.79,5897880,JNJ
28-04-2014,100.56,101.5,100.12,101.34,8793329,JNJ
29-04-2014,101.63,101.98,100.96,101.03,7811264,JNJ
30-04-2014,100.84,101.67,100.7,101.29,8519913,JNJ
01-05-2014,100.77,101.03,99.93,100.53,6590499,JNJ
02-05-2014,100.17,100.38,98.88,99.31,8744242,JNJ
05-05-2014,99.29,100.17,99.04,100,5438240,JNJ
06-05-2014,100.02,100.02,99.51,99.51,5795969,JNJ
07-05-2014,99.85,101.05,99.35,100.91,8720814,JNJ
08-05-2014,100.67,101.09,100.36,100.5,5668825,JNJ
09-05-2014,100.86,101.25,100.41,100.91,5691707,JNJ
12-05-2014,101.24,101.24,100.42,100.52,7437341,JNJ
13-05-2014,100.9,101.49,100.63,101.02,6183174,JNJ
14-05-2014,100.95,101.1,100.77,100.87,4187810,JNJ
15-05-2014,100.64,100.84,100.41,100.69,7011935,JNJ
16-05-2014,100.57,100.89,100.14,100.58,6517090,JNJ
19-05-2014,100.22,100.93,100.13,100.64,6997400,JNJ
20-05-2014,100.81,100.98,99.96,100.25,5438763,JNJ
21-05-2014,100.6,101.2,100.53,101.14,5302472,JNJ
22-05-2014,100.58,101.01,100.08,100.96,5124957,JNJ
23-05-2014,101.04,101.16,100.67,100.98,5276064,JNJ
27-05-2014,101.1,101.36,100.27,100.81,4524361,JNJ
28-05-2014,100.67,100.93,100.12,100.3,4353776,JNJ
29-05-2014,100.56,100.8,100.15,100.76,3685692,JNJ
30-05-2014,100.7,101.54,100.55,101.46,5972931,JNJ
02-06-2014,101.54,102.26,101.01,102.17,5852618,JNJ
03-06-2014,101.91,102.6,101.84,102.46,6683665,JNJ
04-06-2014,102.23,102.71,101.94,102.68,5608597,JNJ
05-06-2014,102.78,103.36,102.42,103.22,4731051,JNJ
06-06-2014,103.25,103.33,102.84,103.18,4625104,JNJ
09-06-2014,103.07,103.23,102.68,103.22,3748814,JNJ
10-06-2014,103.47,104.12,102.77,104.1,5797720,JNJ
11-06-2014,103.81,104.15,103.13,103.32,5960610,JNJ
12-06-2014,103.18,103.21,102.51,102.53,5935011,JNJ
13-06-2014,102.51,102.65,102.17,102.53,4302188,JNJ
16-06-2014,102.52,102.89,101.84,102.45,5645516,JNJ
17-06-2014,102.13,102.2,101.38,101.93,4835591,JNJ
18-06-2014,101.91,102.83,101.86,102.81,5449119,JNJ
19-06-2014,102.93,103.87,102.81,103.81,5481511,JNJ
20-06-2014,104.37,105.48,104.07,105.27,12464629,JNJ
23-06-2014,104.91,105.12,104.44,104.75,6066848,JNJ
24-06-2014,104.63,105.23,104.55,104.59,5915291,JNJ
25-06-2014,104.23,105.87,104.23,105.76,6411062,JNJ
26-06-2014,105.84,105.97,105.03,105.65,5106917,JNJ
27-06-2014,105.47,105.59,104.45,104.99,6462995,JNJ
30-06-2014,105.62,106,104.52,104.62,6944226,JNJ
01-07-2014,105.15,106,104.99,105.87,5133942,JNJ
02-07-2014,105.7,105.97,105.3,105.86,3764939,JNJ
03-07-2014,105.87,106.25,105.11,105.42,4199082,JNJ
07-07-2014,105.42,106.74,105.27,106.47,7018503,JNJ
08-07-2014,106.21,106.25,105.52,105.72,6268373,JNJ
09-07-2014,106,106.21,105.72,106.04,5721371,JNJ
10-07-2014,105.08,106,104.52,105.8,4955123,JNJ
11-07-2014,105.84,106.01,104.86,105.1,5464127,JNJ
14-07-2014,105.38,105.49,105.11,105.38,7786696,JNJ
15-07-2014,105.23,105.47,102.77,103.28,14224802,JNJ
16-07-2014,103.53,103.67,101.95,102.22,11947879,JNJ
17-07-2014,101.9,102.1,100.26,100.37,11226538,JNJ
18-07-2014,100.67,101.96,100.37,101.8,8408731,JNJ
21-07-2014,101.44,101.58,101.02,101.27,6386413,JNJ
22-07-2014,101.91,102.54,101.78,102.47,6554213,JNJ
23-07-2014,102.8,102.93,101.88,102.19,4815975,JNJ
24-07-2014,102.34,102.73,102.02,102.2,5177227,JNJ
25-07-2014,102.27,102.4,101.8,102.11,3952062,JNJ
28-07-2014,101.89,102.4,101.66,102.11,4634905,JNJ
29-07-2014,102.45,102.51,101.69,101.96,6058738,JNJ
30-07-2014,102.27,102.85,101.81,102.3,5995785,JNJ
31-07-2014,101.77,101.84,100.05,100.09,9142218,JNJ
01-08-2014,99.76,100.41,98.8,99.9,8610725,JNJ
04-08-2014,99.99,100.38,99.32,100.16,6790846,JNJ
05-08-2014,99.83,100.24,99.55,99.82,6230883,JNJ
06-08-2014,99.67,100.83,99.6,100.71,7412322,JNJ
07-08-2014,101.09,101.19,99.58,99.93,7417911,JNJ
08-08-2014,100.21,101.15,99.77,101.08,5619629,JNJ
11-08-2014,101.62,101.78,101.01,101.16,5706553,JNJ
12-08-2014,101,101.22,100.31,100.63,4577733,JNJ
13-08-2014,101.15,101.95,101.15,101.74,4563668,JNJ
14-08-2014,101.89,102.05,101.5,102.02,5239445,JNJ
15-08-2014,102.21,102.44,100.8,101.17,6986145,JNJ
18-08-2014,101.92,102.72,101.75,102.7,5981073,JNJ
19-08-2014,102.73,102.96,102.02,102.96,5670017,JNJ
20-08-2014,102.87,103.3,102.7,103.21,5183142,JNJ
21-08-2014,103.33,104.42,103.33,104.19,8357633,JNJ
22-08-2014,103.63,104.03,102.97,103.1,5076573,JNJ
25-08-2014,103.65,103.81,103.09,103.23,3678216,JNJ
26-08-2014,103.47,103.72,103.17,103.44,3512447,JNJ
27-08-2014,103.6,103.72,102.91,103.22,4786441,JNJ
28-08-2014,102.9,103.19,102.71,102.95,3485694,JNJ
29-08-2014,103.1,103.76,103.01,103.73,5287778,JNJ
02-09-2014,103.3,103.71,103.02,103.36,4644820,JNJ
03-09-2014,103.82,104.1,103.54,103.76,4725840,JNJ
04-09-2014,103.99,104.1,103.76,103.84,6147742,JNJ
05-09-2014,103.92,104.42,103.34,104.42,5750803,JNJ
08-09-2014,104.42,104.58,103.83,104.05,4900319,JNJ
09-09-2014,104.4,104.4,103.55,103.8,6006566,JNJ
10-09-2014,104.19,105.34,103.96,104.99,7406861,JNJ
11-09-2014,104.78,104.89,104.1,104.55,4835853,JNJ
12-09-2014,104.54,104.81,103.96,104.58,5931020,JNJ
15-09-2014,104.59,104.91,104.35,104.72,4525564,JNJ
16-09-2014,104.49,105.94,104.3,105.88,6081537,JNJ
17-09-2014,105.88,106.63,105.8,106.19,6627848,JNJ
18-09-2014,106.18,107.41,106.03,107.35,6628840,JNJ
19-09-2014,107.89,108.37,107.62,107.99,13033621,JNJ
22-09-2014,108,108.25,107.78,107.88,5790392,JNJ
23-09-2014,107.77,108.1,107.19,107.46,8108322,JNJ
24-09-2014,107.7,108.77,107.34,108.64,5892456,JNJ
25-09-2014,108.53,108.55,107.07,107.1,5691811,JNJ
26-09-2014,107.41,107.49,106.2,107.1,4467569,JNJ
29-09-2014,106.38,106.65,106.04,106.54,6581602,JNJ
30-09-2014,106.5,107.21,106.45,106.59,6822524,JNJ
01-10-2014,105.98,106.28,103.95,104.3,12267373,JNJ
02-10-2014,104.06,104.54,103.25,103.85,7566157,JNJ
03-10-2014,104.23,105.19,104.13,105.13,6856127,JNJ
06-10-2014,105.68,106,104.37,104.86,5016549,JNJ
07-10-2014,104.46,104.46,102.34,102.39,8409384,JNJ
08-10-2014,102.43,105.03,102.04,104.91,8336957,JNJ
09-10-2014,104.63,104.86,101.79,102.08,10677257,JNJ
10-10-2014,102.35,102.53,101.23,101.23,9988521,JNJ
13-10-2014,101.46,101.46,99.02,99.12,10341254,JNJ
14-10-2014,100.53,100.9,95.34,97.01,20808277,JNJ
15-10-2014,96.05,98.72,95.1,98.21,21905946,JNJ
16-10-2014,96.97,98,96.5,96.78,14575531,JNJ
17-10-2014,97.54,99.15,97.31,98.7,12281405,JNJ
20-10-2014,98.83,99.2,98.32,99.2,7991982,JNJ
21-10-2014,99.83,100.38,99.34,100.36,7288282,JNJ
22-10-2014,101.1,101.79,100.52,101.22,9364649,JNJ
23-10-2014,102.26,102.98,101.94,102.63,7570675,JNJ
24-10-2014,102.95,103.29,102.21,103.13,5973242,JNJ
27-10-2014,103.07,104.24,103.04,104.07,7044535,JNJ
28-10-2014,104.55,104.8,103.56,104.79,10347753,JNJ
29-10-2014,105,105.56,104.86,105.56,8188368,JNJ
30-10-2014,105.17,107.05,104.91,107.04,9068343,JNJ
31-10-2014,107.94,108.18,107.26,107.78,10803709,JNJ
03-11-2014,107.83,108.12,106.75,107.46,7084618,JNJ
04-11-2014,107.89,108.73,107.34,108.62,9349214,JNJ
05-11-2014,109.05,109.26,107.95,108.82,6966795,JNJ
06-11-2014,108.93,109.32,108.55,109.01,6200277,JNJ
07-11-2014,109,109.03,107.92,108.2,6652571,JNJ
10-11-2014,108.07,108.92,107.2,108.82,7573288,JNJ
11-11-2014,108.88,109.4,108.55,108.91,6229047,JNJ
12-11-2014,108.67,109,108.39,108.75,4895939,JNJ
13-11-2014,109.05,109.49,108.5,109.07,4859955,JNJ
14-11-2014,108.92,109.06,108.01,108.16,5650746,JNJ
17-11-2014,108,108.69,107.61,108.3,5232983,JNJ
18-11-2014,108.13,109.06,107.72,108.83,5407151,JNJ
19-11-2014,108.45,108.81,108.1,108.76,5217829,JNJ
20-11-2014,108.55,108.57,107.69,108.18,8090667,JNJ
21-11-2014,108.73,108.73,107.62,107.86,8417378,JNJ
24-11-2014,107.92,108.23,106.64,106.88,9097994,JNJ
25-11-2014,106.98,107.19,106.7,106.7,7367894,JNJ
26-11-2014,106.77,107.25,106.6,107.21,5503702,JNJ
28-11-2014,107.61,108.82,107.33,108.25,5881239,JNJ
01-12-2014,107.89,108.81,107.35,108.03,5638779,JNJ
02-12-2014,107.97,108.53,107.5,108.51,6184380,JNJ
03-12-2014,108.54,108.99,107.65,107.72,8957411,JNJ
04-12-2014,108.09,108.3,107.38,107.56,6813598,JNJ
05-12-2014,107.53,108.74,107.22,108.51,6449739,JNJ
08-12-2014,108.42,108.88,108.14,108.52,6500735,JNJ
09-12-2014,108.22,108.47,106.89,108.05,7214300,JNJ
10-12-2014,107.61,107.96,106.15,106.24,9416414,JNJ
11-12-2014,105.85,107.31,105.36,106.72,7114640,JNJ
12-12-2014,106.65,106.87,104.39,104.43,8334704,JNJ
15-12-2014,104.77,105.06,103.63,103.96,12110559,JNJ
16-12-2014,103.48,105.21,102.5,102.76,10212440,JNJ
17-12-2014,103.27,104.49,102.7,104.07,10207637,JNJ
18-12-2014,105.62,106.82,104.74,106.81,11756825,JNJ
19-12-2014,106.63,107.39,105.5,105.55,19154418,JNJ
22-12-2014,105.69,106.83,105.67,106.74,8124539,JNJ
23-12-2014,106.66,106.91,103.92,104.28,10181076,JNJ
24-12-2014,104.38,105.33,104.38,104.59,3420184,JNJ
26-12-2014,105.07,105.69,104.69,105.06,2951001,JNJ
29-12-2014,104.64,105.69,104.61,105.33,4273424,JNJ
30-12-2014,105.42,105.8,105.06,105.36,4371735,JNJ
31-12-2014,105.61,106.11,104.54,104.57,6202118,JNJ
02-01-2015,105.05,105.55,104.13,104.52,5756961,JNJ
05-01-2015,104.48,104.73,103.68,103.79,8079279,JNJ
06-01-2015,104.34,104.99,102.94,103.28,7428022,JNJ
07-01-2015,103.91,105.83,103.81,105.56,7931714,JNJ
08-01-2015,106.06,106.49,105.75,106.39,9925854,JNJ
09-01-2015,106.5,106.5,104.75,104.94,7364760,JNJ
12-01-2015,105.17,105.82,104.3,104.58,6838966,JNJ
13-01-2015,105.44,106.33,104.24,104.76,10155188,JNJ
14-01-2015,103.86,104.43,103.51,104,8887694,JNJ
15-01-2015,102.97,103.93,101.95,102.49,10834811,JNJ
16-01-2015,102.06,104.62,102,104.04,14092276,JNJ
20-01-2015,101.55,102.05,100.26,101.29,20467800,JNJ
21-01-2015,100.56,102.1,100.4,101.9,11702890,JNJ
22-01-2015,102.39,103.83,101.57,103.76,9036608,JNJ
23-01-2015,102.94,102.97,101.94,102.2,10125960,JNJ
26-01-2015,101.8,102.45,101.21,102.26,8962787,JNJ
27-01-2015,101.83,102.77,100.93,102.09,10160531,JNJ
28-01-2015,102.48,102.93,101.44,101.48,9053222,JNJ
29-01-2015,101.51,102.46,100.67,102.38,7569330,JNJ
30-01-2015,101.58,102,100.09,100.14,10676345,JNJ
02-02-2015,100.49,100.85,99.38,100.83,8990701,JNJ
03-02-2015,101.4,102.56,101.12,102.46,10005207,JNJ
04-02-2015,102.12,102.45,101.02,101.36,9514074,JNJ
05-02-2015,101.57,102.56,101.46,102.46,6642224,JNJ
06-02-2015,102.11,102.45,100.83,101.1,9215663,JNJ
09-02-2015,101.06,101.06,99.1,99.78,9851745,JNJ
10-02-2015,100.19,100.7,99.43,100.35,12275450,JNJ
11-02-2015,100.46,100.79,99.95,100.38,8177011,JNJ
12-02-2015,100.5,100.54,97.15,98.44,25835156,JNJ
13-02-2015,98.44,99.67,98.33,99.62,11153595,JNJ
17-02-2015,99.39,100.48,99.12,100.44,8627082,JNJ
18-02-2015,100.7,100.94,99.38,99.96,7878157,JNJ
19-02-2015,99.95,100.84,99.61,100.7,10028180,JNJ
20-02-2015,100.18,100.37,99.11,100.26,10085673,JNJ
23-02-2015,100.74,100.77,99.8,100.18,6878246,JNJ
24-02-2015,100.25,101.05,100,100.7,6588073,JNJ
25-02-2015,100.94,101.29,100.16,101.21,9683963,JNJ
26-02-2015,101.38,103.18,101.22,102.8,11437890,JNJ
27-02-2015,103.04,103.33,102.48,102.51,8500014,JNJ
02-03-2015,102.86,103.41,102.7,103.22,7277612,JNJ
03-03-2015,103.1,103.1,101.81,102.34,6419659,JNJ
04-03-2015,102.12,102.12,101.17,101.65,8665474,JNJ
05-03-2015,102.07,103.21,102,102.52,8042336,JNJ
06-03-2015,102.09,102.43,99.88,100.11,9287621,JNJ
09-03-2015,100.2,100.92,99.76,100.66,5701061,JNJ
10-03-2015,99.99,100.44,99.51,99.53,8735743,JNJ
11-03-2015,99.83,99.83,98.22,98.32,9138141,JNJ
12-03-2015,98.96,100.24,98.83,99.83,8317996,JNJ
13-03-2015,99.85,100.05,98.64,99.21,7821813,JNJ
16-03-2015,99.74,101.07,99.74,101.06,7726509,JNJ
17-03-2015,100.11,100.52,99.41,99.89,7301526,JNJ
18-03-2015,99.89,101.74,99.13,101.46,7972458,JNJ
19-03-2015,101.04,101.96,100.91,101.69,6863107,JNJ
20-03-2015,101.87,102.9,101.76,102.4,12433761,JNJ
23-03-2015,102.47,103.35,102.23,102.98,9015961,JNJ
24-03-2015,102.83,103.23,101.93,101.96,8390708,JNJ
25-03-2015,101.85,102.5,100.34,100.34,8444099,JNJ
26-03-2015,99.95,100.81,99.56,100.14,9972373,JNJ
27-03-2015,100.28,100.95,100.15,100.34,5847382,JNJ
30-03-2015,101.24,101.86,100.76,101.55,6061170,JNJ
31-03-2015,100.97,101.49,100.59,100.6,8027954,JNJ
01-04-2015,100.46,100.46,98.61,99.15,11368126,JNJ
02-04-2015,99.44,99.99,98.89,99.64,6097146,JNJ
06-04-2015,98.84,99.56,98.04,99.16,9697623,JNJ
07-04-2015,99.55,100.87,99.43,100.1,7900303,JNJ
08-04-2015,99.84,100.45,99.6,100.16,7354110,JNJ
09-04-2015,100.57,101.65,100.33,101.33,8073887,JNJ
10-04-2015,101.33,102.14,100.93,102.06,6786456,JNJ
13-04-2015,101.54,101.98,100.55,100.55,10753497,JNJ
14-04-2015,101.05,101.46,100.19,100.52,9322175,JNJ
15-04-2015,100.54,101.24,100.33,100.6,8237103,JNJ
16-04-2015,100.27,100.32,99.77,99.79,7324783,JNJ
17-04-2015,99.37,99.85,99.11,99.58,11084248,JNJ
20-04-2015,100.26,100.88,100.05,100.21,6668541,JNJ
21-04-2015,100.66,100.99,100.16,100.3,6532698,JNJ
22-04-2015,100.63,100.8,99.96,100.43,4764283,JNJ
23-04-2015,100.5,100.82,99.91,100.46,7351494,JNJ
24-04-2015,100.11,101.53,100,101.08,6566915,JNJ
27-04-2015,101.16,101.6,100.47,100.58,9113861,JNJ
28-04-2015,100.45,100.95,99.31,100.74,7484612,JNJ
29-04-2015,100.51,100.61,99.9,100.39,8926249,JNJ
30-04-2015,100.07,100.15,98.77,99.2,10170628,JNJ
01-05-2015,99.62,100.39,99.62,100.13,6255973,JNJ
04-05-2015,100.33,100.55,100.16,100.35,5532387,JNJ
05-05-2015,100.13,100.29,99.29,99.5,8828129,JNJ
06-05-2015,99.62,99.87,98.66,99.17,8030769,JNJ
07-05-2015,98.94,100,98.91,99.66,6401552,JNJ
08-05-2015,100.48,101.67,100.44,101.47,7508622,JNJ
11-05-2015,101.32,101.66,101.01,101.03,5698884,JNJ
12-05-2015,100.88,101.05,100.28,100.47,6903070,JNJ
13-05-2015,100.68,101.13,100.47,100.55,5826750,JNJ
14-05-2015,100.97,101.87,100.95,101.83,5454009,JNJ
15-05-2015,101.98,102.32,101.67,102.3,6023543,JNJ
18-05-2015,102.37,104.34,102.32,103.42,10479584,JNJ
19-05-2015,103.66,104.12,103.25,103.96,7724081,JNJ
20-05-2015,104.42,104.48,103.31,103.6,7146547,JNJ
21-05-2015,102.91,103.3,102.34,102.42,6875627,JNJ
22-05-2015,102.27,102.41,101.33,101.35,6216965,JNJ
26-05-2015,101.23,101.55,100.58,100.82,7918872,JNJ
27-05-2015,101.01,101.41,100.8,101.13,9297934,JNJ
28-05-2015,101.01,101.7,100.81,101.15,5700051,JNJ
29-05-2015,101.55,101.62,99.83,100.14,9957798,JNJ
01-06-2015,100.28,100.6,99.72,100.04,7298085,JNJ
02-06-2015,99.92,100.24,99.1,99.98,8312446,JNJ
03-06-2015,100.32,100.43,99.84,100.09,5375153,JNJ
04-06-2015,99.94,100.47,99.06,99.23,8057860,JNJ
05-06-2015,98.99,99.05,98.2,98.59,7557268,JNJ
08-06-2015,98.6,98.98,97.96,97.96,7054613,JNJ
09-06-2015,98.44,98.54,97.8,98.21,7844315,JNJ
10-06-2015,98.48,99.55,98.2,98.88,10025139,JNJ
11-06-2015,99.2,99.8,98.83,99.24,6175188,JNJ
12-06-2015,98.88,99.23,98.12,98.35,8717217,JNJ
15-06-2015,97.75,97.87,97.01,97.49,6833452,JNJ
16-06-2015,97.5,98.49,97.1,98.36,6049522,JNJ
17-06-2015,98.38,99.12,98.15,98.73,6155753,JNJ
18-06-2015,98.86,100.55,98.71,100.36,8815756,JNJ
19-06-2015,99.88,100.2,99.78,99.86,11653584,JNJ
22-06-2015,100.6,100.84,99.99,100.09,5055871,JNJ
23-06-2015,100.1,100.36,99.48,99.78,6046627,JNJ
24-06-2015,99.51,99.81,99.07,99.33,7254699,JNJ
25-06-2015,99.5,99.98,99.11,99.12,6581098,JNJ
26-06-2015,99.43,100.13,99.12,99.64,9041052,JNJ
29-06-2015,98.98,99.35,97.62,97.68,11150902,JNJ
30-06-2015,98.43,98.45,97.3,97.46,8967911,JNJ
01-07-2015,98.3,98.68,97.64,98.47,6726694,JNJ
02-07-2015,98.85,99.02,98.32,98.44,6091886,JNJ
06-07-2015,97.71,98.5,96.64,98.2,6817796,JNJ
07-07-2015,98.63,98.98,97.52,98.92,7122569,JNJ
08-07-2015,98.42,98.59,97.69,97.77,6845543,JNJ
09-07-2015,99.05,99.54,98.4,98.4,7316390,JNJ
10-07-2015,99.78,99.89,99.09,99.53,6969285,JNJ
13-07-2015,100.05,100.48,99.87,100.27,6986321,JNJ
14-07-2015,99.26,99.88,98.55,99.78,9890556,JNJ
15-07-2015,99.76,100.94,99.63,100.42,7990325,JNJ
16-07-2015,100.95,101.36,100.78,101.11,5774981,JNJ
17-07-2015,100.89,100.91,99.96,100.08,8054183,JNJ
20-07-2015,100.5,100.65,100.1,100.37,5016152,JNJ
21-07-2015,100.6,100.81,100.07,100.34,5891640,JNJ
22-07-2015,100.41,100.71,99.73,100.18,6721856,JNJ
23-07-2015,100.5,100.6,100,100.2,5016148,JNJ
24-07-2015,99.75,99.95,99.05,99.15,6524173,JNJ
27-07-2015,98.97,98.99,97.92,98.28,8733993,JNJ
28-07-2015,98.89,99.23,98.42,99.02,7757505,JNJ
29-07-2015,99.26,100.05,99.05,99.73,7853488,JNJ
30-07-2015,99.8,100,99.38,99.84,5517401,JNJ
31-07-2015,100.34,100.98,99.96,100.21,6216815,JNJ
03-08-2015,100,100.21,99.23,100.02,6172519,JNJ
04-08-2015,100.41,100.5,99.65,99.8,6005340,JNJ
05-08-2015,100.57,101,100.35,100.52,4571280,JNJ
06-08-2015,100.49,100.6,99.01,99.07,6987963,JNJ
07-08-2015,99.02,99.07,98.16,98.85,6027855,JNJ
10-08-2015,99.57,100.06,99.45,99.79,6133458,JNJ
11-08-2015,99.05,99.34,98.77,99.01,6682636,JNJ
12-08-2015,98.4,98.73,97.41,98.71,7607491,JNJ
13-08-2015,98.74,98.98,98.15,98.48,5047960,JNJ
14-08-2015,98.33,98.83,97.87,98.81,5177310,JNJ
17-08-2015,98.44,99.88,98.06,99.87,6901809,JNJ
18-08-2015,99.24,99.68,99.02,99.37,7618826,JNJ
19-08-2015,99.18,99.99,98.78,99.31,7642349,JNJ
20-08-2015,98.95,100.12,98.79,98.79,10620430,JNJ
21-08-2015,97.22,98.52,95.51,95.56,16141529,JNJ
24-08-2015,91.08,95.21,81.79,92.82,25636323,JNJ
25-08-2015,95.69,95.7,90.4,90.73,15671123,JNJ
26-08-2015,92.91,95.22,91.46,95.11,14738289,JNJ
27-08-2015,96.1,96.4,94.35,96.22,11131225,JNJ
28-08-2015,95.93,96.29,94.38,95.17,9200294,JNJ
31-08-2015,94.88,95.17,93.58,93.98,9083511,JNJ
01-09-2015,92.29,92.89,91.46,92.09,14593543,JNJ
02-09-2015,93.45,93.47,92.5,93.35,11517391,JNJ
03-09-2015,93.66,94.09,92.26,92.64,9027240,JNJ
04-09-2015,91.58,91.88,90.57,91.31,10997186,JNJ
08-09-2015,93.09,93.98,92.51,93.94,11394069,JNJ
09-09-2015,94.99,95.16,92.03,92.22,7384549,JNJ
10-09-2015,92.11,93.48,91.62,92.72,8359464,JNJ
11-09-2015,92.44,93,91.8,92.93,7381327,JNJ
14-09-2015,92.9,93.91,92.51,93.32,7948727,JNJ
15-09-2015,93.79,94.75,93.19,94.4,7030679,JNJ
16-09-2015,94.49,94.82,93.82,94.61,5630442,JNJ
17-09-2015,94.53,96.19,94.32,94.84,8258048,JNJ
18-09-2015,94.08,94.72,93.25,93.39,14211147,JNJ
21-09-2015,93.87,94.6,92.37,93.13,7053655,JNJ
22-09-2015,92.26,93.44,91.88,93.24,10618668,JNJ
23-09-2015,93.21,93.7,92.56,92.99,5609270,JNJ
24-09-2015,92.52,92.94,91.78,92.48,7407588,JNJ
25-09-2015,92.93,93.13,90.76,91,10794367,JNJ
28-09-2015,90.7,92.07,89.9,91.37,14332752,JNJ
29-09-2015,92.24,93.84,91.83,93.04,11519966,JNJ
30-09-2015,94.13,94.47,92.59,93.35,10970101,JNJ
01-10-2015,93.43,93.85,91.76,93.17,9675937,JNJ
02-10-2015,92.14,93.97,91.84,93.93,8368056,JNJ
05-10-2015,94.19,94.82,94.08,94.76,9419198,JNJ
06-10-2015,94.52,94.66,92.58,93.42,8365247,JNJ
07-10-2015,94.26,95.42,93.44,94.98,9466389,JNJ
08-10-2015,94.71,95.2,93.81,95.08,7090710,JNJ
09-10-2015,95.14,95.96,94.78,95.37,8259654,JNJ
12-10-2015,95.07,96.47,94.98,95.99,8957937,JNJ
13-10-2015,94.79,96.23,94.31,95.45,12761886,JNJ
14-10-2015,95.21,95.96,94.12,94.53,8881871,JNJ
15-10-2015,95,97.35,94.86,97.15,9561891,JNJ
16-10-2015,97.87,98.31,97.4,98.24,9495256,JNJ
19-10-2015,98.05,98.2,97.31,97.94,8725430,JNJ
20-10-2015,97.95,98.25,97.31,97.59,6041789,JNJ
21-10-2015,97.64,98.22,97.07,97.63,7093295,JNJ
22-10-2015,97.85,99.81,97.13,99.53,9887929,JNJ
23-10-2015,99.88,100.88,99.53,100.31,9178873,JNJ
26-10-2015,100.05,100.28,99.49,99.94,7561604,JNJ
27-10-2015,99.92,100.9,99.7,100.19,8883164,JNJ
28-10-2015,100.45,100.48,99.5,100.48,7256317,JNJ
29-10-2015,100.47,101.53,100.12,101.37,6340702,JNJ
30-10-2015,101.53,102.12,101.01,101.03,10520339,JNJ
02-11-2015,101.18,102.34,100.84,102.17,6297939,JNJ
03-11-2015,101.84,102.3,101.11,101.96,6229192,JNJ
04-11-2015,101.9,102.39,101.69,101.94,5592309,JNJ
05-11-2015,102.25,102.49,101.42,102.33,6545590,JNJ
06-11-2015,101.57,101.92,100.86,101.92,6221110,JNJ
09-11-2015,101.39,101.59,100.55,100.84,6625850,JNJ
10-11-2015,101,101.76,100.68,101.45,5114204,JNJ
11-11-2015,101.78,102.36,101.5,101.86,6284749,JNJ
12-11-2015,101.14,101.61,100.22,100.27,6918671,JNJ
13-11-2015,100.04,100.94,99.74,99.88,8517537,JNJ
16-11-2015,100.38,101.29,100.04,101.22,5755804,JNJ
17-11-2015,101.34,101.71,100.88,101.5,5124025,JNJ
18-11-2015,101.53,102.8,101.31,102.67,7148429,JNJ
19-11-2015,102.66,102.68,102.06,102.49,5164480,JNJ
20-11-2015,102.49,102.8,102.2,102.48,7671517,JNJ
23-11-2015,102.39,103,102.19,102.77,6730605,JNJ
24-11-2015,101.81,102.79,101.81,102.04,7492381,JNJ
25-11-2015,102.17,102.33,101.96,101.96,5401491,JNJ
27-11-2015,102.28,102.62,101.79,102.37,2353779,JNJ
30-11-2015,102.48,102.48,101.24,101.24,8983655,JNJ
01-12-2015,101.73,102.49,101.12,102.36,7545986,JNJ
02-12-2015,102.5,102.93,101.99,102.05,6623500,JNJ
03-12-2015,102.27,102.37,100.31,100.79,12008737,JNJ
04-12-2015,101.4,103,101.28,102.95,7845387,JNJ
07-12-2015,102.61,103.49,102.6,103.32,7262911,JNJ
08-12-2015,102.98,103.24,101.91,102.42,8005368,JNJ
09-12-2015,102.14,103.34,101.67,102.15,7947010,JNJ
10-12-2015,102.3,103.34,101.8,102.64,6479272,JNJ
11-12-2015,102.37,102.37,101.43,101.68,7796497,JNJ
14-12-2015,101.65,102.29,100.78,102.15,10641483,JNJ
15-12-2015,102.65,104.69,102.65,104.13,9283193,JNJ
16-12-2015,104.64,105.49,103.52,105.25,8178826,JNJ
17-12-2015,105.16,105.26,103.63,103.64,8740832,JNJ
18-12-2015,103.08,103.08,101.95,101.95,14966025,JNJ
21-12-2015,102.34,102.92,100.85,101.58,8321937,JNJ
22-12-2015,101.91,102.88,101.15,102.71,5581632,JNJ
23-12-2015,103.11,103.67,102.74,103.49,5531671,JNJ
24-12-2015,103.12,103.91,103.01,103.72,2546278,JNJ
28-12-2015,103.18,103.47,102.93,103.22,4062986,JNJ
29-12-2015,103.34,104.19,103.34,104.03,4229973,JNJ
30-12-2015,104.11,104.34,103.53,103.78,3847819,JNJ
31-12-2015,103.37,103.62,102.69,102.72,4592603,JNJ
04-01-2016,101.71,101.81,99.45,100.48,12722756,JNJ
05-01-2016,100.58,101.44,100.57,100.9,6467235,JNJ
06-01-2016,99.82,100.97,99.6,100.39,7733825,JNJ
07-01-2016,99.31,100.09,98.88,99.22,9433097,JNJ
08-01-2016,99.88,99.94,97.85,98.16,9766711,JNJ
11-01-2016,98.24,98.63,96.08,97.57,8151427,JNJ
12-01-2016,97.99,98.63,97.24,98.24,6745013,JNJ
13-01-2016,98.49,98.98,96.84,97.02,8290689,JNJ
14-01-2016,97.1,99.47,97,98.89,10164344,JNJ
15-01-2016,96.37,98,96.25,97,12662181,JNJ
19-01-2016,97.93,98.41,96.9,97.5,12457849,JNJ
20-01-2016,96.11,97.28,94.53,95.75,12685151,JNJ
21-01-2016,95.77,96.64,94.28,95.94,11266449,JNJ
22-01-2016,97.02,97.09,95.95,96.75,8379951,JNJ
25-01-2016,96.72,97.69,96.04,96.4,9350181,JNJ
26-01-2016,97.26,101.34,97.14,101.18,17266649,JNJ
27-01-2016,100.49,103.38,100.49,102.16,19330465,JNJ
28-01-2016,102.5,103.04,101.85,102.27,12789459,JNJ
29-01-2016,102.89,104.75,102.63,104.44,15614567,JNJ
01-02-2016,103.61,104.79,103.22,104.37,9803745,JNJ
02-02-2016,103.3,104.26,103,103.41,10616349,JNJ
03-02-2016,103.65,104.38,102.01,104.14,10168633,JNJ
04-02-2016,103.61,104.09,102.73,103.9,10389000,JNJ
05-02-2016,102.66,102.77,99.78,100.54,15522154,JNJ
08-02-2016,100.31,103.51,100.22,102,14323776,JNJ
09-02-2016,101.31,102.24,100.97,101.97,10044539,JNJ
10-02-2016,102.05,102.91,101.37,101.73,9833124,JNJ
11-02-2016,100.46,102.02,99.98,101.7,12465832,JNJ
12-02-2016,101.82,101.98,100.72,101.82,9035013,JNJ
16-02-2016,102.37,103.05,101.65,102.32,10452827,JNJ
17-02-2016,102.75,103.24,102.23,102.5,8904013,JNJ
18-02-2016,102.83,104.68,102.5,104.24,10744647,JNJ
19-02-2016,103.58,104.68,103.38,104.16,9343260,JNJ
22-02-2016,104.44,104.75,104.05,104.75,6946975,JNJ
23-02-2016,104.65,104.79,103.96,104.08,6629181,JNJ
24-02-2016,103.34,105.08,102.97,104.96,9076094,JNJ
25-02-2016,104.95,106.39,104.77,106.38,8092468,JNJ
26-02-2016,106.82,106.92,105.42,105.78,9049441,JNJ
29-02-2016,105.28,106.2,105.04,105.21,10111077,JNJ
01-03-2016,105.9,107.24,105.44,107.22,8298471,JNJ
02-03-2016,106.91,107.41,106.43,107.04,9766977,JNJ
03-03-2016,106.82,107,105.63,106.65,6927155,JNJ
04-03-2016,106.51,106.98,106.07,106.5,6715668,JNJ
07-03-2016,106,106.92,105.49,106.74,6973521,JNJ
08-03-2016,106.52,106.77,105.97,106.22,7632880,JNJ
09-03-2016,106.84,107.02,106.09,106.84,7564238,JNJ
10-03-2016,106.99,107.48,106.07,107.14,10474747,JNJ
11-03-2016,107.5,107.99,107.21,107.71,7768990,JNJ
14-03-2016,107.92,108.3,107.31,107.66,7242758,JNJ
15-03-2016,107.62,108.35,106.76,107.76,8476598,JNJ
16-03-2016,107.73,107.78,106.88,107.41,7065081,JNJ
17-03-2016,107.47,107.6,106.45,106.74,8571010,JNJ
18-03-2016,106.99,107.84,106.36,107.5,14758303,JNJ
21-03-2016,107.41,107.75,106.55,107.28,7674706,JNJ
22-03-2016,107.28,107.63,107.05,107.38,7821676,JNJ
23-03-2016,107.29,108.83,107.2,108.5,8191313,JNJ
24-03-2016,108.22,108.61,107.75,108.31,6284486,JNJ
28-03-2016,108.41,108.9,108.06,108.23,4738112,JNJ
29-03-2016,108.3,109.25,107.74,109.14,6612787,JNJ
30-03-2016,109.45,109.56,108.93,108.98,5248182,JNJ
31-03-2016,108.86,108.98,108.04,108.2,8167693,JNJ
01-04-2016,108,109.29,107.69,109.19,9043232,JNJ
04-04-2016,108.82,109.1,108.26,108.59,10668885,JNJ
05-04-2016,108.23,109.84,108.01,108.95,7938961,JNJ
06-04-2016,108.72,109.5,107.88,109.42,6828705,JNJ
07-04-2016,109,109.62,108.63,109.27,7822916,JNJ
08-04-2016,109.37,109.64,108.76,109.1,6301634,JNJ
11-04-2016,109.15,109.62,108.65,108.97,6823922,JNJ
12-04-2016,109,110.24,108.75,109.6,8412327,JNJ
13-04-2016,110,110.35,109.31,109.87,5758284,JNJ
14-04-2016,110,110.29,109.45,109.84,4457099,JNJ
15-04-2016,110.07,110.4,109.5,110.18,10057921,JNJ
18-04-2016,110,111.1,109.67,110.93,7772549,JNJ
19-04-2016,111.65,113.95,111.48,112.68,10526437,JNJ
20-04-2016,113.19,114.19,113.05,113.58,8213383,JNJ
21-04-2016,113.31,113.73,112.77,113.57,7884452,JNJ
22-04-2016,113.43,113.75,112.83,113.32,7508690,JNJ
25-04-2016,113.31,113.55,112.48,113.51,6139854,JNJ
26-04-2016,113.45,113.56,112.65,112.91,5853561,JNJ
27-04-2016,112.96,113.2,112.46,112.77,5759301,JNJ
28-04-2016,112.1,112.71,111.64,112.48,6640041,JNJ
29-04-2016,112.06,112.22,111.51,112.08,7774512,JNJ
02-05-2016,112.22,112.79,111.93,112.75,5178847,JNJ
03-05-2016,112.56,113.1,112.12,112.69,7554529,JNJ
04-05-2016,112.04,112.54,111.7,112.22,5214649,JNJ
05-05-2016,112.08,113.1,112.04,112.88,5404341,JNJ
06-05-2016,112.58,113.05,112.28,112.74,6099860,JNJ
09-05-2016,112.98,113.99,112.73,113.72,6512715,JNJ
10-05-2016,114,115,113.92,114.67,8356411,JNJ
11-05-2016,114.57,114.76,114.31,114.37,6680655,JNJ
12-05-2016,114.5,114.76,113.54,114.23,7156263,JNJ
13-05-2016,113.9,114.09,113.36,113.56,6779907,JNJ
16-05-2016,113.39,114.63,113.31,114.44,6222861,JNJ
17-05-2016,114.54,114.56,113.24,113.83,9233911,JNJ
18-05-2016,113.61,114.03,112.88,113.59,8267933,JNJ
19-05-2016,112.99,113.04,112.2,112.86,8232205,JNJ
20-05-2016,112.2,112.92,111.76,112.64,7435203,JNJ
23-05-2016,112.77,112.82,112.04,112.16,6462321,JNJ
24-05-2016,112.52,113.5,112.52,112.69,6125259,JNJ
25-05-2016,113.18,113.73,112.85,113.35,5455518,JNJ
26-05-2016,113.11,113.32,112.85,112.9,3973550,JNJ
27-05-2016,113.04,113.34,112.69,113.06,4647024,JNJ
31-05-2016,113.26,113.63,112.32,112.69,10104705,JNJ
01-06-2016,112.57,113.06,112.07,112.78,4749563,JNJ
02-06-2016,112.87,114.65,112.86,114.49,7310801,JNJ
03-06-2016,114.47,115.39,114.12,114.76,6881721,JNJ
06-06-2016,114.97,116,114.93,115.77,6349758,JNJ
07-06-2016,116.01,116.23,115.45,115.73,6417404,JNJ
08-06-2016,115.52,115.95,115.41,115.8,5863782,JNJ
09-06-2016,115.78,117.19,115.61,117,7375474,JNJ
10-06-2016,116.74,117.23,116.36,117.01,6067428,JNJ
13-06-2016,117.13,117.64,116.79,116.79,7940893,JNJ
14-06-2016,116.45,117.18,116.3,117.12,6378395,JNJ
15-06-2016,117.64,117.74,116.34,116.41,6371378,JNJ
16-06-2016,115.69,116.89,115.22,116.64,6664815,JNJ
17-06-2016,116.62,116.67,115.01,115.48,10702199,JNJ
20-06-2016,116.6,117.14,116.43,116.54,5588202,JNJ
21-06-2016,116.99,117.15,116.18,116.18,5493490,JNJ
22-06-2016,116.54,117.21,116.31,116.46,5833754,JNJ
23-06-2016,117.2,117.38,116.68,117.38,6775873,JNJ
24-06-2016,115.07,117.12,115,115.63,13939481,JNJ
27-06-2016,115,116.64,115,116.55,10896051,JNJ
28-06-2016,117.17,118.37,116.55,118.23,10089587,JNJ
29-06-2016,118.84,119.41,118.1,119.33,8341454,JNJ
30-06-2016,119.18,121.41,119.16,121.3,11559922,JNJ
01-07-2016,121.54,121.54,120.79,121.29,7051358,JNJ
05-07-2016,121.36,123.23,121.34,122.27,9334141,JNJ
06-07-2016,121.93,122.66,121.54,122.64,9332366,JNJ
07-07-2016,122.59,122.81,122.01,122.51,6058727,JNJ
08-07-2016,123,123.1,121.96,122.85,6129913,JNJ
11-07-2016,122.71,123.45,122.41,122.93,6711586,JNJ
12-07-2016,122.65,123.2,122.61,122.92,6415861,JNJ
13-07-2016,122.68,123.4,122.3,123,5230819,JNJ
14-07-2016,122.98,123.74,122.91,123.18,5322718,JNJ
15-07-2016,123.77,124.3,122.71,123,7192765,JNJ
18-07-2016,123,123.22,122.44,123.14,6599199,JNJ
19-07-2016,124.78,125.75,123.34,125.25,11325700,JNJ
20-07-2016,125.84,126.07,125.04,125.14,7334633,JNJ
21-07-2016,125.21,125.74,124.89,125.15,5563937,JNJ
22-07-2016,125.12,125.35,124.65,125.03,5839195,JNJ
25-07-2016,125.07,125.13,124.14,124.89,4880569,JNJ
26-07-2016,125.03,125.55,124.75,125.15,5589861,JNJ
27-07-2016,125.1,125.23,124.34,124.77,4812634,JNJ
28-07-2016,124.98,125,124.41,124.46,4320393,JNJ
29-07-2016,124.34,125.32,124.34,125.23,7020910,JNJ
01-08-2016,125.31,125.71,125.1,125.4,4615103,JNJ
02-08-2016,125.65,125.9,124.48,124.85,7158693,JNJ
03-08-2016,125,125,123.69,123.9,5310641,JNJ
04-08-2016,124.24,124.39,123.64,123.86,4728165,JNJ
05-08-2016,124.38,124.38,123.76,124.24,5146935,JNJ
08-08-2016,124,124.15,123.23,123.65,5232469,JNJ
09-08-2016,123.91,124,123.33,123.43,3941488,JNJ
10-08-2016,123.59,123.78,123.24,123.36,4333466,JNJ
11-08-2016,123.85,124.14,123.47,123.77,4051971,JNJ
12-08-2016,123.47,123.77,122.95,123.22,4234841,JNJ
15-08-2016,123.12,123.27,122.28,122.31,6469495,JNJ
16-08-2016,122.11,122.32,120.06,120.33,11289111,JNJ
17-08-2016,120.5,121.33,119.85,121.31,10442818,JNJ
18-08-2016,121.17,121.39,119.9,120.73,8728000,JNJ
19-08-2016,119.91,119.99,119.32,119.92,7798299,JNJ
22-08-2016,119.9,119.9,118.95,119.13,6544864,JNJ
23-08-2016,119.67,119.96,119.02,119.44,5603177,JNJ
24-08-2016,119.48,119.61,118.62,118.71,6303942,JNJ
25-08-2016,118.86,119.21,118.33,118.57,5566048,JNJ
26-08-2016,118.84,119.74,118.56,119.04,6482673,JNJ
29-08-2016,119.3,120.13,119.06,119.92,5074924,JNJ
30-08-2016,120.67,120.67,119.26,119.47,3820510,JNJ
31-08-2016,119.54,119.62,119.01,119.34,5693081,JNJ
01-09-2016,119.19,119.39,118.6,119.08,4551792,JNJ
02-09-2016,119.36,119.81,118.9,119.32,5806365,JNJ
06-09-2016,119.78,119.97,119.36,119.75,5280652,JNJ
07-09-2016,119.84,119.95,119.44,119.61,4753760,JNJ
08-09-2016,119.37,119.82,119.14,119.47,4833010,JNJ
09-09-2016,119.03,119.16,118.18,118.23,7957267,JNJ
12-09-2016,117.76,119.45,117.38,119.16,7239795,JNJ
13-09-2016,118.42,118.83,117.49,117.61,7957869,JNJ
14-09-2016,117.85,118.33,117.46,117.86,6124894,JNJ
15-09-2016,117.81,118.94,117.32,118.63,5814900,JNJ
16-09-2016,118.51,119.14,118.12,118.25,12408779,JNJ
19-09-2016,118.36,118.66,117.64,117.66,5457633,JNJ
20-09-2016,118.17,118.24,117.69,117.95,5187716,JNJ
21-09-2016,117.95,119,117.64,118.91,6337292,JNJ
22-09-2016,119.25,119.84,119.14,119.46,5340466,JNJ
23-09-2016,119.41,119.6,118.71,118.81,4772980,JNJ
26-09-2016,118.63,118.64,117.56,117.78,5998854,JNJ
27-09-2016,118.39,119.22,117.72,119.22,5349466,JNJ
28-09-2016,119.05,119.52,118.81,119.39,5076091,JNJ
29-09-2016,118.88,119.27,117.04,117.27,6190185,JNJ
30-09-2016,117.78,118.62,117.39,118.13,7941065,JNJ
03-10-2016,118,119.01,117.43,118.81,6098589,JNJ
04-10-2016,118.84,119.48,118.28,118.82,5733934,JNJ
05-10-2016,119.22,119.44,118.6,119.18,5778691,JNJ
06-10-2016,118.5,118.85,117.92,118.75,4448450,JNJ
07-10-2016,119.17,119.57,118.69,119.24,4799292,JNJ
10-10-2016,119.51,120.2,119.35,119.8,3657049,JNJ
11-10-2016,119.41,119.63,117.06,117.64,6394159,JNJ
12-10-2016,117.96,118.43,117.5,117.97,4686022,JNJ
13-10-2016,117.54,119.2,117.28,118.26,7387365,JNJ
14-10-2016,118.5,118.8,117.56,117.56,5640519,JNJ
17-10-2016,117.5,118.55,117.5,118.49,6956374,JNJ
18-10-2016,117.38,118.48,115.16,115.41,12598255,JNJ
19-10-2016,115.57,115.89,114.46,114.59,7400937,JNJ
20-10-2016,114.83,115.7,114.59,114.87,6973009,JNJ
21-10-2016,114.11,114.24,112.99,113.44,8422032,JNJ
24-10-2016,113.93,114.19,113.44,113.61,6141858,JNJ
25-10-2016,113.64,114.16,113.09,113.96,5594989,JNJ
26-10-2016,113.64,115.22,113.6,114.56,6429241,JNJ
27-10-2016,114.98,116.55,114.79,115.7,7548667,JNJ
28-10-2016,115.82,115.91,114.57,115.33,8813324,JNJ
31-10-2016,115.28,116.23,114.5,115.99,8552528,JNJ
01-11-2016,114.76,115.94,114.63,115.34,7591930,JNJ
02-11-2016,115.52,115.76,114.83,114.86,6591318,JNJ
03-11-2016,114.88,115.44,114.75,115.03,6227110,JNJ
04-11-2016,115.04,115.94,115.04,115.11,7160570,JNJ
07-11-2016,115.89,116.72,115.84,116.66,6398177,JNJ
08-11-2016,116.48,117.57,116.47,117.05,6675268,JNJ
09-11-2016,120,122.5,118.1,120.31,16219977,JNJ
10-11-2016,120.77,121.1,119.02,119.54,11905170,JNJ
11-11-2016,119.49,119.49,118.13,118.47,8134783,JNJ
14-11-2016,118.58,118.99,116.5,116.6,10054905,JNJ
15-11-2016,116.4,116.69,115.82,116.32,7446670,JNJ
16-11-2016,116.65,116.78,116.08,116.36,6594838,JNJ
17-11-2016,116.68,116.68,116.12,116.57,5730329,JNJ
18-11-2016,115.79,115.92,114.81,115.36,7717773,JNJ
21-11-2016,115.44,115.68,114.8,115,5843313,JNJ
22-11-2016,114.59,115,112.27,112.74,11649748,JNJ
23-11-2016,112.25,113.43,111.56,113.07,8467037,JNJ
25-11-2016,113.6,114.23,113.38,114.13,3433340,JNJ
28-11-2016,113.79,114.12,113.05,113.13,9065730,JNJ
29-11-2016,112.95,113.41,112.17,112.48,7799649,JNJ
30-11-2016,112.19,112.52,111.3,111.3,11178468,JNJ
01-12-2016,111.36,111.54,111,111.38,8143287,JNJ
02-12-2016,111.72,112.53,111.44,111.96,6167740,JNJ
05-12-2016,112.4,112.42,111.73,111.94,5451568,JNJ
06-12-2016,112.24,113.2,111.85,112.06,6530358,JNJ
07-12-2016,111.89,111.89,109.32,111.1,11761134,JNJ
08-12-2016,110.54,111.2,109.93,110.99,7774945,JNJ
09-12-2016,111.41,112.43,111.2,112.26,7672088,JNJ
12-12-2016,112.69,115.4,112.58,115.36,9544063,JNJ
13-12-2016,115.53,115.97,115.01,115.89,7051623,JNJ
14-12-2016,116.12,117.3,114.58,114.99,9378704,JNJ
15-12-2016,115.33,115.92,114.89,115.89,6738083,JNJ
16-12-2016,116.41,116.46,115.46,115.88,11291124,JNJ
19-12-2016,116.07,116.66,115.94,116.02,6310789,JNJ
20-12-2016,115.98,116.25,114.91,115.66,5715163,JNJ
21-12-2016,116.2,116.2,114.74,115.31,5907740,JNJ
22-12-2016,115,115.53,113.88,115.44,4602309,JNJ
23-12-2016,115.4,116.32,115.3,115.96,2993339,JNJ
27-12-2016,115.89,116,115.38,115.91,3232942,JNJ
28-12-2016,115.88,116.16,115.05,115.1,3278292,JNJ
29-12-2016,115.23,115.87,115.01,115.49,2993622,JNJ
30-12-2016,115.8,115.99,114.98,115.21,5506734,JNJ
03-01-2017,115.78,116,115.23,115.84,5953048,JNJ
04-01-2017,115.5,116.23,115.31,115.65,5828946,JNJ
05-01-2017,116,116.97,115.44,116.86,6217214,JNJ
06-01-2017,116.67,117,115.76,116.3,5221381,JNJ
09-01-2017,116.35,116.61,115.89,116.28,5457539,JNJ
10-01-2017,116.03,117,115.87,116.16,5312812,JNJ
11-01-2017,116.08,116.25,114.02,114.73,8887197,JNJ
12-01-2017,114.27,114.73,113.37,114.62,6627250,JNJ
13-01-2017,114.94,115.02,114.44,114.6,4935188,JNJ
17-01-2017,113.94,115.05,113.67,114.87,6255447,JNJ
18-01-2017,114.94,115.1,114.41,114.7,5014570,JNJ
19-01-2017,114.68,114.9,113.92,114.2,5540831,JNJ
20-01-2017,114.49,115.03,114.08,114.15,7502425,JNJ
23-01-2017,114.51,114.77,113.8,113.91,7989760,JNJ
24-01-2017,112.91,113.3,111.15,111.76,12450307,JNJ
25-01-2017,111.93,112.8,110.76,112.8,9385502,JNJ
26-01-2017,112,112.84,111.6,111.84,10164341,JNJ
27-01-2017,112,113.54,111.9,113.38,8885867,JNJ
30-01-2017,113.4,113.6,112.85,113.13,6969430,JNJ
31-01-2017,112.79,113.4,112.43,113.25,8713408,JNJ
01-02-2017,112.48,113.32,112.47,113.23,7082322,JNJ
02-02-2017,112.82,113.62,112.77,113.57,7826308,JNJ
03-02-2017,113.5,113.66,112.66,113.64,7267569,JNJ
06-02-2017,113.46,113.59,112.62,113.4,6178433,JNJ
07-02-2017,113.6,113.62,113.05,113.48,5507915,JNJ
08-02-2017,113.3,113.69,113.15,113.4,5271951,JNJ
09-02-2017,113.47,114.65,113.4,114.08,5854606,JNJ
10-02-2017,114.32,115.99,114.23,115.24,6438536,JNJ
13-02-2017,115.28,116.12,115.22,115.88,5710779,JNJ
14-02-2017,115.44,116.4,115.32,116.36,5539136,JNJ
15-02-2017,115.9,117.46,115.59,117.2,5979679,JNJ
16-02-2017,117,118.28,117,118.08,7119291,JNJ
17-02-2017,118.19,118.9,118.05,118.86,8691397,JNJ
21-02-2017,118.4,119.89,118.32,119.66,8595110,JNJ
22-02-2017,119.28,119.77,119.25,119.52,5103903,JNJ
23-02-2017,119.52,121.9,119.48,121.7,9980945,JNJ
24-02-2017,121.5,122.74,120.9,122.73,10834986,JNJ
27-02-2017,122.13,122.88,122.1,122.4,5946157,JNJ
28-02-2017,122.01,122.65,121.94,122.21,8885513,JNJ
01-03-2017,122.49,124.45,122.42,123.86,9393869,JNJ
02-03-2017,123.75,124.36,123.02,123.63,6950220,JNJ
03-03-2017,123.41,123.93,123.23,123.79,5593811,JNJ
06-03-2017,123.01,124.43,122.6,123.71,6670681,JNJ
07-03-2017,122.58,124.46,122.39,123.83,6643988,JNJ
08-03-2017,123.75,124.68,123.5,124.1,7909858,JNJ
09-03-2017,124.58,126.21,124.17,125.95,8571147,JNJ
10-03-2017,126.04,126.49,125.54,126.21,7395375,JNJ
13-03-2017,125.83,126.95,125.79,126.68,7162476,JNJ
14-03-2017,126.86,127.75,126.77,127.05,7679707,JNJ
15-03-2017,127.05,129,126.6,128.96,8360637,JNJ
16-03-2017,128.44,128.7,127.77,128.46,7610720,JNJ
17-03-2017,128.45,128.94,127.95,128.06,13300756,JNJ
20-03-2017,128.04,128.42,127.97,128.07,5827497,JNJ
21-03-2017,128.38,128.45,127.14,127.25,7578634,JNJ
22-03-2017,127.05,127.65,126.21,126.26,10272668,JNJ
23-03-2017,126.1,127,125.66,125.9,8508073,JNJ
24-03-2017,125.86,126.36,125.13,125.48,6490304,JNJ
27-03-2017,125.16,126.14,125.15,125.8,5004285,JNJ
28-03-2017,125.62,125.78,124.78,125.66,5287559,JNJ
29-03-2017,125.05,125.33,124.36,124.92,3971828,JNJ
30-03-2017,124.74,125.43,124.28,124.66,4711693,JNJ
31-03-2017,124.11,124.83,124.03,124.55,5657560,JNJ
03-04-2017,124.73,125.31,124.28,124.69,4956532,JNJ
04-04-2017,124.51,124.77,124.22,124.68,5358474,JNJ
05-04-2017,124.72,125.6,124.41,124.8,5646251,JNJ
06-04-2017,124.85,125.46,124.5,125.05,4324385,JNJ
07-04-2017,125.12,125.47,124.83,124.92,3615126,JNJ
10-04-2017,124.87,124.95,124.23,124.34,4594234,JNJ
11-04-2017,124.26,124.79,123.95,124.22,4161540,JNJ
12-04-2017,124.54,125.46,124.36,125.4,5556604,JNJ
13-04-2017,125.13,125.65,124.96,124.99,5396539,JNJ
17-04-2017,125.02,125.81,124.93,125.72,5367465,JNJ
18-04-2017,123.18,123.37,120.95,121.82,13485682,JNJ
19-04-2017,122.1,122.28,121.11,121.37,6993098,JNJ
20-04-2017,121.86,122.15,121.35,121.87,6330136,JNJ
21-04-2017,121.78,122.04,121.54,121.76,6021721,JNJ
24-04-2017,122.52,123.21,122.15,122.89,5679021,JNJ
25-04-2017,123.34,123.75,123.01,123.43,5089987,JNJ
26-04-2017,123.79,124.26,123.48,123.51,5021839,JNJ
27-04-2017,123.58,124.31,123.4,123.74,4225165,JNJ
28-04-2017,123.85,123.9,123.13,123.47,4381766,JNJ
01-05-2017,123.4,123.78,123,123.34,4556360,JNJ
02-05-2017,123.52,123.74,122.89,123.7,4881641,JNJ
03-05-2017,123.59,123.7,123.04,123.33,3736531,JNJ
04-05-2017,123.69,123.95,123.23,123.95,3753201,JNJ
05-05-2017,123.8,123.8,122.86,123.51,4139755,JNJ
08-05-2017,123.53,123.8,123.02,123.25,3609058,JNJ
09-05-2017,123.23,123.47,122.88,123.21,3762488,JNJ
10-05-2017,122.91,123.06,122.38,122.81,4237412,JNJ
11-05-2017,122.5,123.21,122.34,123.2,4095893,JNJ
12-05-2017,123.11,124.1,123.01,123.64,4097060,JNJ
15-05-2017,124.41,127.36,124.33,126.99,9854621,JNJ
16-05-2017,127.34,128.37,127.06,127.77,7233801,JNJ
17-05-2017,126.6,127.89,126.45,126.67,6480802,JNJ
18-05-2017,126.46,127.87,125.96,126.97,6571254,JNJ
19-05-2017,127.03,127.39,126.44,127,6957196,JNJ
22-05-2017,126.63,127.65,126.63,127.26,4858199,JNJ
23-05-2017,127.31,128.15,127.31,127.52,3973025,JNJ
24-05-2017,127.79,128,127.29,127.51,3968185,JNJ
25-05-2017,126.74,127.62,126.33,127.53,5294263,JNJ
26-05-2017,127.23,127.67,126.83,126.92,4005234,JNJ
30-05-2017,126.7,127.39,126.19,127.11,3665353,JNJ
31-05-2017,127.35,128.8,127.35,128.25,8813511,JNJ
01-06-2017,128.32,128.78,128.12,128.78,5790899,JNJ
02-06-2017,129.05,130.14,128.83,130.08,6562557,JNJ
05-06-2017,129.97,130.7,129.8,130.36,4634663,JNJ
06-06-2017,130.18,131.33,130.03,130.83,5619093,JNJ
07-06-2017,131,131.48,130.58,130.75,5765471,JNJ
08-06-2017,131,131.4,129.96,130.55,8101669,JNJ
09-06-2017,130.37,131.7,130.31,131.53,5993031,JNJ
12-06-2017,131.64,132.04,131.09,131.82,8020951,JNJ
13-06-2017,131.75,132.73,131.4,132.02,5733817,JNJ
14-06-2017,132.51,133.56,132.51,132.77,7329376,JNJ
15-06-2017,132,133.35,131.81,133.04,5264996,JNJ
16-06-2017,133.72,134.61,133.04,134.35,12639630,JNJ
19-06-2017,134.15,134.68,133.49,134.07,7488704,JNJ
20-06-2017,133.9,134.76,133.9,134.22,5201174,JNJ
21-06-2017,134.29,135.11,134.02,134.91,5841053,JNJ
22-06-2017,135.45,137,135.27,136.05,7311037,JNJ
23-06-2017,135.45,136.51,135.32,136.43,9007077,JNJ
26-06-2017,136.48,136.9,136.2,136.34,5561844,JNJ
27-06-2017,136.5,136.73,134.99,135.01,6120536,JNJ
28-06-2017,135.95,136.2,133.57,133.82,6557871,JNJ
29-06-2017,133.4,133.73,132.31,132.64,5749952,JNJ
30-06-2017,132.7,133.2,132.28,132.29,5264416,JNJ
03-07-2017,132.79,133.32,132.65,132.9,2930998,JNJ
05-07-2017,132.98,134.06,132.42,133.64,4302669,JNJ
06-07-2017,133.61,133.97,132.41,132.52,4282244,JNJ
07-07-2017,132.91,133,131.69,132.54,4994080,JNJ
10-07-2017,132.74,132.87,131.23,131.55,4019587,JNJ
11-07-2017,131.43,131.79,130.48,131.23,3733072,JNJ
12-07-2017,132.04,132.89,131.77,132.23,5053248,JNJ
13-07-2017,132.1,132.22,130.99,131.86,4424422,JNJ
14-07-2017,132,133,131.74,132.6,4383133,JNJ
17-07-2017,132.71,132.93,131.75,132.15,4939384,JNJ
18-07-2017,131.62,134.95,131.08,134.46,10255960,JNJ
19-07-2017,134.84,135.41,134.52,135.21,5503298,JNJ
20-07-2017,135.73,137.08,135.62,136.57,6088612,JNJ
21-07-2017,135.33,136.27,135.1,135.31,6773546,JNJ
24-07-2017,134.99,135.16,132.85,133.01,8306671,JNJ
25-07-2017,133.74,133.85,131.45,131.88,6262907,JNJ
26-07-2017,131.66,132.24,130.75,130.95,5382182,JNJ
27-07-2017,130.85,131.15,129.57,130.83,5838110,JNJ
28-07-2017,131.14,131.99,130.52,131.85,4970860,JNJ
31-07-2017,132.14,133.58,132.1,132.72,5440788,JNJ
01-08-2017,133.17,133.35,132.28,132.51,3837566,JNJ
02-08-2017,132.08,132.5,131.5,132.16,4032147,JNJ
03-08-2017,131.91,133.4,131.51,133.35,4327314,JNJ
04-08-2017,133.74,134.01,132.8,133.18,3192805,JNJ
07-08-2017,133.09,133.48,132.51,132.86,3010828,JNJ
08-08-2017,132.5,132.8,131.4,132.27,5535804,JNJ
09-08-2017,132.81,133.41,132.37,133.23,6332347,JNJ
10-08-2017,133.04,133.85,132.37,133.09,5607853,JNJ
11-08-2017,133.64,134.49,132.75,133.1,4270571,JNJ
14-08-2017,134.2,134.37,132.87,133.48,3041064,JNJ
15-08-2017,133.85,133.94,133.2,133.38,3931763,JNJ
16-08-2017,134.08,134.97,133.86,134.17,4469937,JNJ
17-08-2017,134.18,134.74,133.03,133.04,5741389,JNJ
18-08-2017,132.67,133.78,132.38,132.63,4792761,JNJ
21-08-2017,132.28,133.65,132.19,133.45,4659993,JNJ
22-08-2017,131.57,132.45,131.3,132.21,3277861,JNJ
23-08-2017,134.43,134.49,132.65,132.8,5129938,JNJ
24-08-2017,132.82,133.08,132.27,132.89,5398432,JNJ
25-08-2017,131.91,132.56,131.62,131.68,4133347,JNJ
28-08-2017,131.68,132.12,131.49,131.74,5349181,JNJ
29-08-2017,131.57,132.45,131.3,132.21,3277875,JNJ
30-08-2017,132,132,130.9,131.07,5430781,JNJ
31-08-2017,131.39,132.5,131.25,132.37,7407143,JNJ
01-09-2017,132.6,132.65,130.94,131.03,3820814,JNJ
05-09-2017,130.72,131.18,129.72,129.9,5154935,JNJ
06-09-2017,130.54,131,130.21,130.67,5601903,JNJ
07-09-2017,130.86,132.52,130.25,132.19,3800234,JNJ
08-09-2017,132,132.34,130.87,130.98,4854414,JNJ
11-09-2017,131.37,133.34,131.02,133.21,5724233,JNJ
12-09-2017,133.83,133.88,131.93,132.63,5465190,JNJ
13-09-2017,132.67,133.75,131.85,132.45,4679486,JNJ
14-09-2017,132.14,134.47,131.99,134.18,6274510,JNJ
15-09-2017,134.79,135.45,134.18,134.45,15522011,JNJ
18-09-2017,134.44,135.77,134.11,135.38,5261593,JNJ
19-09-2017,135.02,135.79,134.35,135.22,4903837,JNJ
20-09-2017,133.25,134.29,132.34,133.22,8705535,JNJ
21-09-2017,133.31,133.82,131.38,131.75,6051811,JNJ
22-09-2017,131.99,132.39,131.27,131.39,4334862,JNJ
25-09-2017,131.47,131.76,130.83,131.17,6017418,JNJ
26-09-2017,131.5,131.94,130.82,130.94,4516193,JNJ
27-09-2017,131,131.09,129.43,129.75,5796066,JNJ
28-09-2017,129.91,130.27,129.29,129.47,3992740,JNJ
29-09-2017,129.58,130.47,129.05,130.01,5736925,JNJ
02-10-2017,130.16,131.33,130.02,131.22,4492936,JNJ
03-10-2017,131.65,132.4,131.36,132.1,3900761,JNJ
04-10-2017,132.4,133.18,132.1,132.89,3589047,JNJ
05-10-2017,132.89,133.31,132.36,133.19,3741108,JNJ
06-10-2017,133,133.25,132.48,133.22,2469506,JNJ
09-10-2017,133.66,133.82,133.17,133.45,3751097,JNJ
10-10-2017,133.56,134.13,132.92,133.9,4184588,JNJ
11-10-2017,134.88,137.08,134.37,136.65,8269430,JNJ
12-10-2017,136.34,137.52,136.02,136.83,5172806,JNJ
13-10-2017,136.6,137.42,136.34,136.43,4106625,JNJ
16-10-2017,136.45,137.26,135.54,136.12,5120140,JNJ
17-10-2017,137.67,141.12,137.06,140.79,11717348,JNJ
18-10-2017,140.79,141.58,140.07,140.68,6827734,JNJ
19-10-2017,140.71,142.98,140.54,142.04,9181291,JNJ
20-10-2017,142.38,143.62,141.83,142.4,5634523,JNJ
23-10-2017,142.13,144.35,142.08,143.62,6685964,JNJ
24-10-2017,143.38,143.38,140.93,141.64,6585767,JNJ
25-10-2017,141.16,143.23,140.96,142.42,4856522,JNJ
26-10-2017,142.51,143.75,141.38,141.81,5841067,JNJ
27-10-2017,141,142.7,140.2,141.78,5140654,JNJ
30-10-2017,141.08,141.21,139.32,140,6034336,JNJ
31-10-2017,140.02,140.26,138.98,139.41,4832136,JNJ
01-11-2017,139.83,140.59,139.34,139.98,5006771,JNJ
02-11-2017,140.11,140.29,139.11,139.93,3494055,JNJ
03-11-2017,139.73,140.4,139.3,140.08,2736951,JNJ
06-11-2017,140.01,140.49,139.72,139.76,4220666,JNJ
07-11-2017,140.08,140.15,138.91,139.77,4201853,JNJ
08-11-2017,139.7,141.87,139.46,141.32,4440729,JNJ
09-11-2017,140.86,141.41,139.8,140.35,3513501,JNJ
10-11-2017,140.13,140.13,138.61,139.56,4240786,JNJ
13-11-2017,139.01,140.02,138.42,139.76,4322275,JNJ
14-11-2017,139.57,140.28,138.92,139.49,4078239,JNJ
15-11-2017,139.23,139.83,138.75,139.1,4811462,JNJ
16-11-2017,139.42,139.68,138.64,138.87,4193806,JNJ
17-11-2017,138.3,138.86,137.89,138,4247381,JNJ
20-11-2017,138.15,138.56,137.74,137.93,4266264,JNJ
21-11-2017,138.45,139.26,138.19,138.34,5660581,JNJ
22-11-2017,138.3,138.38,136.6,137.29,3917467,JNJ
24-11-2017,137.5,138.38,137.31,138.01,2606832,JNJ
27-11-2017,137.51,138.31,137.48,138.1,3933071,JNJ
28-11-2017,138.3,140.53,138.25,140.02,5052825,JNJ
29-11-2017,140.22,140.63,138.95,139.81,5851449,JNJ
30-11-2017,140.06,140.28,138.48,139.33,8941892,JNJ
01-12-2017,139.57,140.53,138.6,139.98,5990487,JNJ
04-12-2017,140.62,141.5,138.93,139.01,5916688,JNJ
05-12-2017,139.88,140.81,139.2,139.67,6745335,JNJ
06-12-2017,140.25,141.96,140.19,141.06,5591702,JNJ
07-12-2017,141,141.5,139.26,140.01,4713177,JNJ
08-12-2017,140,140.76,139.8,140.59,5101341,JNJ
11-12-2017,140.1,141.17,139.83,141.14,4358620,JNJ
12-12-2017,142.06,143.57,142.04,142.6,8016720,JNJ
13-12-2017,142.5,143.43,142.21,142.89,6118375,JNJ
14-12-2017,143.6,143.62,141.61,141.65,5337934,JNJ
15-12-2017,142.73,143.14,141.78,142.46,12516980,JNJ
18-12-2017,142.43,143.8,141.4,141.8,5833232,JNJ
19-12-2017,141.72,142.38,141.36,141.78,6580136,JNJ
20-12-2017,142.29,142.58,141.08,141.16,6289782,JNJ
21-12-2017,141.76,142.17,141.02,141.06,6284711,JNJ
22-12-2017,140.9,141.35,140.04,140.12,4665587,JNJ
26-12-2017,140.46,140.54,139.68,140.09,3271087,JNJ
27-12-2017,140.42,141.15,140.2,140.57,3753629,JNJ
28-12-2017,140.7,141,140.33,140.56,2484959,JNJ
29-12-2017,140.98,141.21,139.58,139.72,4452924,JNJ
02-01-2018,139.66,139.95,138.72,139.23,6842124,JNJ
03-01-2018,139.36,140.68,138.9,140.56,5350496,JNJ
04-01-2018,140.45,141.14,140.22,140.55,4837642,JNJ
05-01-2018,140.69,141.82,140.28,141.71,6158754,JNJ
08-01-2018,141.7,142,140.92,141.89,5129798,JNJ
09-01-2018,142.37,145.68,142.26,144.14,8897002,JNJ
10-01-2018,143.55,144.16,143.32,143.97,6558622,JNJ
11-01-2018,144.13,144.9,143.69,144.79,4962160,JNJ
12-01-2018,144.99,146.42,144.9,145.76,5450570,JNJ
16-01-2018,146.42,148.06,146.03,146.86,8804005,JNJ
17-01-2018,147.84,148.32,145.48,146.98,10619654,JNJ
18-01-2018,146.93,147.44,145.97,146.92,5554815,JNJ
19-01-2018,147.46,147.65,146.42,147.36,8738791,JNJ
22-01-2018,147.01,148.14,146.72,148.14,7010438,JNJ
23-01-2018,146.96,147.44,141.62,141.83,17473631,JNJ
24-01-2018,143.5,143.56,141.8,142.07,13034368,JNJ
25-01-2018,142.31,144.66,142.21,144.4,7938846,JNJ
26-01-2018,144.5,145.6,144.13,145.33,8065646,JNJ
29-01-2018,144.85,144.94,143.53,143.68,8013444,JNJ
30-01-2018,143.4,143.82,142.43,142.43,8376092,JNJ
31-01-2018,142.57,142.57,138.1,138.19,13137396,JNJ
01-02-2018,137.53,140.67,137,140.02,9393645,JNJ
02-02-2018,139.02,140.36,137.38,137.68,9262508,JNJ
05-02-2018,136.58,137,122.15,130.39,19954145,JNJ
06-02-2018,130.01,132.99,128,131.83,19193520,JNJ
07-02-2018,131.89,133.43,131.35,131.42,10550411,JNJ
08-02-2013,38.85,38.94,38.6,38.77,12308001,KO
11-02-2013,38.71,38.83,38.41,38.61,12159872,KO
12-02-2013,38.11,38.16,37.28,37.56,30700481,KO
13-02-2013,37.67,37.94,37.01,37.21,19942647,KO
14-02-2013,37.24,37.51,36.7,36.84,22748290,KO
15-02-2013,36.94,37.42,36.54,37.42,25216274,KO
19-02-2013,37.51,37.77,37.46,37.67,14851051,KO
20-02-2013,37.7,37.89,37.41,37.73,12949060,KO
21-02-2013,37.62,37.79,37.43,37.71,14134937,KO
22-02-2013,37.76,38.52,37.71,38.52,20102745,KO
25-02-2013,38.56,38.72,37.72,37.72,15879793,KO
26-02-2013,37.95,38.19,37.78,38.11,15769957,KO
27-02-2013,38.03,38.54,37.92,38.45,14277317,KO
28-02-2013,38.47,38.97,38.42,38.72,19010564,KO
01-03-2013,38.49,38.79,38.49,38.7,13727254,KO
04-03-2013,38.6,38.82,38.45,38.82,9934233,KO
05-03-2013,38.98,39,38.56,38.68,13218572,KO
06-03-2013,38.8,39.04,38.7,39.02,11655103,KO
07-03-2013,39.04,39.19,38.84,39.12,15104896,KO
08-03-2013,39.17,39.42,39.03,39.22,11187262,KO
11-03-2013,39.2,39.38,39.18,39.31,9201401,KO
12-03-2013,39.28,39.31,38.8,38.96,11373442,KO
13-03-2013,38.82,38.87,38.55,38.59,14357998,KO
14-03-2013,38.82,39.12,38.66,39.02,14573357,KO
15-03-2013,38.82,38.94,38.66,38.83,20807695,KO
18-03-2013,38.61,38.94,38.57,38.76,11480229,KO
19-03-2013,38.92,39.4,38.82,39.33,15133642,KO
20-03-2013,39.4,39.92,39.36,39.87,19251066,KO
21-03-2013,39.85,40.43,39.76,40.07,22999292,KO
22-03-2013,39.98,40.28,39.89,40.04,15923866,KO
25-03-2013,40.11,40.25,39.96,40.12,15718586,KO
26-03-2013,40.13,40.7,40.13,40.69,13666691,KO
27-03-2013,40.45,40.54,40.06,40.22,14562075,KO
28-03-2013,40.38,40.6,40.02,40.44,14214145,KO
01-04-2013,40.39,40.49,40.17,40.45,8202005,KO
02-04-2013,40.43,40.9,40.42,40.72,13359176,KO
03-04-2013,40.78,40.82,40.08,40.17,13639024,KO
04-04-2013,40.27,40.59,40.2,40.54,11436472,KO
05-04-2013,40.21,40.36,40.01,40.08,10731445,KO
08-04-2013,40.06,40.87,39.77,40.86,22758248,KO
09-04-2013,40.81,41.13,40.51,40.71,21057051,KO
10-04-2013,40.78,41.17,40.71,41.07,9704433,KO
11-04-2013,41.13,41.41,41.06,41.18,10962497,KO
12-04-2013,40.91,41.11,40.68,41.08,10394506,KO
15-04-2013,40.85,40.99,40.05,40.09,16013468,KO
16-04-2013,41.4,42.48,41.25,42.37,32144987,KO
17-04-2013,42.14,42.7,42.03,42.55,24207933,KO
18-04-2013,42.48,42.65,42.09,42.1,16023100,KO
19-04-2013,42.28,42.77,42.2,42.66,13880945,KO
22-04-2013,42.52,42.85,42.4,42.72,10544599,KO
23-04-2013,42.78,42.96,42.26,42.7,11204315,KO
24-04-2013,42.64,42.9,42.1,42.15,11368181,KO
25-04-2013,42.26,42.54,42.08,42.35,10197008,KO
26-04-2013,42.18,42.43,42.09,42.1,15164660,KO
29-04-2013,42.24,42.29,41.92,42.24,11326618,KO
30-04-2013,42.15,42.39,41.88,42.33,13444898,KO
01-05-2013,42.15,42.56,42.14,42.21,8710576,KO
02-05-2013,41.66,42.16,41.49,41.96,18717241,KO
03-05-2013,42.17,42.42,41.96,42.24,11740133,KO
06-05-2013,42.29,42.29,41.87,42.08,9356529,KO
07-05-2013,42.21,42.71,42.15,42.7,13785220,KO
08-05-2013,42.54,42.68,42.16,42.46,12620080,KO
09-05-2013,42.51,42.56,42,42.12,10114077,KO
10-05-2013,42.11,42.24,41.85,42.15,9927544,KO
13-05-2013,42.14,42.44,42,42.19,9290808,KO
14-05-2013,42.18,42.67,42.01,42.52,13027556,KO
15-05-2013,42.5,43.1,42.39,42.92,12306570,KO
16-05-2013,42.91,43.43,42.79,43.09,12330856,KO
17-05-2013,43.05,43.13,42.56,42.97,12612562,KO
20-05-2013,42.95,42.95,42.3,42.38,9965885,KO
21-05-2013,42.48,42.57,42.07,42.34,9150070,KO
22-05-2013,42.28,42.86,42.04,42.25,13606084,KO
23-05-2013,41.93,42.07,41.56,41.93,10934347,KO
24-05-2013,41.54,42.37,41.5,42.24,11542056,KO
28-05-2013,42.6,43.05,42.4,42.55,14412876,KO
29-05-2013,42.34,42.43,41.31,41.4,16986535,KO
30-05-2013,41.49,41.6,40.75,40.77,20875050,KO
31-05-2013,40.65,40.77,39.99,39.99,26195748,KO
03-06-2013,39.95,40.84,39.63,40.81,16580894,KO
04-06-2013,41.59,41.72,40.95,41.42,19241140,KO
05-06-2013,41.4,41.4,40.6,40.65,16428798,KO
06-06-2013,40.55,40.79,40.31,40.79,11171674,KO
07-06-2013,41.2,41.73,40.98,41.41,14458918,KO
10-06-2013,41.5,41.52,41.04,41.18,11247280,KO
11-06-2013,40.88,40.98,40.4,40.79,16490901,KO
12-06-2013,40.79,40.94,40.28,40.39,11611090,KO
13-06-2013,40.31,40.48,39.68,40.41,17865680,KO
14-06-2013,40.38,40.79,40.26,40.34,13634259,KO
17-06-2013,40.54,40.91,40.4,40.68,12411010,KO
18-06-2013,40.7,41,40.57,40.93,9893068,KO
19-06-2013,41.01,41.44,40.41,40.41,16936295,KO
20-06-2013,40.27,40.35,38.97,39.13,24901453,KO
21-06-2013,39.63,39.97,39.3,39.76,21941299,KO
24-06-2013,39.45,40.01,39.13,39.53,16436615,KO
25-06-2013,39.82,39.93,39.44,39.72,12944219,KO
26-06-2013,40.08,40.48,40.06,40.33,13857625,KO
27-06-2013,40.65,40.88,40.24,40.26,11460750,KO
28-06-2013,40.25,40.44,40.1,40.11,16318565,KO
01-07-2013,40.5,40.92,40.36,40.46,10754383,KO
02-07-2013,40.47,40.74,40.18,40.37,12248784,KO
03-07-2013,40.18,40.56,40.03,40.49,5264817,KO
05-07-2013,40.72,40.8,40.15,40.52,10402250,KO
08-07-2013,40.65,40.76,40.42,40.54,9936974,KO
09-07-2013,40.86,41.07,40.72,40.83,8761006,KO
10-07-2013,40.92,40.96,40.53,40.68,9587746,KO
11-07-2013,41,41.15,40.74,41.03,13489216,KO
12-07-2013,41.03,41.13,40.73,41.03,10685847,KO
15-07-2013,41.05,41.25,40.93,41.01,11421234,KO
16-07-2013,39.78,40.5,39.5,40.23,33580511,KO
17-07-2013,40.55,40.98,40.31,40.84,18516596,KO
18-07-2013,40.86,41.07,40.74,40.81,9708855,KO
19-07-2013,40.88,41.1,40.79,41.09,11408320,KO
22-07-2013,41.08,41.14,40.76,40.84,9426825,KO
23-07-2013,40.95,41.13,40.79,40.96,9405642,KO
24-07-2013,41.12,41.13,40.75,40.86,10511118,KO
25-07-2013,40.81,40.88,40.48,40.84,9138805,KO
26-07-2013,40.65,40.65,40.01,40.64,12279550,KO
29-07-2013,40.61,40.68,40.26,40.28,10132039,KO
30-07-2013,40.42,40.73,40.25,40.32,10769496,KO
31-07-2013,40.41,40.58,40.06,40.08,13557088,KO
01-08-2013,40.4,40.75,40.4,40.57,11999743,KO
02-08-2013,40.03,40.41,39.92,40.22,25466883,KO
05-08-2013,40.18,40.47,40.18,40.29,9933155,KO
06-08-2013,40.23,40.43,40.06,40.37,8645591,KO
07-08-2013,40.31,40.33,40.06,40.15,9305078,KO
08-08-2013,40.3,40.36,40.02,40.2,9481129,KO
09-08-2013,40.25,40.32,40.05,40.16,9021737,KO
12-08-2013,40.04,40.1,39.71,39.83,13969971,KO
13-08-2013,39.93,40.05,39.5,39.65,13548665,KO
14-08-2013,39.59,39.68,39.35,39.53,13787785,KO
15-08-2013,39.3,39.4,39.02,39.09,14228087,KO
16-08-2013,39.03,39.18,38.71,39.05,20565970,KO
19-08-2013,39.05,39.09,38.69,38.78,11913022,KO
20-08-2013,38.85,39.14,38.65,38.65,10237963,KO
21-08-2013,38.63,38.7,38.25,38.28,15799053,KO
22-08-2013,38.32,38.52,38.1,38.31,10307932,KO
23-08-2013,38.61,38.61,38.37,38.52,11300683,KO
26-08-2013,38.6,38.6,38.11,38.12,12728551,KO
27-08-2013,37.98,38.24,37.8,38.15,16739463,KO
28-08-2013,38.06,38.53,38.05,38.35,19245219,KO
29-08-2013,38.47,38.47,38.1,38.1,14215731,KO
30-08-2013,38.16,38.28,38,38.18,14296781,KO
03-09-2013,38.27,38.4,37.8,37.9,19068692,KO
04-09-2013,37.88,38.73,37.81,38.54,19138461,KO
05-09-2013,38.63,38.69,38.06,38.24,14290879,KO
06-09-2013,38.38,38.62,38.1,38.35,13977544,KO
09-09-2013,38.52,38.56,38.27,38.52,10608482,KO
10-09-2013,38.77,38.78,38.51,38.63,11757481,KO
11-09-2013,38.68,38.78,38.53,38.78,11996844,KO
12-09-2013,38.59,38.61,38.28,38.44,12114110,KO
13-09-2013,38.56,38.74,38.42,38.69,11623631,KO
16-09-2013,39.03,39.2,38.74,38.86,13399779,KO
17-09-2013,38.81,39.1,38.79,38.79,12883282,KO
18-09-2013,38.81,39.6,38.58,39.59,18075171,KO
19-09-2013,39.64,39.67,39.15,39.31,14254642,KO
20-09-2013,39.33,39.4,38.78,39.4,30679567,KO
23-09-2013,39.16,39.19,38.44,38.63,19016948,KO
24-09-2013,38.72,38.87,38.52,38.53,14839000,KO
25-09-2013,38.65,38.68,38.3,38.33,11446120,KO
26-09-2013,38.49,38.74,38.39,38.74,10939377,KO
27-09-2013,38.57,38.58,38.15,38.4,12591018,KO
30-09-2013,38.19,38.3,37.75,37.88,18101484,KO
01-10-2013,38,38.09,37.62,37.95,13192358,KO
02-10-2013,37.81,37.81,37.21,37.43,25664196,KO
03-10-2013,37.46,37.46,37.13,37.16,14437045,KO
04-10-2013,37.25,37.27,36.91,37.2,17217596,KO
07-10-2013,37.08,37.38,36.83,37.05,16707707,KO
08-10-2013,37.1,37.41,36.9,37.28,20523044,KO
09-10-2013,37.38,37.42,37.01,37.08,18999156,KO
10-10-2013,37.77,37.86,37.45,37.78,17174494,KO
11-10-2013,37.92,37.92,37.52,37.77,14266861,KO
14-10-2013,37.56,37.95,37.51,37.91,14201200,KO
15-10-2013,38.18,38.37,37.6,37.66,21584723,KO
16-10-2013,38.01,38.24,37.78,38,17995183,KO
17-10-2013,38.06,38.56,38.01,38.55,15887641,KO
18-10-2013,38.58,38.78,38.42,38.78,18896638,KO
21-10-2013,38.95,38.95,38.6,38.82,12977394,KO
22-10-2013,38.86,39.25,38.69,39.09,17058745,KO
23-10-2013,39.08,39.25,38.8,39.09,12591818,KO
24-10-2013,39.15,39.37,38.76,38.8,17133044,KO
25-10-2013,38.84,39.13,38.63,39.03,14383440,KO
28-10-2013,39.02,39.74,38.99,39.61,16460258,KO
29-10-2013,39.57,39.96,39.35,39.8,14199602,KO
30-10-2013,39.88,39.89,39.51,39.62,12336368,KO
31-10-2013,39.51,39.86,39.51,39.57,14835643,KO
01-11-2013,39.57,39.72,39.33,39.61,12430394,KO
04-11-2013,39.71,39.81,39.3,39.51,10252127,KO
05-11-2013,39.36,39.64,39.22,39.5,10581453,KO
06-11-2013,39.62,40.22,39.42,40.05,17196338,KO
07-11-2013,40.08,40.25,39.76,39.83,16216562,KO
08-11-2013,39.74,40.05,39.49,40.05,11884845,KO
11-11-2013,40.01,40.05,39.77,39.87,9568206,KO
12-11-2013,39.91,39.99,39.62,39.88,10509186,KO
13-11-2013,39.82,40.12,39.65,40.12,11771062,KO
14-11-2013,40.09,40.44,40.03,40.21,10887179,KO
15-11-2013,40.16,40.32,39.96,40.22,12021512,KO
18-11-2013,40.24,40.24,40,40.17,9553863,KO
19-11-2013,40.14,40.23,39.92,40.14,11014819,KO
20-11-2013,40.05,40.45,39.94,40.06,14422486,KO
21-11-2013,40.2,40.5,40.1,40.43,26364544,KO
22-11-2013,40.34,40.46,40.09,40.43,26397103,KO
25-11-2013,40.48,40.88,40.33,40.37,14059132,KO
26-11-2013,40.49,40.6,40.24,40.25,14240538,KO
27-11-2013,40.09,40.38,39.69,40.19,9909068,KO
29-11-2013,40.27,40.48,40.11,40.19,8641107,KO
02-12-2013,40.1,40.2,39.75,40.08,16739680,KO
03-12-2013,40.05,40.39,40.01,40.35,16592298,KO
04-12-2013,40.2,40.47,39.94,40.37,13196116,KO
05-12-2013,40.28,40.4,39.8,39.83,18171207,KO
06-12-2013,40.05,40.5,40.05,40.46,12557216,KO
09-12-2013,40.4,40.5,40.2,40.4,12237657,KO
10-12-2013,40.26,40.29,39.75,39.85,15967788,KO
11-12-2013,39.95,40.34,39.89,40.13,14963476,KO
12-12-2013,39.99,40.21,39.18,39.21,19817651,KO
13-12-2013,39.47,39.64,39.21,39.23,14037380,KO
16-12-2013,39.46,39.57,39.2,39.27,14562149,KO
17-12-2013,39.12,39.25,38.87,39.1,17664055,KO
18-12-2013,39.26,40.08,39,40.02,23887038,KO
19-12-2013,39.97,40.1,39.56,39.86,14791981,KO
20-12-2013,39.92,40.19,39.85,40.04,22244802,KO
23-12-2013,40.1,40.25,39.87,40.16,10952475,KO
24-12-2013,40.17,40.31,40.1,40.19,4783757,KO
26-12-2013,40.22,40.54,40.14,40.49,8588472,KO
27-12-2013,40.69,40.79,40.53,40.66,6762203,KO
30-12-2013,40.77,41.14,40.76,41.09,10927592,KO
31-12-2013,41.13,41.39,40.98,41.31,11730170,KO
02-01-2014,41.12,41.23,40.51,40.66,12720197,KO
03-01-2014,40.68,40.73,40.35,40.46,10403834,KO
06-01-2014,40.48,40.59,40.16,40.27,11041224,KO
07-01-2014,40.48,40.72,40.29,40.39,11879587,KO
08-01-2014,40.44,40.44,39.83,39.94,15357527,KO
09-01-2014,39.95,40,39.52,39.73,14074835,KO
10-01-2014,39.96,40.29,39.9,40.13,13314525,KO
13-01-2014,40,40.13,39.5,39.53,14136793,KO
14-01-2014,39.64,39.92,39.58,39.69,12808195,KO
15-01-2014,39.83,39.94,39.58,39.76,12845194,KO
16-01-2014,39.78,39.82,39.58,39.71,11076882,KO
17-01-2014,39.72,39.75,39.28,39.28,14027351,KO
21-01-2014,39.64,39.92,39.53,39.92,17590424,KO
22-01-2014,39.99,40.09,39.75,39.9,9856355,KO
23-01-2014,39.61,39.64,39.12,39.24,14867404,KO
24-01-2014,39.08,39.25,38.82,38.84,16533729,KO
27-01-2014,38.82,38.98,38.71,38.73,14603927,KO
28-01-2014,38.77,39.08,38.62,38.87,8931212,KO
29-01-2014,38.57,38.57,37.82,37.9,23776371,KO
30-01-2014,38,38.41,38,38.17,13663569,KO
31-01-2014,37.95,38.16,37.72,37.82,16185576,KO
03-02-2014,38.02,38.02,37.1,37.2,23195836,KO
04-02-2014,37.44,37.55,37.21,37.48,17797978,KO
05-02-2014,37.49,37.72,37.38,37.61,13716618,KO
06-02-2014,38.76,38.94,37.92,38.03,22665049,KO
07-02-2014,38.17,38.35,37.87,37.95,20495016,KO
10-02-2014,38.07,38.62,37.84,38.57,20915498,KO
11-02-2014,38.67,38.79,38.51,38.64,15417558,KO
12-02-2014,38.85,38.92,38.4,38.51,10633637,KO
13-02-2014,38.13,38.76,38.13,38.65,10449553,KO
14-02-2014,38.6,39.02,38.27,38.93,16047482,KO
18-02-2014,37.98,38.11,37.26,37.47,46195701,KO
19-02-2014,37.5,37.6,37.05,37.1,26650629,KO
20-02-2014,37.06,37.52,36.89,37.3,22652321,KO
21-02-2014,37.59,37.62,37.14,37.18,19440449,KO
24-02-2014,37.3,37.6,37.22,37.5,24225051,KO
25-02-2014,37.63,37.94,37.5,37.77,22879234,KO
26-02-2014,37.9,37.94,37.72,37.87,18202510,KO
27-02-2014,37.84,38.11,37.8,38.07,18441483,KO
28-02-2014,38.08,38.39,38.04,38.2,15765571,KO
03-03-2014,37.88,38.16,37.85,38.12,18684354,KO
04-03-2014,38.34,38.39,38.23,38.31,20456788,KO
05-03-2014,38.42,38.45,38.25,38.35,14367749,KO
06-03-2014,38.4,38.55,38.27,38.47,14740674,KO
07-03-2014,38.56,38.61,38.36,38.55,17074233,KO
10-03-2014,38.55,38.65,38.44,38.65,14541439,KO
11-03-2014,38.84,38.84,38.54,38.8,13845663,KO
12-03-2014,38.27,38.5,38.21,38.47,15692277,KO
13-03-2014,38.45,38.49,37.92,37.97,18302808,KO
14-03-2014,37.95,38.32,37.88,38.17,14687231,KO
17-03-2014,38.17,38.37,38.05,38.27,19202973,KO
18-03-2014,38.27,38.46,38.14,38.4,16880363,KO
19-03-2014,38.36,38.59,38.1,38.14,20882157,KO
20-03-2014,38.11,38.47,37.95,38.45,13227981,KO
21-03-2014,38.78,38.83,38.28,38.44,19210757,KO
24-03-2014,38.48,38.54,38.21,38.4,15693042,KO
25-03-2014,38.49,38.8,38.46,38.62,16898937,KO
26-03-2014,38.69,38.94,38.61,38.61,15835535,KO
27-03-2014,38.51,39,38.48,38.82,13031474,KO
28-03-2014,38.89,39.03,38.82,38.95,11502051,KO
31-03-2014,38.99,39.03,38.46,38.66,24489838,KO
01-04-2014,38.53,38.89,38.31,38.41,20516452,KO
02-04-2014,38.49,38.54,38.3,38.33,15708927,KO
03-04-2014,38.39,38.49,38.04,38.07,18113991,KO
04-04-2014,38.24,38.48,38.14,38.22,15453554,KO
07-04-2014,38.27,38.89,38.26,38.62,17295654,KO
08-04-2014,38.67,38.9,38.48,38.9,14770515,KO
09-04-2014,38.84,38.99,38.7,38.99,12031360,KO
10-04-2014,38.98,39.4,38.82,38.89,21025736,KO
11-04-2014,38.83,39.22,38.57,38.63,18085746,KO
14-04-2014,38.71,38.8,38.4,38.73,19389800,KO
15-04-2014,39.83,40.47,39.5,40.18,47529158,KO
16-04-2014,40.12,40.59,40.12,40.59,21926145,KO
17-04-2014,40.43,40.72,40.25,40.72,18547111,KO
21-04-2014,40.47,40.76,40.35,40.75,12630881,KO
22-04-2014,40.58,40.76,40.42,40.71,17405459,KO
23-04-2014,40.7,40.81,40.56,40.73,12072454,KO
24-04-2014,40.7,40.89,40.46,40.7,11401621,KO
25-04-2014,40.46,41.01,40.44,41.01,16811384,KO
28-04-2014,40.82,41.28,40.74,41.03,20736717,KO
29-04-2014,40.97,41.03,40.52,40.57,18928395,KO
30-04-2014,40.69,40.88,40.59,40.79,12361992,KO
01-05-2014,40.79,40.8,40.26,40.78,15385753,KO
02-05-2014,40.79,40.96,40.63,40.95,14197753,KO
05-05-2014,40.65,40.93,40.55,40.76,10164164,KO
06-05-2014,40.52,40.66,40.45,40.49,9359857,KO
07-05-2014,40.7,40.97,40.63,40.91,11115932,KO
08-05-2014,40.85,40.96,40.65,40.73,8538993,KO
09-05-2014,40.78,40.95,40.71,40.87,8516358,KO
12-05-2014,40.88,40.97,40.69,40.82,8906010,KO
13-05-2014,40.83,41.22,40.82,41.11,11579715,KO
14-05-2014,41.02,41.18,40.83,40.89,10036175,KO
15-05-2014,40.62,40.96,40.44,40.52,12379234,KO
16-05-2014,40.52,40.91,40.45,40.89,13824170,KO
19-05-2014,40.6,40.73,40.42,40.71,7559456,KO
20-05-2014,40.8,40.93,40.57,40.58,9640511,KO
21-05-2014,40.55,40.88,40.5,40.87,8607297,KO
22-05-2014,40.77,40.84,40.53,40.58,8430681,KO
23-05-2014,40.63,40.7,40.53,40.58,6255168,KO
27-05-2014,40.56,40.82,40.48,40.77,11291392,KO
28-05-2014,40.7,40.89,40.53,40.58,7536671,KO
29-05-2014,40.68,40.87,40.6,40.66,9867262,KO
30-05-2014,40.54,40.93,40.49,40.91,10446099,KO
02-06-2014,40.75,40.89,40.68,40.86,7472050,KO
03-06-2014,40.72,41,40.71,40.88,10493219,KO
04-06-2014,40.91,40.92,40.71,40.79,7864666,KO
05-06-2014,40.73,41,40.63,40.89,10133496,KO
06-06-2014,40.94,41.06,40.84,40.99,8760639,KO
09-06-2014,40.85,41.09,40.85,40.91,7316402,KO
10-06-2014,40.84,41.15,40.81,41.07,9169620,KO
11-06-2014,40.98,41.06,40.79,40.86,9648619,KO
12-06-2014,40.41,40.68,40.37,40.42,11583569,KO
13-06-2014,40.39,40.54,40.25,40.37,9203771,KO
16-06-2014,40.19,40.77,40.15,40.66,12878160,KO
17-06-2014,41.18,41.2,40.61,40.92,26927159,KO
18-06-2014,40.79,41.57,40.75,41.56,18518178,KO
19-06-2014,41.54,41.87,41.53,41.79,13275256,KO
20-06-2014,41.87,41.88,41.53,41.69,23403271,KO
23-06-2014,41.46,41.74,41.33,41.73,13099754,KO
24-06-2014,41.52,41.89,41.47,41.85,14962791,KO
25-06-2014,41.6,41.98,41.46,41.96,17621843,KO
26-06-2014,41.91,42.05,41.78,42.03,16905479,KO
27-06-2014,41.99,42.29,41.91,42.19,18674412,KO
30-06-2014,41.98,42.49,41.82,42.36,14068762,KO
01-07-2014,42.39,42.45,42.15,42.29,11497697,KO
02-07-2014,42.31,42.41,42.15,42.29,6707175,KO
03-07-2014,42.26,42.32,42.01,42.23,7537718,KO
07-07-2014,41.96,42.2,41.93,42.14,9000085,KO
08-07-2014,41.97,42.25,41.91,41.94,10091147,KO
09-07-2014,41.93,42.16,41.79,41.95,9900209,KO
10-07-2014,41.56,42.29,41.55,42.26,12564494,KO
11-07-2014,42.12,42.25,41.88,41.97,9772958,KO
14-07-2014,41.99,42.39,41.98,42.38,11857698,KO
15-07-2014,42.41,42.43,41.95,42.1,10551682,KO
16-07-2014,42.26,42.39,42.02,42.12,10331524,KO
17-07-2014,41.93,42.15,41.83,42.02,9983505,KO
18-07-2014,42.14,42.47,42.02,42.43,19272396,KO
21-07-2014,42.12,42.57,42.09,42.4,17607218,KO
22-07-2014,41.1,41.33,40.61,41.19,24707572,KO
23-07-2014,40.98,41.05,40.63,40.81,17531713,KO
24-07-2014,40.97,41.1,40.66,40.97,14856012,KO
25-07-2014,40.92,41.04,40.81,41,10809949,KO
28-07-2014,40.99,41,40.61,40.68,11709721,KO
29-07-2014,40.75,40.78,40.35,40.35,10872629,KO
30-07-2014,40.45,40.5,39.61,39.62,20346235,KO
31-07-2014,39.53,39.73,39.25,39.29,15436851,KO
01-08-2014,39.41,39.46,39.12,39.4,11012915,KO
04-08-2014,39.41,39.46,39.12,39.4,11013475,KO
05-08-2014,39.34,39.53,39.1,39.18,11639154,KO
06-08-2014,39.13,39.96,39.13,39.92,17567544,KO
07-08-2014,39.96,40.01,39.33,39.35,14367594,KO
08-08-2014,39.34,39.58,39.26,39.45,13666969,KO
11-08-2014,39.52,39.87,39.52,39.57,14102644,KO
12-08-2014,39.56,39.84,39.54,39.68,13297538,KO
13-08-2014,39.7,40.1,39.7,39.94,9638888,KO
14-08-2014,39.93,40.19,39.93,40.18,6902023,KO
15-08-2014,40.85,41.15,40.66,40.88,23221550,KO
18-08-2014,40.79,41.42,40.79,41.35,14892233,KO
19-08-2014,41.35,41.48,41.16,41.26,10261305,KO
20-08-2014,41.15,41.34,41.09,41.25,6791695,KO
21-08-2014,41.29,41.69,41.22,41.41,11951213,KO
22-08-2014,41.29,41.52,41.05,41.12,11244643,KO
25-08-2014,41.32,41.45,41.12,41.41,10229332,KO
26-08-2014,41.41,41.7,41.41,41.6,8416524,KO
27-08-2014,41.53,41.71,41.44,41.6,7701957,KO
28-08-2014,41.51,41.7,41.44,41.63,9747093,KO
29-08-2014,41.6,41.75,41.47,41.72,7666718,KO
02-09-2014,41.52,41.84,41.31,41.64,9798704,KO
03-09-2014,41.69,41.85,41.66,41.78,8644484,KO
04-09-2014,41.8,42.17,41.73,41.87,16785311,KO
05-09-2014,41.86,41.86,41.61,41.84,12768144,KO
08-09-2014,41.67,41.94,41.63,41.78,9097707,KO
09-09-2014,41.77,42.03,41.75,41.94,11892490,KO
10-09-2014,41.9,42.19,41.83,42.17,17558019,KO
11-09-2014,41.68,42.06,41.66,41.95,19615854,KO
12-09-2014,41.9,41.92,41.36,41.46,12979948,KO
15-09-2014,41.45,41.58,41.33,41.5,12259597,KO
16-09-2014,41.29,41.8,41.18,41.64,15232844,KO
17-09-2014,41.77,41.78,41.32,41.61,16703094,KO
18-09-2014,41.75,41.88,41.55,41.79,12594172,KO
19-09-2014,41.98,42.35,41.75,42.05,47559738,KO
22-09-2014,41.85,42.25,41.73,42.22,11518108,KO
23-09-2014,42,42.16,41.88,41.89,10252374,KO
24-09-2014,41.85,42.34,41.85,42.27,13540935,KO
25-09-2014,42.06,42.17,41.77,41.78,11076728,KO
26-09-2014,42,42.25,41.71,42.2,9939569,KO
29-09-2014,41.9,42.26,41.88,42.25,12446707,KO
30-09-2014,42.1,42.81,42.08,42.66,22613730,KO
01-10-2014,42.55,42.85,42.37,42.74,30409720,KO
02-10-2014,42.6,42.78,42.42,42.66,16643440,KO
03-10-2014,42.86,43.07,42.66,43,14046676,KO
06-10-2014,43.03,43.68,42.97,43.6,20331446,KO
07-10-2014,43.48,44.14,43.48,43.92,24936592,KO
08-10-2014,43.58,44.56,43.51,44.55,26115610,KO
09-10-2014,44.44,44.75,43.87,43.87,25030528,KO
10-10-2014,43.88,44.87,43.85,44.47,25920757,KO
13-10-2014,44.28,44.63,44.03,44.07,20183940,KO
14-10-2014,44.04,44.12,43.47,43.64,21027832,KO
15-10-2014,42.7,43.53,42.7,43.23,22988937,KO
16-10-2014,42.65,42.94,42.38,42.56,22519282,KO
17-10-2014,42.69,43.03,42.31,42.88,23236041,KO
20-10-2014,42.75,43.47,42.71,43.29,17647782,KO
21-10-2014,40.8,41.19,40.26,40.68,55953509,KO
22-10-2014,40.19,41.11,40.1,40.62,27728233,KO
23-10-2014,40.94,41.38,40.74,40.86,23347181,KO
24-10-2014,40.98,41.27,40.92,41.03,13396421,KO
27-10-2014,40.7,40.91,40.56,40.76,17222528,KO
28-10-2014,40.76,40.86,40.51,40.56,18660970,KO
29-10-2014,42.3,42.54,41.99,42.31,20674861,KO
30-10-2014,41,41.59,40.83,41.4,18295604,KO
31-10-2014,41.83,41.89,41.4,41.88,18477684,KO
03-11-2014,41.79,42.28,41.59,41.81,13239536,KO
04-11-2014,41.77,42.05,41.66,41.82,10105358,KO
05-11-2014,42.3,42.54,41.99,42.31,20676761,KO
06-11-2014,42.43,42.62,42.11,42.29,11528817,KO
07-11-2014,42.45,42.46,42.14,42.32,11803792,KO
10-11-2014,42.25,42.57,42.09,42.39,9088938,KO
11-11-2014,42.38,42.71,42.36,42.51,8563691,KO
12-11-2014,42.51,42.89,42.31,42.71,12768769,KO
13-11-2014,42.65,43.08,42.63,42.79,12007696,KO
14-11-2014,42.7,42.97,42.5,42.73,10939478,KO
17-11-2014,42.75,42.99,42.73,42.92,10663996,KO
18-11-2014,42.95,43.86,42.75,43.53,26143194,KO
19-11-2014,43.67,44.43,43.56,44.22,25402296,KO
20-11-2014,43.96,44.42,43.85,44.25,13465446,KO
21-11-2014,44.58,44.74,44.28,44.5,14382672,KO
24-11-2014,44.51,44.78,44.2,44.27,12890827,KO
25-11-2014,44.27,44.59,44.12,44.43,10741655,KO
26-11-2014,43.99,44.37,43.97,44.29,9200463,KO
28-11-2014,44.15,45,44.15,44.83,10501972,KO
01-12-2014,44.18,44.77,44.13,44.55,10065657,KO
02-12-2014,44.37,44.67,44.23,44.54,9878097,KO
03-12-2014,44.42,44.44,43.76,43.8,15246481,KO
04-12-2014,43.62,43.84,43.37,43.5,13804776,KO
05-12-2014,43.5,43.61,43.2,43.53,12536928,KO
08-12-2014,43.51,43.63,43.09,43.14,12806339,KO
09-12-2014,42.15,42.53,41.67,42.04,25714579,KO
10-12-2014,42.04,42.24,41.56,41.6,18324132,KO
11-12-2014,41.62,42.01,41.5,41.53,16201523,KO
12-12-2014,41.39,41.61,40.87,40.91,18432381,KO
15-12-2014,41.13,41.18,40.56,40.57,23378508,KO
16-12-2014,40.2,41.31,39.8,40.39,23475421,KO
17-12-2014,40.44,41.76,40.38,41.55,20223938,KO
18-12-2014,41.86,42.39,41.75,42.39,18030716,KO
19-12-2014,42.44,42.79,41.89,41.95,24009502,KO
22-12-2014,42.14,42.44,42.09,42.35,11190862,KO
23-12-2014,42.54,43.14,42.47,42.97,13411294,KO
24-12-2014,43.1,43.23,42.92,42.94,6405910,KO
26-12-2014,42.97,43.3,42.93,42.96,6466883,KO
29-12-2014,42.8,43.06,42.49,42.86,8694509,KO
30-12-2014,42.74,42.99,42.65,42.76,9222049,KO
31-12-2014,42.92,42.94,42.22,42.22,9369464,KO
02-01-2015,42.26,42.4,41.8,42.14,9921091,KO
05-01-2015,42.69,42.97,42.08,42.14,26292592,KO
06-01-2015,42.41,42.94,42.24,42.46,16897487,KO
07-01-2015,42.8,43.11,42.58,42.99,13412270,KO
08-01-2015,43.18,43.57,43.1,43.51,21743628,KO
09-01-2015,43.47,43.56,42.95,43.03,12733549,KO
12-01-2015,43.07,43.2,42.46,42.64,11415829,KO
13-01-2015,42.83,43.24,42.45,42.63,12529493,KO
14-01-2015,42.08,42.6,42.07,42.56,13447646,KO
15-01-2015,42.83,42.86,42.17,42.38,11193063,KO
16-01-2015,42.36,42.59,42.24,42.53,15114873,KO
20-01-2015,42.7,43.33,42.61,43.16,17047295,KO
21-01-2015,42.89,43.43,42.76,43.36,10720566,KO
22-01-2015,43.37,43.83,43.07,43.78,14709117,KO
23-01-2015,43.6,43.75,43.18,43.31,12357723,KO
26-01-2015,43.18,43.23,42.83,43,11151861,KO
27-01-2015,42.54,42.64,42.15,42.39,15274036,KO
28-01-2015,42.59,42.8,41.9,41.92,14278506,KO
29-01-2015,41.77,42.15,41.47,42.1,13657918,KO
30-01-2015,41.83,41.93,41.11,41.17,19193704,KO
02-02-2015,41.21,41.63,40.9,41.59,15197517,KO
03-02-2015,41.75,41.85,41.37,41.63,13193129,KO
04-02-2015,41.77,42.09,41.62,41.68,16399992,KO
05-02-2015,41.8,41.82,41.51,41.79,11078513,KO
06-02-2015,41.63,41.76,41.32,41.45,12366380,KO
09-02-2015,41.38,41.45,41.04,41.23,13371066,KO
10-02-2015,42.91,43.03,42.2,42.4,32184188,KO
11-02-2015,42.1,42.49,41.7,42.37,20496282,KO
12-02-2015,42.4,42.66,42.07,42.17,13818248,KO
13-02-2015,42.02,42.23,41.76,41.99,10792091,KO
17-02-2015,41.81,41.88,41.64,41.81,12804246,KO
18-02-2015,41.75,41.8,41.47,41.73,9789765,KO
19-02-2015,41.68,42.24,41.53,42.11,16578304,KO
20-02-2015,42.04,42.11,41.64,41.97,15982353,KO
23-02-2015,41.71,42.17,41.69,41.85,11830339,KO
24-02-2015,41.85,42.33,41.77,42.13,12782659,KO
25-02-2015,42.17,42.24,41.74,42.05,10323318,KO
26-02-2015,42.04,42.55,41.97,42.46,14346538,KO
27-02-2015,42.52,43.66,42.47,43.3,28312835,KO
02-03-2015,43.12,43.28,43.08,43.2,13514600,KO
03-03-2015,43.11,43.16,42.84,42.95,10036311,KO
04-03-2015,42.92,42.98,42.47,42.5,16262994,KO
05-03-2015,42.56,42.61,42.25,42.4,9222960,KO
06-03-2015,42.12,42.2,41.33,41.52,18180467,KO
09-03-2015,41.53,41.55,41.32,41.39,10123274,KO
10-03-2015,41.1,41.15,40.68,40.69,14599065,KO
11-03-2015,40.73,40.73,40.08,40.1,18549681,KO
12-03-2015,40.1,40.57,40.02,40.57,17728747,KO
13-03-2015,40.44,40.57,39.61,39.91,17438430,KO
16-03-2015,40,40.35,39.99,40.29,15238783,KO
17-03-2015,40.67,40.73,40.32,40.51,21661805,KO
18-03-2015,40.48,40.79,39.8,40.6,26247491,KO
19-03-2015,40.48,40.52,39.96,40.02,16057555,KO
20-03-2015,40.07,40.66,40.01,40.65,31608480,KO
23-03-2015,40.64,40.94,40.5,40.62,17060523,KO
24-03-2015,40.91,40.99,40.47,40.47,13485734,KO
25-03-2015,40.59,40.7,40.24,40.45,22811328,KO
26-03-2015,40.34,40.56,40.23,40.35,17359635,KO
27-03-2015,40.48,40.48,39.97,40.08,14384361,KO
30-03-2015,40.11,40.61,39.94,40.51,12561436,KO
31-03-2015,40.51,40.9,40.35,40.55,16604780,KO
01-04-2015,40.79,40.81,40.23,40.68,14300701,KO
02-04-2015,40.73,40.87,40.48,40.68,14343102,KO
06-04-2015,40.77,41.61,40.59,41.17,19843401,KO
07-04-2015,41.05,41.37,40.97,41.01,9773391,KO
08-04-2015,40.98,41.09,40.74,40.89,8954659,KO
09-04-2015,40.8,41.08,40.63,41.05,12710885,KO
10-04-2015,41.09,41.16,40.85,40.88,8719980,KO
13-04-2015,40.97,40.97,40.7,40.7,9616271,KO
14-04-2015,40.59,40.65,40.32,40.51,11209674,KO
15-04-2015,40.59,40.81,40.32,40.4,11189056,KO
16-04-2015,40.41,40.86,40.3,40.6,13120966,KO
17-04-2015,40.47,40.66,40.1,40.3,15330311,KO
20-04-2015,40.42,40.9,40.41,40.66,13023939,KO
21-04-2015,40.67,40.99,40.54,40.78,19673063,KO
22-04-2015,41.56,41.57,41.07,41.31,26887158,KO
23-04-2015,41.23,41.41,40.92,40.95,17408798,KO
24-04-2015,41.04,41.12,40.81,40.89,11623319,KO
27-04-2015,41,41.15,40.78,40.83,10044553,KO
28-04-2015,40.95,40.97,40.6,40.77,12174756,KO
29-04-2015,40.66,40.75,40.4,40.49,11371397,KO
30-04-2015,40.4,40.58,40.28,40.56,12700757,KO
01-05-2015,40.58,40.93,40.5,40.91,10848323,KO
04-05-2015,40.88,41.1,40.77,40.96,10204805,KO
05-05-2015,41.14,41.14,40.68,40.75,11721254,KO
06-05-2015,41.04,41.09,40.39,40.66,11906874,KO
07-05-2015,40.53,40.91,40.51,40.7,13834747,KO
08-05-2015,41,41.17,40.85,40.98,11144434,KO
11-05-2015,40.98,41.39,40.88,40.94,10113526,KO
12-05-2015,40.77,40.96,40.52,40.69,12384499,KO
13-05-2015,40.75,41.36,40.72,41.05,13183745,KO
14-05-2015,41.3,41.6,41.25,41.5,9960964,KO
15-05-2015,41.45,41.69,41.43,41.52,8479028,KO
18-05-2015,41.49,41.49,41.25,41.32,11511687,KO
19-05-2015,41.23,41.39,41.13,41.31,9071997,KO
20-05-2015,41.37,41.59,41.31,41.35,10965231,KO
21-05-2015,41.26,41.32,41.07,41.23,9270925,KO
22-05-2015,41.12,41.24,41.04,41.21,11909499,KO
26-05-2015,41.12,41.18,40.74,40.99,15194348,KO
27-05-2015,40.94,41.2,40.83,41.12,9863138,KO
28-05-2015,41.2,41.3,40.88,41.14,9395168,KO
29-05-2015,41.18,41.18,40.77,40.96,19628649,KO
01-06-2015,41.36,41.41,40.88,40.94,12684052,KO
02-06-2015,40.84,41.16,40.68,40.99,11878845,KO
03-06-2015,41.1,41.21,40.78,40.87,8153777,KO
04-06-2015,40.71,40.98,40.53,40.59,10145794,KO
05-06-2015,40.48,40.52,40.08,40.1,15975551,KO
08-06-2015,40.1,40.26,40.02,40.16,14339260,KO
09-06-2015,40.17,40.42,40.11,40.2,10772741,KO
10-06-2015,40.32,40.54,40.28,40.33,11979870,KO
11-06-2015,40.11,40.25,40.03,40.1,11944854,KO
12-06-2015,40.04,40.12,39.84,39.96,15568577,KO
15-06-2015,39.83,39.86,39.57,39.59,11364793,KO
16-06-2015,39.63,40.16,39.6,40.08,12517410,KO
17-06-2015,40.08,40.32,40.01,40.27,13898422,KO
18-06-2015,40.16,40.74,40.16,40.65,16314590,KO
19-06-2015,40.59,40.65,40.4,40.4,23550571,KO
22-06-2015,40.51,40.81,40.46,40.48,8775913,KO
23-06-2015,40.43,40.52,40.31,40.38,11094928,KO
24-06-2015,40.37,40.45,40.19,40.19,10385088,KO
25-06-2015,40.28,40.34,40.02,40.02,10607592,KO
26-06-2015,40.1,40.35,40,40,16215596,KO
29-06-2015,39.8,39.98,39.4,39.4,15500771,KO
30-06-2015,39.61,39.61,39.12,39.23,14621325,KO
01-07-2015,39.38,39.6,39.28,39.5,11177431,KO
02-07-2015,39.63,39.81,39.35,39.49,8975923,KO
06-07-2015,39.32,39.6,39.22,39.42,10252593,KO
07-07-2015,39.49,40.38,39.4,40.25,20335005,KO
08-07-2015,39.99,40.23,39.84,39.86,11383747,KO
09-07-2015,40.46,40.58,39.9,39.92,13392040,KO
10-07-2015,40.27,40.52,40.16,40.39,13360379,KO
13-07-2015,40.56,40.77,40.49,40.66,9854203,KO
14-07-2015,40.9,41.26,40.84,41.17,19531043,KO
15-07-2015,41.15,41.36,41.1,41.13,11252142,KO
16-07-2015,41.42,41.6,41.35,41.48,10483688,KO
17-07-2015,41.31,41.32,41.05,41.25,9608302,KO
20-07-2015,41.35,41.54,41.22,41.38,10024168,KO
21-07-2015,41.38,41.52,41.1,41.19,13653823,KO
22-07-2015,40.81,41.59,40.59,40.9,15528630,KO
23-07-2015,40.99,41.02,40.48,40.84,13522199,KO
24-07-2015,40.76,40.83,40.41,40.44,10912528,KO
27-07-2015,40.28,40.58,40.16,40.54,10945666,KO
28-07-2015,40.65,40.73,40.44,40.55,11021821,KO
29-07-2015,40.53,40.71,40.49,40.59,8479899,KO
30-07-2015,40.55,40.75,40.39,40.56,9095488,KO
31-07-2015,40.88,41.22,40.77,41.08,15309490,KO
03-08-2015,40.85,41.55,40.84,41.54,14672571,KO
04-08-2015,41.51,41.87,41.34,41.85,17559905,KO
05-08-2015,41.92,42.22,41.82,42.12,15329248,KO
06-08-2015,42,42.25,41.86,41.92,11378874,KO
07-08-2015,41.81,41.97,41.53,41.77,10886719,KO
10-08-2015,41.89,41.99,41.58,41.68,9501875,KO
11-08-2015,41.4,41.57,41.17,41.48,11254885,KO
12-08-2015,41.13,41.26,40.85,41.26,9793289,KO
13-08-2015,41.28,41.38,41.01,41.1,10270853,KO
14-08-2015,41.01,41.25,40.96,41.25,9905619,KO
17-08-2015,41.03,41.45,40.97,41.35,8272813,KO
18-08-2015,41.28,41.53,41.19,41.3,11199353,KO
19-08-2015,41.14,41.24,40.78,40.78,15796292,KO
20-08-2015,40.52,40.82,40.42,40.55,14217983,KO
21-08-2015,40.16,40.47,39.51,39.53,28036173,KO
24-08-2015,37.99,38.94,36.56,38.38,44065301,KO
25-08-2015,39.13,39.28,37.93,37.99,31363717,KO
26-08-2015,38.75,38.83,37.89,38.73,23523272,KO
27-08-2015,39.06,39.38,38.6,39.27,18871551,KO
28-08-2015,39.11,39.47,39.05,39.45,14503887,KO
31-08-2015,39.15,39.45,39.05,39.32,12673262,KO
01-09-2015,38.67,39.03,38.54,38.75,23703211,KO
02-09-2015,39.03,39.07,38.56,38.9,14054821,KO
03-09-2015,38.9,39.34,38.84,39.16,13311591,KO
04-09-2015,38.68,38.79,38.38,38.52,15450547,KO
08-09-2015,38.87,39.03,38.6,38.9,15273936,KO
09-09-2015,39.12,39.21,38.2,38.3,13764593,KO
10-09-2015,38.31,38.65,38.25,38.42,14952537,KO
11-09-2015,38.01,38.19,37.84,38.13,11802271,KO
14-09-2015,38.22,38.22,37.85,38.1,8950014,KO
15-09-2015,38.07,38.63,37.92,38.5,13019802,KO
16-09-2015,38.67,39.19,38.47,39.15,22233383,KO
17-09-2015,39.15,39.61,39.04,39.38,21232475,KO
18-09-2015,38.86,39.3,38.71,38.98,27527257,KO
21-09-2015,39.05,39.31,38.94,39.19,12935770,KO
22-09-2015,38.68,38.99,38.58,38.79,15021341,KO
23-09-2015,38.79,38.88,38.55,38.76,8910787,KO
24-09-2015,38.52,39.2,38.51,39.15,19385676,KO
25-09-2015,39.43,40.08,39.33,39.62,22511328,KO
28-09-2015,39.52,39.82,39.33,39.53,19323124,KO
29-09-2015,39.52,39.71,39.33,39.66,14166903,KO
30-09-2015,39.88,40.23,39.8,40.12,19752636,KO
01-10-2015,40.22,40.47,39.6,39.8,19606626,KO
02-10-2015,39.56,40.39,39.36,40.39,15537258,KO
05-10-2015,40.45,41.05,40.43,41.01,15664041,KO
06-10-2015,41.04,41.34,40.93,40.96,14579392,KO
07-10-2015,41.14,41.61,41.1,41.52,14401357,KO
08-10-2015,41.26,41.99,41.26,41.98,11960174,KO
09-10-2015,41.82,42.12,41.78,42.02,13931163,KO
12-10-2015,41.83,42.29,41.81,42,12299062,KO
13-10-2015,41.8,41.91,41.54,41.65,12903557,KO
14-10-2015,41.56,41.96,41.56,41.68,14180003,KO
15-10-2015,41.87,42.03,41.6,41.92,11801562,KO
16-10-2015,42.16,42.21,41.88,42.02,20384217,KO
19-10-2015,41.9,42.06,41.8,41.99,15553774,KO
20-10-2015,42,42.4,42,42.29,16199274,KO
21-10-2015,41.94,42.52,41.71,42.19,19441875,KO
22-10-2015,42.44,43.85,42.41,43.24,35920184,KO
23-10-2015,43.31,43.31,42.75,42.79,18796054,KO
26-10-2015,42.76,42.89,42.46,42.59,14788551,KO
27-10-2015,42.5,42.77,42.48,42.61,30166606,KO
28-10-2015,42.75,42.84,42.21,42.73,13667307,KO
29-10-2015,42.66,42.9,42.34,42.79,9427360,KO
30-10-2015,42.8,42.86,42.35,42.35,15356150,KO
02-11-2015,42.32,42.36,41.9,42.24,16252244,KO
03-11-2015,42.18,42.32,41.81,42.16,9693096,KO
04-11-2015,42.27,42.39,41.89,41.97,10488505,KO
05-11-2015,42,42.35,41.98,42.33,9625114,KO
06-11-2015,41.97,42.22,41.61,41.96,11926701,KO
09-11-2015,41.7,41.79,41.34,41.54,10842712,KO
10-11-2015,41.44,41.81,41.43,41.77,8283092,KO
11-11-2015,41.94,42.2,41.92,42.04,9101167,KO
12-11-2015,42.01,42.05,41.57,41.58,10724972,KO
13-11-2015,41.46,41.78,41.36,41.38,11619468,KO
16-11-2015,41.43,42,41.39,41.96,11244857,KO
17-11-2015,41.85,42.15,41.51,41.67,12739365,KO
18-11-2015,41.77,42.35,41.68,42.28,12966287,KO
19-11-2015,42.32,43.3,42.32,43.11,24090723,KO
20-11-2015,43.31,43.58,42.4,42.43,19780761,KO
23-11-2015,42.55,43.18,42.53,42.96,13338134,KO
24-11-2015,42.7,43.6,42.66,43.36,15767155,KO
25-11-2015,43.32,43.5,43.24,43.36,10344857,KO
27-11-2015,43.04,43.24,42.8,43.15,7236711,KO
30-11-2015,43.12,43.15,42.61,42.62,16063027,KO
01-12-2015,42.73,43.1,42.73,42.89,11153028,KO
02-12-2015,42.83,42.93,42.59,42.77,12598499,KO
03-12-2015,42.73,42.89,42.32,42.46,15004860,KO
04-12-2015,42.58,43.48,42.58,43.29,16487972,KO
07-12-2015,43.31,43.44,43,43.2,12030718,KO
08-12-2015,43.05,43.25,42.8,43.01,10736213,KO
09-12-2015,42.78,43.27,42.5,42.66,12945502,KO
10-12-2015,42.73,43.07,42.53,42.76,15483321,KO
11-12-2015,42.63,42.83,42.14,42.27,17313343,KO
14-12-2015,42.31,42.76,41.97,42.45,20092892,KO
15-12-2015,42.84,43.24,42.76,43.07,17916382,KO
16-12-2015,43.25,43.91,43.25,43.84,21868610,KO
17-12-2015,43.81,43.89,43.42,43.49,14697025,KO
18-12-2015,43.36,43.42,42.5,42.5,24583695,KO
21-12-2015,42.82,42.94,42.46,42.78,10444353,KO
22-12-2015,42.86,43.39,42.71,43.29,12280757,KO
23-12-2015,43.39,43.73,43.35,43.67,9092284,KO
24-12-2015,43.49,43.72,43.42,43.54,3036573,KO
28-12-2015,43.44,43.52,43.31,43.49,6326143,KO
29-12-2015,43.54,43.78,43.5,43.71,7739815,KO
30-12-2015,43.75,43.77,43.45,43.57,5112475,KO
31-12-2015,43.3,43.34,42.87,42.96,9727907,KO
04-01-2016,42.34,42.5,41.97,42.4,16084145,KO
05-01-2016,42.31,42.63,42.17,42.55,15781895,KO
06-01-2016,42.2,42.51,42.04,42.32,16245132,KO
07-01-2016,41.65,42.11,41.45,41.62,20563576,KO
08-01-2016,41.65,42.12,41.41,41.51,14645913,KO
11-01-2016,41.58,41.86,41.29,41.58,15815238,KO
12-01-2016,42.3,42.45,41.87,42.12,21814837,KO
13-01-2016,42.17,42.57,41.79,41.85,16854282,KO
14-01-2016,41.99,42.17,41.64,41.88,16027968,KO
15-01-2016,40.95,41.59,40.93,41.5,21153592,KO
19-01-2016,41.77,42.12,41.65,41.92,15462240,KO
20-01-2016,41.45,41.62,40.75,41.38,19923495,KO
21-01-2016,41.45,41.51,41.09,41.39,15568891,KO
22-01-2016,41.64,42.24,41.45,42.06,15209235,KO
25-01-2016,42.24,42.5,41.93,42.16,12505160,KO
26-01-2016,42.16,42.5,41.93,42.08,13018471,KO
27-01-2016,42.18,42.46,41.81,42.09,14167021,KO
28-01-2016,42.18,42.72,42.06,42.57,16622840,KO
29-01-2016,42.86,43.26,42.65,42.92,20457028,KO
01-02-2016,42.6,43.15,42.57,43,17097846,KO
02-02-2016,42.7,42.79,42.41,42.44,12332896,KO
03-02-2016,42.8,42.94,42.28,42.72,15958302,KO
04-02-2016,42.52,42.89,42.4,42.53,14413744,KO
05-02-2016,42.93,42.99,42.26,42.44,17315697,KO
08-02-2016,42.17,42.7,41.9,42.65,17254432,KO
09-02-2016,42.26,43.49,42.26,43.3,24853835,KO
10-02-2016,43.34,43.39,42.51,42.55,16729648,KO
11-02-2016,42.03,42.61,41.98,42.41,16825341,KO
12-02-2016,42.72,43.14,42.56,43.11,15222405,KO
16-02-2016,43.32,43.46,43.02,43.36,12675861,KO
17-02-2016,43.42,43.62,43.28,43.49,12332503,KO
18-02-2016,43.63,43.73,43.3,43.61,11170259,KO
19-02-2016,43.58,43.77,43.28,43.77,12849973,KO
22-02-2016,43.76,44.16,43.63,43.94,20716140,KO
23-02-2016,43.74,44.05,43.66,43.69,11166383,KO
24-02-2016,43.56,43.94,43.37,43.91,10844226,KO
25-02-2016,43.96,44.18,43.87,44.16,10903294,KO
26-02-2016,44.04,44.06,43.11,43.14,18421002,KO
29-02-2016,43.17,43.61,42.92,43.13,15049765,KO
01-03-2016,43.38,43.69,43.17,43.69,12358255,KO
02-03-2016,43.47,43.77,43.42,43.77,12856312,KO
03-03-2016,43.61,43.98,43.54,43.96,13134766,KO
04-03-2016,43.78,44.15,43.68,44.11,13691531,KO
07-03-2016,43.91,44.14,43.86,44.01,10695323,KO
08-03-2016,43.92,44.47,43.81,44.32,18900248,KO
09-03-2016,44.39,44.83,44.29,44.81,18466621,KO
10-03-2016,44.84,45.26,44.68,45.23,28908569,KO
11-03-2016,45,45.25,44.93,45.2,16129805,KO
14-03-2016,45.04,45.42,45.04,45.29,13206678,KO
15-03-2016,45.08,45.56,45.07,45.24,13686335,KO
16-03-2016,45.05,45.17,44.55,45.05,15386132,KO
17-03-2016,45.05,45.91,44.97,45.77,24076727,KO
18-03-2016,45.84,45.87,45.39,45.6,23853439,KO
21-03-2016,45.42,45.87,45.36,45.67,9740372,KO
22-03-2016,45.55,45.73,45.39,45.5,13788291,KO
23-03-2016,45.4,45.71,45.35,45.46,9292052,KO
24-03-2016,45.45,45.6,45.19,45.58,10890206,KO
28-03-2016,45.56,45.93,45.51,45.8,13306594,KO
29-03-2016,45.86,46.51,45.81,46.48,25010417,KO
30-03-2016,46.63,46.73,46.33,46.58,14312186,KO
31-03-2016,46.55,46.88,46.32,46.39,15544517,KO
01-04-2016,46.14,46.87,46.11,46.83,14922876,KO
04-04-2016,46.84,46.93,46.5,46.89,10629837,KO
05-04-2016,46.62,46.81,46.44,46.53,10696703,KO
06-04-2016,46.57,46.73,46.38,46.71,9122659,KO
07-04-2016,46.5,46.58,46.16,46.36,9291960,KO
08-04-2016,46.44,46.98,46.44,46.87,11959305,KO
11-04-2016,46.9,47.13,46.41,46.44,11880062,KO
12-04-2016,46.41,46.76,46.35,46.65,11219103,KO
13-04-2016,46.77,46.78,45.82,46.04,13234140,KO
14-04-2016,46.06,46.22,45.75,45.83,12982242,KO
15-04-2016,45.82,46.16,45.68,46.1,13647784,KO
18-04-2016,46.13,46.28,45.82,46.22,11538098,KO
19-04-2016,46.31,46.62,46.15,46.6,14418258,KO
20-04-2016,45.34,45.38,44.06,44.37,40360297,KO
21-04-2016,44.26,44.28,42.87,43.66,37206893,KO
22-04-2016,43.79,44.66,43.79,44.54,25134220,KO
25-04-2016,44.5,44.72,44.38,44.71,11173788,KO
26-04-2016,44.92,44.96,44.43,44.53,13935517,KO
27-04-2016,44.64,44.86,44.25,44.68,11335539,KO
28-04-2016,44.5,44.9,44.46,44.63,10932525,KO
29-04-2016,44.53,44.86,44.5,44.8,11716045,KO
02-05-2016,44.57,45.19,44.57,44.98,12577467,KO
03-05-2016,44.87,45.07,44.65,44.84,10420484,KO
04-05-2016,44.72,45.11,44.51,44.98,9350517,KO
05-05-2016,44.93,45.49,44.87,45.06,8801093,KO
06-05-2016,45.06,45.41,44.92,45.32,8564035,KO
09-05-2016,45.32,45.5,45.17,45.24,8110576,KO
10-05-2016,45.44,45.84,45.42,45.75,8933457,KO
11-05-2016,45.73,45.88,45.45,45.46,8833105,KO
12-05-2016,45.55,45.9,45.49,45.83,10463436,KO
13-05-2016,45.75,45.83,45.23,45.35,10341197,KO
16-05-2016,45.16,45.73,45.14,45.62,9413602,KO
17-05-2016,45.45,45.56,44.71,44.75,17457008,KO
18-05-2016,44.56,44.83,44.23,44.48,12524275,KO
19-05-2016,44.25,44.39,44.04,44.32,10659524,KO
20-05-2016,44.51,44.54,43.94,43.95,12914133,KO
23-05-2016,44.07,44.16,43.94,43.97,13554700,KO
24-05-2016,44.1,44.42,44,44.37,12634212,KO
25-05-2016,44.51,44.63,44.25,44.38,9218444,KO
26-05-2016,44.53,44.77,44.44,44.69,8695753,KO
27-05-2016,44.71,44.96,44.65,44.78,7893894,KO
31-05-2016,44.98,44.98,44.26,44.6,18935249,KO
01-06-2016,44.6,44.78,44.49,44.7,8916015,KO
02-06-2016,44.7,44.72,44.5,44.72,6693945,KO
03-06-2016,44.75,45.05,44.68,45.04,13434865,KO
06-06-2016,45.09,45.48,45.08,45.37,10310560,KO
07-06-2016,45.35,45.48,45.2,45.32,9812617,KO
08-06-2016,45.24,45.66,45.19,45.55,7915417,KO
09-06-2016,45.33,45.8,45.31,45.76,8042866,KO
10-06-2016,45.62,46.01,45.56,46,12357013,KO
13-06-2016,45.48,45.67,45.09,45.12,10613533,KO
14-06-2016,44.85,45.13,44.44,45.04,11298208,KO
15-06-2016,45.12,45.34,44.88,45.01,8360350,KO
16-06-2016,44.87,45.34,44.72,45.31,11305429,KO
17-06-2016,45.17,45.22,44.38,44.79,20805405,KO
20-06-2016,45.09,45.31,44.96,44.98,10712366,KO
21-06-2016,45.16,45.28,45,45.13,7919395,KO
22-06-2016,45.25,45.33,44.81,44.86,10738930,KO
23-06-2016,45.03,45.17,44.84,45.08,9655345,KO
24-06-2016,44.2,44.56,43.82,43.93,26003657,KO
27-06-2016,43.67,43.89,43.32,43.78,15805581,KO
28-06-2016,44.06,44.19,43.67,44.18,16509784,KO
29-06-2016,44.39,44.71,44.24,44.44,12250905,KO
30-06-2016,44.52,45.33,44.49,45.33,16056522,KO
01-07-2016,45.32,45.41,45.07,45.12,11799738,KO
05-07-2016,45.16,45.67,45.15,45.43,12339123,KO
06-07-2016,45.5,45.55,44.92,45.27,10902573,KO
07-07-2016,45.42,45.52,44.97,45.09,9741108,KO
08-07-2016,45.3,45.52,45.07,45.38,11127077,KO
11-07-2016,45.35,45.77,45.11,45.57,10937780,KO
12-07-2016,45.64,45.71,45.18,45.58,9746907,KO
13-07-2016,45.61,45.76,45.43,45.74,8028398,KO
14-07-2016,45.73,45.94,45.58,45.69,7621235,KO
15-07-2016,45.88,45.9,45.44,45.63,10620966,KO
18-07-2016,45.69,45.7,45.48,45.63,7958371,KO
19-07-2016,45.46,45.71,45.43,45.63,7761133,KO
20-07-2016,45.75,45.77,45.39,45.51,8478211,KO
21-07-2016,45.34,45.51,45.26,45.45,8150077,KO
22-07-2016,45.5,45.84,45.46,45.83,8836148,KO
25-07-2016,45.81,45.83,45.47,45.57,9134338,KO
26-07-2016,45.53,45.65,44.83,44.88,15819907,KO
27-07-2016,43.9,44.06,43.1,43.4,37461073,KO
28-07-2016,43.27,43.69,43.22,43.65,13077828,KO
29-07-2016,43.72,43.75,43.48,43.63,16530511,KO
01-08-2016,43.69,43.83,43.43,43.45,12349682,KO
02-08-2016,43.35,43.58,43.31,43.53,12825187,KO
03-08-2016,43.66,43.7,43.37,43.64,12119080,KO
04-08-2016,43.56,43.8,43.4,43.51,11244053,KO
05-08-2016,43.65,43.75,43.41,43.48,10398203,KO
08-08-2016,43.43,43.52,43.22,43.44,8680309,KO
09-08-2016,43.5,43.64,43.38,43.47,7281332,KO
10-08-2016,43.64,43.69,43.5,43.61,8412055,KO
11-08-2016,43.72,43.87,43.62,43.75,11303281,KO
12-08-2016,43.91,44.19,43.79,44.03,10928925,KO
15-08-2016,44.1,44.33,44.01,44.24,10390642,KO
16-08-2016,44.25,44.25,43.83,43.83,9706132,KO
17-08-2016,44.01,44.07,43.78,44.06,11208499,KO
18-08-2016,44.01,44.26,44,44.1,9144293,KO
19-08-2016,44.05,44.06,43.74,43.92,9385920,KO
22-08-2016,43.94,43.95,43.73,43.74,8687524,KO
23-08-2016,43.85,43.98,43.74,43.85,8421061,KO
24-08-2016,43.82,43.94,43.66,43.85,11508919,KO
25-08-2016,43.85,43.94,43.63,43.67,9815662,KO
26-08-2016,43.72,43.92,43.31,43.32,11824943,KO
29-08-2016,43.34,43.61,43.33,43.54,9544573,KO
30-08-2016,43.46,43.53,43.12,43.24,9720067,KO
31-08-2016,43.43,43.46,43.08,43.43,10217936,KO
01-09-2016,43.21,43.41,43.2,43.35,8457766,KO
02-09-2016,43.52,43.83,43.47,43.66,9026010,KO
06-09-2016,43.74,43.8,43.4,43.79,8600372,KO
07-09-2016,43.72,43.8,43.53,43.64,8656580,KO
08-09-2016,43.67,43.73,43.45,43.63,10020425,KO
09-09-2016,43.43,43.43,42.27,42.27,23624237,KO
12-09-2016,42.36,43.23,42.34,43.19,15932296,KO
13-09-2016,42.77,42.77,42.21,42.28,12962720,KO
14-09-2016,42.27,42.41,41.99,42.11,9823933,KO
15-09-2016,42.01,42.39,41.88,42.36,10244620,KO
16-09-2016,42.17,42.26,41.97,42.14,16353971,KO
19-09-2016,42.16,42.37,42.08,42.1,7659863,KO
20-09-2016,42.31,42.53,42.24,42.34,8407163,KO
21-09-2016,42.28,42.61,42.1,42.53,13654653,KO
22-09-2016,42.71,43.01,42.69,42.96,9288268,KO
23-09-2016,42.81,42.94,42.65,42.74,8852719,KO
26-09-2016,42.71,42.72,42.01,42.05,15036043,KO
27-09-2016,42.19,42.63,42,42.59,11920432,KO
28-09-2016,42.63,42.76,42.03,42.15,15523783,KO
29-09-2016,42.02,42.39,41.85,42.03,12671673,KO
30-09-2016,42.21,42.5,42.06,42.32,14375702,KO
03-10-2016,42.31,42.31,41.89,42.03,11152793,KO
04-10-2016,42.34,42.34,41.78,41.84,13682703,KO
05-10-2016,41.93,42.07,41.67,41.81,9607263,KO
06-10-2016,41.68,41.94,41.58,41.71,9722878,KO
07-10-2016,41.83,41.94,41.57,41.73,8122809,KO
10-10-2016,41.92,41.99,41.6,41.73,8983623,KO
11-10-2016,41.66,41.7,41.4,41.54,12249060,KO
12-10-2016,41.63,41.84,41.5,41.78,12216588,KO
13-10-2016,41.65,41.89,41.51,41.76,17655643,KO
14-10-2016,41.85,41.91,41.62,41.67,9893840,KO
17-10-2016,41.73,41.86,41.57,41.6,10792512,KO
18-10-2016,41.81,42,41.73,41.97,11297333,KO
19-10-2016,41.93,42.12,41.81,42.05,16367383,KO
20-10-2016,41.97,42.11,41.89,41.93,10620494,KO
21-10-2016,41.85,42.17,41.68,42.13,14401515,KO
24-10-2016,42.32,42.77,42.25,42.56,13439196,KO
25-10-2016,42.64,42.88,42.43,42.54,16484713,KO
26-10-2016,43,43.03,42.41,42.44,16886249,KO
27-10-2016,42.63,42.65,41.9,42.12,14537030,KO
28-10-2016,42.26,42.47,42.1,42.23,13398353,KO
31-10-2016,42.12,42.41,42.12,42.4,13327475,KO
01-11-2016,42.4,42.43,41.91,42.12,12223368,KO
02-11-2016,42.1,42.34,42.01,42.05,12034271,KO
03-11-2016,42.22,42.22,41.96,42.03,11257978,KO
04-11-2016,41.85,42.04,41.69,41.69,14464185,KO
07-11-2016,42.04,42.5,42.04,42.46,14038532,KO
08-11-2016,42.37,42.98,42.37,42.88,12036581,KO
09-11-2016,41.76,42.32,41.7,42.27,21350962,KO
10-11-2016,41.86,42.26,40.86,40.94,33245534,KO
11-11-2016,40.95,41.13,40.63,41.03,13420962,KO
14-11-2016,41.13,41.42,40.85,41.17,19514172,KO
15-11-2016,41.18,41.52,41.17,41.44,16553962,KO
16-11-2016,41.4,41.65,41.16,41.26,12681351,KO
17-11-2016,41.28,41.3,41,41.12,12398821,KO
18-11-2016,41.03,41.2,40.9,40.91,16345262,KO
21-11-2016,40.74,41.36,40.73,41.36,12307041,KO
22-11-2016,41.45,41.7,41.24,41.37,12743512,KO
23-11-2016,41.22,41.31,41.03,41.12,9294081,KO
25-11-2016,41.39,41.58,41.24,41.53,7402652,KO
28-11-2016,41.51,41.79,41.27,41.75,19424412,KO
29-11-2016,41.52,41.52,41.14,41.15,11421921,KO
30-11-2016,41,41.2,40.35,40.35,22410367,KO
01-12-2016,40.31,40.39,39.88,40.17,20409864,KO
02-12-2016,40.3,40.5,40.19,40.36,11176301,KO
05-12-2016,40.34,40.69,40.31,40.62,15977847,KO
06-12-2016,40.75,40.77,40.42,40.57,11303492,KO
07-12-2016,40.54,41.29,40.51,41.29,13726520,KO
08-12-2016,41.07,41.21,40.85,40.98,13077139,KO
09-12-2016,41.5,42.22,41.29,42,28125775,KO
12-12-2016,42,42.01,41.72,41.9,17561150,KO
13-12-2016,41.72,41.96,41.54,41.76,18985974,KO
14-12-2016,41.89,41.99,41.06,41.21,17937857,KO
15-12-2016,41.1,41.81,41.1,41.55,14265277,KO
16-12-2016,41.61,41.76,41.48,41.74,19675238,KO
19-12-2016,41.69,41.8,41.58,41.67,8687338,KO
20-12-2016,41.7,41.72,41.44,41.66,10603483,KO
21-12-2016,41.6,41.83,41.52,41.57,9693613,KO
22-12-2016,41.57,41.62,41.08,41.55,11894113,KO
23-12-2016,41.62,41.69,41.35,41.6,6436556,KO
27-12-2016,41.56,41.76,41.54,41.61,6999169,KO
28-12-2016,41.49,41.67,41.39,41.39,8987984,KO
29-12-2016,41.38,41.69,41.38,41.6,6875301,KO
30-12-2016,41.69,41.84,41.35,41.46,11470194,KO
03-01-2017,41.5,41.81,41.28,41.8,14711049,KO
04-01-2017,41.88,41.97,41.59,41.65,9959402,KO
05-01-2017,41.66,41.86,41.53,41.75,8968258,KO
06-01-2017,41.7,41.81,41.54,41.74,10247235,KO
09-01-2017,41.23,41.58,41.21,41.32,14822501,KO
10-01-2017,41.44,41.44,40.86,41.04,19706782,KO
11-01-2017,40.85,41.12,40.83,41.05,9266213,KO
12-01-2017,41.01,41.04,40.8,40.95,8541181,KO
13-01-2017,41,41.04,40.69,40.88,8123494,KO
17-01-2017,40.84,41.3,40.8,41.22,12469432,KO
18-01-2017,41.25,41.38,41.14,41.29,10390485,KO
19-01-2017,41.14,41.29,41.03,41.14,10987072,KO
20-01-2017,41.27,41.44,41.13,41.32,14695409,KO
23-01-2017,41.31,41.5,41.21,41.43,11628909,KO
24-01-2017,41.47,41.97,41.47,41.9,17040102,KO
25-01-2017,41.94,42.25,41.9,42.12,12538163,KO
26-01-2017,42.03,42.11,41.79,41.81,8977135,KO
27-01-2017,41.91,41.95,41.42,41.45,12967305,KO
30-01-2017,41.3,41.48,41.21,41.38,11626225,KO
31-01-2017,41.39,41.69,41.36,41.57,12677977,KO
01-02-2017,41.52,41.66,41.25,41.26,11136077,KO
02-02-2017,41.41,41.49,41.25,41.4,9459722,KO
03-02-2017,41.58,41.79,41.46,41.54,11882373,KO
06-02-2017,41.53,41.67,41.4,41.56,15742824,KO
07-02-2017,41.7,41.98,41.67,41.9,13315185,KO
08-02-2017,41.91,42.15,41.84,42.02,14219667,KO
09-02-2017,41.52,41.68,40.72,41.25,27240268,KO
10-02-2017,41.02,41.2,40.55,40.58,28847307,KO
13-02-2017,40.77,40.83,40.5,40.62,23617075,KO
14-02-2017,40.38,40.6,40.22,40.53,32177836,KO
15-02-2017,40.42,40.63,40.4,40.44,26600788,KO
16-02-2017,40.55,41.28,40.5,41.2,22214839,KO
17-02-2017,41.13,41.36,41.05,41.23,15065148,KO
21-02-2017,41.2,41.5,41.2,41.46,17072551,KO
22-02-2017,41.51,41.68,41.4,41.6,11186823,KO
23-02-2017,41.67,42,41.62,41.66,12856844,KO
24-02-2017,41.7,41.91,41.6,41.78,13215306,KO
27-02-2017,41.75,41.75,41.59,41.67,12186364,KO
28-02-2017,41.68,42.07,41.64,41.96,15946816,KO
01-03-2017,42.01,42.35,41.88,42.16,14662016,KO
02-03-2017,42.08,42.56,42.07,42.47,15507623,KO
03-03-2017,42.44,42.49,42.25,42.48,11743030,KO
06-03-2017,42.34,42.43,42.12,42.18,16307783,KO
07-03-2017,42,42.24,41.95,41.99,11273704,KO
08-03-2017,42,42.03,41.74,41.99,14641689,KO
09-03-2017,42.09,42.11,41.92,42.03,14496447,KO
10-03-2017,42.23,42.4,42.15,42.29,16369676,KO
13-03-2017,41.92,42.12,41.84,42.03,12831543,KO
14-03-2017,41.98,42.1,41.83,41.97,9844453,KO
15-03-2017,41.98,42.28,41.97,42.12,22757762,KO
16-03-2017,42.03,42.39,41.9,42.25,16004192,KO
17-03-2017,42.28,42.35,42.01,42.03,37526506,KO
20-03-2017,42.1,42.34,42.07,42.18,11484233,KO
21-03-2017,42.31,42.63,42.21,42.5,17187257,KO
22-03-2017,42.56,42.7,42.25,42.38,11605453,KO
23-03-2017,42.21,42.39,42.06,42.17,11503322,KO
24-03-2017,42.23,42.25,41.91,42.12,13804411,KO
27-03-2017,42.11,42.34,42.05,42.32,12387364,KO
28-03-2017,42.24,42.56,42.24,42.43,14123756,KO
29-03-2017,42.51,42.53,42.29,42.42,9580060,KO
30-03-2017,42.35,42.62,42.26,42.6,11999910,KO
31-03-2017,42.55,42.65,42.43,42.44,11551767,KO
03-04-2017,42.58,42.63,42.27,42.41,11240037,KO
04-04-2017,42.51,42.69,42.37,42.68,10946230,KO
05-04-2017,42.65,42.86,42.53,42.57,10142817,KO
06-04-2017,42.58,42.76,42.47,42.67,14597765,KO
07-04-2017,42.64,42.74,42.51,42.61,11025314,KO
10-04-2017,42.73,42.8,42.56,42.69,9426908,KO
11-04-2017,42.68,42.75,42.52,42.66,8909379,KO
12-04-2017,42.54,42.99,42.51,42.94,13417205,KO
13-04-2017,42.87,43.08,42.78,42.79,9891941,KO
17-04-2017,42.79,43.07,42.78,43.07,11318086,KO
18-04-2017,43.11,43.59,43.09,43.48,13181590,KO
19-04-2017,43.74,43.79,43.19,43.23,13893062,KO
20-04-2017,43.2,43.3,43.05,43.09,10838274,KO
21-04-2017,42.98,43.1,42.89,43.07,13833772,KO
24-04-2017,43.24,43.43,43.15,43.28,16703800,KO
25-04-2017,42.85,43.43,42.82,43.11,18745112,KO
26-04-2017,43.06,43.43,42.98,43.24,13626625,KO
27-04-2017,43.17,43.28,42.92,43.01,10386244,KO
28-04-2017,42.96,43.2,42.85,43.15,10337768,KO
01-05-2017,43.15,43.5,43.1,43.22,13208246,KO
02-05-2017,43.22,43.44,43.16,43.39,11823916,KO
03-05-2017,43.33,43.49,43.15,43.32,10389027,KO
04-05-2017,43.42,43.81,43.4,43.66,10193064,KO
05-05-2017,43.79,43.84,43.56,43.69,8133039,KO
08-05-2017,43.59,43.91,43.54,43.89,14284342,KO
09-05-2017,43.89,43.89,43.38,43.51,8694355,KO
10-05-2017,43.48,43.62,43.36,43.57,7597653,KO
11-05-2017,43.49,43.68,43.43,43.67,6860135,KO
12-05-2017,43.64,43.68,43.46,43.59,7275825,KO
15-05-2017,43.46,43.76,43.46,43.73,8493046,KO
16-05-2017,43.87,44.11,43.77,43.85,10454121,KO
17-05-2017,43.81,44.17,43.71,43.93,14538754,KO
18-05-2017,43.87,43.96,43.64,43.8,13832197,KO
19-05-2017,43.85,44,43.76,43.9,11796762,KO
22-05-2017,43.89,44.22,43.81,44.18,12857913,KO
23-05-2017,44.25,44.6,44.21,44.39,11996138,KO
24-05-2017,44.51,45.09,44.51,45.03,12872039,KO
25-05-2017,45,45.48,44.97,45.41,16704206,KO
26-05-2017,45.35,45.56,45.33,45.39,11341383,KO
30-05-2017,45.16,45.46,45.11,45.43,13093537,KO
31-05-2017,45.43,45.7,45.37,45.47,14148040,KO
01-06-2017,45.45,45.79,45.23,45.79,11049283,KO
02-06-2017,45.83,45.89,45.61,45.89,9923724,KO
05-06-2017,45.78,45.99,45.69,45.99,10015163,KO
06-06-2017,45.9,46.06,45.78,45.98,9836725,KO
07-06-2017,45.5,45.7,45.35,45.51,12776279,KO
08-06-2017,45.39,45.51,45.03,45.13,12878998,KO
09-06-2017,45.06,45.35,44.97,45.32,9358824,KO
12-06-2017,45.35,45.48,45.15,45.33,11228502,KO
13-06-2017,45,45.11,44.8,45.03,10023358,KO
14-06-2017,45.18,45.47,45.16,45.3,11497520,KO
15-06-2017,45.18,45.34,45.04,45.25,9908718,KO
16-06-2017,45.31,45.35,45.01,45.31,27025333,KO
19-06-2017,45.35,45.38,45.1,45.38,7624663,KO
20-06-2017,45.35,45.87,45.32,45.61,14920858,KO
21-06-2017,45.62,45.68,45.17,45.22,9515844,KO
22-06-2017,45.17,45.28,45.03,45.07,7446300,KO
23-06-2017,45.05,45.38,45.03,45.25,9544792,KO
26-06-2017,45.32,45.51,45.3,45.43,7747057,KO
27-06-2017,45.34,45.4,45,45.05,11432191,KO
28-06-2017,45.25,45.5,45.23,45.32,9218750,KO
29-06-2017,45.13,45.24,44.65,44.83,9283457,KO
30-06-2017,44.89,45.12,44.85,44.85,9352785,KO
03-07-2017,45.11,45.27,44.76,44.76,6434460,KO
05-07-2017,44.79,44.99,44.73,44.82,6853558,KO
06-07-2017,44.72,44.85,44.29,44.4,13113019,KO
07-07-2017,44.47,44.52,44.24,44.39,9566044,KO
10-07-2017,44.45,44.58,44.23,44.38,9671953,KO
11-07-2017,44.32,44.48,44.15,44.33,10300706,KO
12-07-2017,44.59,44.77,44.44,44.51,7737362,KO
13-07-2017,44.49,44.53,44.37,44.43,6371855,KO
14-07-2017,44.52,44.72,44.5,44.68,8558718,KO
17-07-2017,44.66,44.79,44.61,44.73,7189214,KO
18-07-2017,44.78,44.85,44.62,44.67,9037162,KO
19-07-2017,44.67,44.84,44.55,44.83,6986937,KO
20-07-2017,44.9,44.98,44.75,44.82,7430262,KO
21-07-2017,44.78,45.07,44.67,45.03,8545560,KO
24-07-2017,45.04,45.05,44.83,44.84,9103586,KO
25-07-2017,45.02,45.29,44.94,45.24,14096307,KO
26-07-2017,44.55,45.79,44.31,45.74,13608926,KO
27-07-2017,45.8,46.43,45.7,46.12,15195172,KO
28-07-2017,46,46.12,45.73,46.01,11945270,KO
31-07-2017,46,46.08,45.79,45.84,13622891,KO
01-08-2017,45.6,46,45.38,45.59,9899271,KO
02-08-2017,45.6,46,45.38,45.59,10187921,KO
03-08-2017,45.65,45.95,45.63,45.67,14261400,KO
04-08-2017,45.67,45.76,45.47,45.5,9523593,KO
07-08-2017,45.52,45.76,45.5,45.64,6226315,KO
08-08-2017,45.64,45.82,45.55,45.6,5747919,KO
09-08-2017,45.56,45.66,45.33,45.59,9635260,KO
10-08-2017,45.56,45.84,45.46,45.74,8901554,KO
11-08-2017,45.86,45.9,45.57,45.59,8357607,KO
14-08-2017,45.67,45.94,45.62,45.8,8421179,KO
15-08-2017,45.8,46.25,45.8,46.19,9638061,KO
16-08-2017,46.15,46.34,46.12,46.2,8087313,KO
17-08-2017,46.12,46.33,45.85,45.86,8476994,KO
18-08-2017,45.8,45.9,45.63,45.67,10879794,KO
21-08-2017,45.67,45.8,45.56,45.68,9429736,KO
22-08-2017,45.7,45.75,45.54,45.6,10536716,KO
23-08-2017,45.63,45.66,45.44,45.54,6528402,KO
24-08-2017,45.54,45.61,45.31,45.41,7534364,KO
25-08-2017,45.6,45.76,45.56,45.57,8807143,KO
28-08-2017,45.63,45.69,45.38,45.42,8024028,KO
29-08-2017,45.4,45.57,45.25,45.45,7762162,KO
30-08-2017,45.36,45.54,45.29,45.39,7134910,KO
31-08-2017,45.4,45.65,45.34,45.55,14264572,KO
01-09-2017,45.64,45.8,45.54,45.78,7391249,KO
05-09-2017,45.75,45.93,45.65,45.92,10463902,KO
06-09-2017,45.98,46.04,45.79,45.96,9238867,KO
07-09-2017,46.01,46.32,45.96,46.28,9418365,KO
08-09-2017,46.19,46.37,46.02,46.3,10534915,KO
11-09-2017,46.35,46.59,46.22,46.52,10430254,KO
12-09-2017,46.5,46.75,46.45,46.72,8567619,KO
13-09-2017,46.68,46.98,46.65,46.87,10217985,KO
14-09-2017,46.4,46.47,45.94,46.11,13768837,KO
15-09-2017,46.3,46.36,46,46.18,16141413,KO
18-09-2017,46.15,46.24,45.91,46.11,8535331,KO
19-09-2017,46.14,46.19,45.89,45.98,7297932,KO
20-09-2017,45.76,46.15,45.55,45.78,11026594,KO
21-09-2017,45.71,45.79,45.36,45.4,7555292,KO
22-09-2017,45.45,45.63,45.37,45.49,8024827,KO
25-09-2017,45.5,45.76,45.35,45.69,9215326,KO
26-09-2017,45.69,45.87,45.56,45.57,6480138,KO
27-09-2017,45.47,45.5,44.38,44.64,14816247,KO
28-09-2017,44.67,45,44.65,44.91,8789517,KO
29-09-2017,44.86,45.11,44.79,45.01,10082221,KO
02-10-2017,45.05,45.27,44.75,44.8,10707763,KO
03-10-2017,44.86,45.26,44.76,45.19,12038102,KO
04-10-2017,45.11,45.56,44.94,45.5,14060338,KO
05-10-2017,45.51,45.75,45.5,45.52,10215323,KO
06-10-2017,45.39,45.52,45.28,45.49,5437871,KO
09-10-2017,45.55,45.65,45.34,45.41,5268348,KO
10-10-2017,45.6,45.9,45.53,45.87,6310445,KO
11-10-2017,45.88,46.2,45.87,46.1,6638173,KO
12-10-2017,45.98,46.14,45.94,46.11,7710216,KO
13-10-2017,46.25,46.38,46.15,46.18,7126020,KO
16-10-2017,46.12,46.75,46.1,46.62,12708563,KO
17-10-2017,46.53,46.63,46.31,46.52,7699367,KO
18-10-2017,46.41,46.54,46.24,46.4,6272155,KO
19-10-2017,46.37,46.79,46.32,46.59,7515545,KO
20-10-2017,46.58,46.59,46.28,46.38,9646790,KO
23-10-2017,46.38,46.65,46.23,46.32,7153607,KO
24-10-2017,46.26,46.29,45.95,46.18,9539484,KO
25-10-2017,46.37,46.76,45.93,46.05,9480869,KO
26-10-2017,46.32,46.75,46.22,46.23,10569064,KO
27-10-2017,46.13,46.33,45.91,46.07,9987969,KO
30-10-2017,46,46.07,45.82,45.86,7201867,KO
31-10-2017,45.92,46.17,45.84,45.98,6560545,KO
01-11-2017,45.75,46.09,45.63,45.8,7067635,KO
02-11-2017,45.81,45.95,45.75,45.88,8317810,KO
03-11-2017,45.97,46.16,45.92,45.97,4730358,KO
06-11-2017,45.91,45.92,45.42,45.47,7451311,KO
07-11-2017,45.41,45.95,45.31,45.94,9868033,KO
08-11-2017,45.98,46.19,45.87,46.18,7586867,KO
09-11-2017,46.12,46.39,46.02,46.23,6501893,KO
10-11-2017,46.2,46.64,46.14,46.54,8022885,KO
13-11-2017,46.6,46.82,46.54,46.72,7653580,KO
14-11-2017,46.71,47.48,46.62,47.43,17200736,KO
15-11-2017,47.32,47.46,46.78,46.81,12419146,KO
16-11-2017,46.95,46.98,46.51,46.55,12506380,KO
17-11-2017,46.34,46.38,45.25,45.71,19720707,KO
20-11-2017,45.65,45.88,45.42,45.46,19160872,KO
21-11-2017,45.56,45.95,45.54,45.78,10280791,KO
22-11-2017,45.89,45.93,45.54,45.84,8434404,KO
24-11-2017,45.89,46.05,45.86,45.88,2996338,KO
27-11-2017,45.88,45.99,45.81,45.9,5649156,KO
28-11-2017,45.99,46.15,45.78,45.83,8432783,KO
29-11-2017,45.77,45.82,45.21,45.5,16502110,KO
30-11-2017,45.14,45.84,45.03,45.77,17147588,KO
01-12-2017,45.8,46.02,45.21,45.97,12468785,KO
04-12-2017,45.99,46.38,45.77,46.23,17523581,KO
05-12-2017,46.25,46.44,46.06,46.26,13670758,KO
06-12-2017,46.33,46.48,46.26,46.45,8153957,KO
07-12-2017,46.29,46.32,45.72,45.78,9106494,KO
08-12-2017,45.7,45.73,45.05,45.31,13238583,KO
11-12-2017,45.18,45.41,44.92,45.33,9698673,KO
12-12-2017,45.25,45.52,45.06,45.29,13999340,KO
13-12-2017,45.45,46.05,45.4,45.9,12418663,KO
14-12-2017,45.9,46.17,45.8,46.03,9028977,KO
15-12-2017,46.29,46.42,46.04,46.19,21181606,KO
18-12-2017,46.23,46.38,45.91,45.93,10156757,KO
19-12-2017,46.08,46.38,45.91,46.13,8253158,KO
20-12-2017,46.18,46.3,45.96,46.08,7310961,KO
21-12-2017,46.15,46.22,45.56,45.6,9657134,KO
22-12-2017,45.64,45.73,45.55,45.59,5406307,KO
26-12-2017,45.7,45.86,45.61,45.81,6100436,KO
27-12-2017,45.9,45.94,45.72,45.93,5660633,KO
28-12-2017,45.91,45.99,45.64,45.72,6538851,KO
29-12-2017,45.7,46.18,45.69,45.88,8371536,KO
02-01-2018,45.91,45.94,45.51,45.54,10872178,KO
03-01-2018,45.49,45.69,45.34,45.44,12635589,KO
04-01-2018,45.56,46.22,45.45,46.08,12709370,KO
05-01-2018,46.02,46.2,45.79,46.07,13113148,KO
08-01-2018,45.95,46.1,45.88,46,7068611,KO
09-01-2018,46,46.36,45.94,46.23,9962424,KO
10-01-2018,46.23,46.26,45.93,46.07,10700671,KO
11-01-2018,46.23,46.23,45.86,46.04,7583180,KO
12-01-2018,46.28,46.39,46.03,46.15,14570149,KO
16-01-2018,46.15,46.62,46.14,46.53,16459289,KO
17-01-2018,46.58,47,46.55,46.82,12143081,KO
18-01-2018,46.75,47.07,46.61,46.88,11952931,KO
19-01-2018,46.99,47.25,46.87,47.16,16187425,KO
22-01-2018,47.14,47.5,47.09,47.38,9577437,KO
23-01-2018,47.21,47.7,47.13,47.45,11463742,KO
24-01-2018,47.53,47.95,47.48,47.83,15964475,KO
25-01-2018,47.7,48,47.7,47.84,11755001,KO
26-01-2018,47.78,48.62,47.74,48.53,16671227,KO
29-01-2018,48.21,48.46,47.58,47.7,11662632,KO
30-01-2018,47.73,48.16,47.4,47.41,12404757,KO
31-01-2018,47.45,47.9,47.37,47.59,10960082,KO
01-02-2018,47.41,47.73,47.11,47.45,10279439,KO
02-02-2018,47.35,47.41,46.63,46.73,12912307,KO
05-02-2018,46.65,46.92,44.41,44.89,23261475,KO
06-02-2018,43.87,44.74,43.44,44.67,25184306,KO
07-02-2018,44.58,45.5,44.28,44.56,18041614,KO
08-02-2013,34.31,34.58,34.23,34.4,418979,SNPS
11-02-2013,34.45,34.55,34.01,34.15,419975,SNPS
12-02-2013,34.23,34.63,34.07,34.44,764855,SNPS
13-02-2013,34.42,34.6,34.08,34.24,483096,SNPS
14-02-2013,34.21,34.43,34.08,34.33,844721,SNPS
15-02-2013,34.39,34.65,34.3,34.54,613677,SNPS
19-02-2013,34.45,34.7,34.27,34.62,745626,SNPS
20-02-2013,34.7,34.99,34.54,34.79,1342746,SNPS
21-02-2013,36,36,35.28,35.76,2963561,SNPS
22-02-2013,35.71,35.76,34.95,35.14,1457619,SNPS
25-02-2013,35.3,35.39,35.08,35.09,1365460,SNPS
26-02-2013,35.26,35.33,34.82,34.87,1147122,SNPS
27-02-2013,34.9,35.37,34.71,35.28,959834,SNPS
28-02-2013,35.17,35.39,35.03,35.03,860266,SNPS
01-03-2013,34.58,34.8,34.04,34.72,1658277,SNPS
04-03-2013,34.52,34.84,34.38,34.83,917527,SNPS
05-03-2013,34.8,35.18,34.73,35.01,575439,SNPS
06-03-2013,35,35.2,34.71,34.84,529693,SNPS
07-03-2013,34.95,35.36,34.88,35.18,819731,SNPS
08-03-2013,35.19,35.37,34.98,35.35,434631,SNPS
11-03-2013,35.24,35.56,35.13,35.55,686717,SNPS
12-03-2013,35.51,35.51,35.16,35.29,546801,SNPS
13-03-2013,35.34,35.48,35.15,35.37,614463,SNPS
14-03-2013,35.38,35.75,35.37,35.73,616505,SNPS
15-03-2013,35.61,35.89,35.23,35.26,1629980,SNPS
18-03-2013,34.97,35.13,34.74,34.89,521425,SNPS
19-03-2013,34.99,35.09,34.63,34.96,815122,SNPS
20-03-2013,35.09,35.19,34.84,35.09,596444,SNPS
21-03-2013,34.86,35.13,34.71,34.85,467321,SNPS
22-03-2013,35.01,35.08,34.76,34.83,391168,SNPS
25-03-2013,34.87,35.17,34.7,35.17,632522,SNPS
26-03-2013,35.21,35.58,35.15,35.47,710203,SNPS
27-03-2013,35.25,35.5,34.94,35.45,479711,SNPS
28-03-2013,35.56,35.93,35.33,35.88,1431510,SNPS
01-04-2013,35.9,35.9,35.23,35.45,550302,SNPS
02-04-2013,35.52,35.7,35.43,35.62,516578,SNPS
03-04-2013,35.62,35.75,35.3,35.4,882574,SNPS
04-04-2013,35.29,35.7,35.03,35.13,762384,SNPS
05-04-2013,34.92,34.92,34.59,34.82,582490,SNPS
08-04-2013,34.74,34.81,34.38,34.64,555816,SNPS
09-04-2013,34.81,34.82,34.37,34.71,415322,SNPS
10-04-2013,34.72,35.37,34.72,35.34,722302,SNPS
11-04-2013,35.34,35.34,35.11,35.14,516256,SNPS
12-04-2013,35.05,35.09,34.65,34.79,669877,SNPS
15-04-2013,34.62,34.78,34.33,34.43,1145530,SNPS
16-04-2013,34.66,34.66,34.17,34.61,645014,SNPS
17-04-2013,34.48,34.58,33.91,34.15,677552,SNPS
18-04-2013,34.29,34.47,33.72,33.73,604859,SNPS
19-04-2013,33.67,34,33.51,33.72,506232,SNPS
22-04-2013,33.82,34.03,33.5,33.9,405901,SNPS
23-04-2013,34.06,34.54,33.9,34.39,566383,SNPS
24-04-2013,34.37,34.67,34.36,34.53,712708,SNPS
25-04-2013,34.72,35.39,34.31,35.1,812819,SNPS
26-04-2013,35.09,35.18,34.8,35.09,490271,SNPS
29-04-2013,35.25,35.34,35,35.11,735188,SNPS
30-04-2013,35.17,35.7,34.87,35.57,1164947,SNPS
01-05-2013,35.58,35.7,34.94,34.97,517584,SNPS
02-05-2013,34.85,35.39,34.84,35.14,825648,SNPS
03-05-2013,35.36,35.63,35.27,35.35,419180,SNPS
06-05-2013,35.4,35.41,35.18,35.32,273758,SNPS
07-05-2013,35.3,35.63,35.18,35.6,458278,SNPS
08-05-2013,35.56,35.9,35.37,35.9,534265,SNPS
09-05-2013,35.91,35.95,35.73,35.81,488085,SNPS
10-05-2013,35.74,35.93,35.68,35.7,340431,SNPS
13-05-2013,35.58,35.6,35.19,35.2,488662,SNPS
14-05-2013,35.2,35.48,35.2,35.39,510011,SNPS
15-05-2013,35.32,35.54,35,35.46,497488,SNPS
16-05-2013,35.53,35.69,35.33,35.45,394387,SNPS
17-05-2013,35.49,35.88,35.32,35.85,294779,SNPS
20-05-2013,35.79,36.08,35.67,35.81,491878,SNPS
21-05-2013,35.77,35.91,35.54,35.77,366155,SNPS
22-05-2013,35.87,36,35.17,35.4,466734,SNPS
23-05-2013,36.05,36.32,35.41,35.97,1192554,SNPS
24-05-2013,35.47,35.79,35.4,35.71,568550,SNPS
28-05-2013,35.84,36.43,35.84,36.21,692952,SNPS
29-05-2013,35.94,36.02,35.49,35.98,556768,SNPS
30-05-2013,36.09,36.66,36.03,36.63,553962,SNPS
31-05-2013,36.43,36.82,36.42,36.44,994371,SNPS
03-06-2013,36.41,36.79,36.21,36.71,606129,SNPS
04-06-2013,36.8,36.84,36.15,36.56,713704,SNPS
05-06-2013,36.56,36.8,36.08,36.13,435353,SNPS
06-06-2013,36.03,36.55,35.91,36.55,531446,SNPS
07-06-2013,36.56,37,36.56,36.98,945732,SNPS
10-06-2013,37,37.02,36.63,36.91,399016,SNPS
11-06-2013,36.77,36.83,36.17,36.46,720047,SNPS
12-06-2013,36.72,36.72,36.12,36.2,452074,SNPS
13-06-2013,36.11,36.78,35.91,36.63,552610,SNPS
14-06-2013,36.56,36.67,36.28,36.3,378030,SNPS
17-06-2013,35.85,36.59,35.83,36.58,690597,SNPS
18-06-2013,36.43,36.85,36.43,36.61,532929,SNPS
19-06-2013,36.56,36.79,36.34,36.43,551363,SNPS
20-06-2013,36.12,36.24,35.64,35.66,571281,SNPS
21-06-2013,35.65,35.97,35.05,35.21,1100049,SNPS
24-06-2013,35,35.36,34.83,35.15,775591,SNPS
25-06-2013,35.38,35.41,34.85,35.12,515389,SNPS
26-06-2013,35.41,35.62,35.09,35.35,517515,SNPS
27-06-2013,35.56,35.89,35.39,35.68,716042,SNPS
28-06-2013,35.6,35.93,35.44,35.75,1941277,SNPS
01-07-2013,35.79,36.04,35.72,35.99,552278,SNPS
02-07-2013,35.95,36.21,35.23,35.4,725339,SNPS
03-07-2013,35.21,35.64,35.13,35.55,439827,SNPS
05-07-2013,35.8,36.14,35.16,36.11,459031,SNPS
08-07-2013,36.11,36.26,35.83,35.88,419542,SNPS
09-07-2013,35.9,36.27,35.87,36.24,477117,SNPS
10-07-2013,36.24,36.84,36.08,36.84,430652,SNPS
11-07-2013,37.02,37.21,36.92,37.2,678620,SNPS
12-07-2013,37.07,37.67,37.07,37.59,439054,SNPS
15-07-2013,37.12,37.78,37.07,37.6,504559,SNPS
16-07-2013,37.52,37.8,37.32,37.42,405067,SNPS
17-07-2013,37.56,37.66,37.28,37.55,277922,SNPS
18-07-2013,37.65,37.89,37.48,37.63,322390,SNPS
19-07-2013,37.38,37.54,37.17,37.47,323590,SNPS
22-07-2013,37.35,37.65,37.33,37.48,213698,SNPS
23-07-2013,37.55,37.6,37.22,37.34,289725,SNPS
24-07-2013,37.51,37.58,37.16,37.24,217426,SNPS
25-07-2013,37.13,37.26,36.75,36.79,546645,SNPS
26-07-2013,36.65,36.72,36.25,36.32,361166,SNPS
29-07-2013,36.32,36.51,36.17,36.42,272950,SNPS
30-07-2013,36.9,37.03,36.54,36.79,751072,SNPS
31-07-2013,36.82,37.37,36.75,37.04,772244,SNPS
01-08-2013,37.39,38.1,37.37,38.03,1034526,SNPS
02-08-2013,37.79,37.98,37.57,37.71,421136,SNPS
05-08-2013,37.57,37.79,37.56,37.68,225526,SNPS
06-08-2013,37.5,37.55,37.19,37.29,451570,SNPS
07-08-2013,37.19,37.37,36.88,37.27,345316,SNPS
08-08-2013,37.41,37.43,37.12,37.23,403210,SNPS
09-08-2013,37.74,37.74,36.99,37.27,588458,SNPS
12-08-2013,37.11,37.49,37.11,37.27,552404,SNPS
13-08-2013,37.38,37.91,37.33,37.81,505783,SNPS
14-08-2013,37.75,37.84,37.46,37.71,480944,SNPS
15-08-2013,37.39,37.57,36.85,36.92,432561,SNPS
16-08-2013,37.16,37.27,36.63,36.96,365190,SNPS
19-08-2013,36.88,37.12,36.72,36.72,352530,SNPS
20-08-2013,36.72,37.17,36.61,37.01,326499,SNPS
21-08-2013,36.7,37.11,36.53,36.56,453800,SNPS
22-08-2013,36.81,37.4,36.54,36.82,502890,SNPS
23-08-2013,37.09,37.25,36.83,36.94,411446,SNPS
26-08-2013,36.86,37.5,36.86,37.22,514954,SNPS
27-08-2013,36.75,37.04,36.44,36.44,469931,SNPS
28-08-2013,36.37,36.81,36.37,36.56,397803,SNPS
29-08-2013,36.54,36.95,36.23,36.58,483476,SNPS
30-08-2013,36.63,36.81,36.13,36.26,769007,SNPS
03-09-2013,36.07,36.71,35.27,35.52,1628576,SNPS
04-09-2013,35.47,36.2,35.44,36.06,943569,SNPS
05-09-2013,36.02,36.5,36.02,36.34,453666,SNPS
06-09-2013,36.37,36.71,36.05,36.43,550688,SNPS
09-09-2013,36.46,37,36.42,36.87,435730,SNPS
10-09-2013,37.72,37.72,36.95,37.24,554312,SNPS
11-09-2013,37.11,37.48,37.11,37.46,417481,SNPS
12-09-2013,37.37,37.49,37.02,37.17,520617,SNPS
13-09-2013,37.14,37.44,37.14,37.41,344151,SNPS
16-09-2013,37.5,37.64,37.16,37.25,687265,SNPS
17-09-2013,37.25,37.64,37.21,37.64,1420746,SNPS
18-09-2013,37.64,37.98,37.36,37.96,980475,SNPS
19-09-2013,37.95,38.09,37.71,38.07,928261,SNPS
20-09-2013,38.09,38.1,37.83,37.94,1391592,SNPS
23-09-2013,37.67,37.97,37.42,37.5,397270,SNPS
24-09-2013,37.47,37.68,37.31,37.42,318401,SNPS
25-09-2013,37.42,37.75,37.34,37.5,266773,SNPS
26-09-2013,38.14,38.14,37.5,37.87,704214,SNPS
27-09-2013,37.54,37.74,37.52,37.61,413196,SNPS
30-09-2013,37.34,37.84,37.23,37.7,607787,SNPS
01-10-2013,37.7,38.15,37.5,37.84,1142099,SNPS
02-10-2013,37.58,37.69,37.26,37.64,290264,SNPS
03-10-2013,37.47,37.62,37.08,37.31,547503,SNPS
04-10-2013,37.28,37.79,37.14,37.59,348486,SNPS
07-10-2013,37.37,37.49,36.99,37,351956,SNPS
08-10-2013,36.91,37.04,36.37,36.45,493907,SNPS
09-10-2013,36.5,36.65,36.19,36.36,485583,SNPS
10-10-2013,36.76,37.19,36.52,37.18,265481,SNPS
11-10-2013,37.21,37.69,37.03,37.68,333671,SNPS
14-10-2013,37.37,37.98,37.32,37.96,279318,SNPS
15-10-2013,37.92,37.97,37.32,37.41,390047,SNPS
16-10-2013,37.54,37.84,37.45,37.83,299854,SNPS
17-10-2013,34.55,37.99,34.55,37.98,390785,SNPS
18-10-2013,38,38.2,37.84,38.19,352796,SNPS
21-10-2013,38.18,38.4,38.08,38.11,524139,SNPS
22-10-2013,38.05,38.4,38.05,38.4,493042,SNPS
23-10-2013,38.2,38.29,37.82,37.98,396109,SNPS
24-10-2013,37.95,38.04,35.82,35.85,1619204,SNPS
25-10-2013,35.99,36.34,35.88,36.25,761643,SNPS
28-10-2013,36.34,36.48,36.19,36.46,372740,SNPS
29-10-2013,36.61,36.81,36.13,36.38,498231,SNPS
30-10-2013,36.36,36.58,36.09,36.35,370323,SNPS
31-10-2013,36.42,36.63,36.32,36.42,872687,SNPS
01-11-2013,36.54,36.8,35.95,36.15,452606,SNPS
04-11-2013,36.91,36.91,35.86,36.19,402478,SNPS
05-11-2013,36,36.19,35.86,35.86,363923,SNPS
06-11-2013,36.07,36.5,35.83,36.42,378022,SNPS
07-11-2013,36.49,36.69,36.02,36.11,446058,SNPS
08-11-2013,36.17,36.94,35.94,36.31,190320,SNPS
11-11-2013,36.34,36.47,36.02,36.44,244125,SNPS
12-11-2013,36.19,36.6,35.94,36.24,750505,SNPS
13-11-2013,36.13,36.58,35.92,36.53,380827,SNPS
14-11-2013,36.47,36.71,36.34,36.47,373059,SNPS
15-11-2013,36.53,36.87,36.24,36.51,405526,SNPS
18-11-2013,36.64,36.88,36.27,36.35,341257,SNPS
19-11-2013,36.3,36.39,35.67,35.72,459703,SNPS
20-11-2013,35.86,36.01,35.53,35.9,543425,SNPS
21-11-2013,36.03,36.25,35.76,36.24,515444,SNPS
22-11-2013,36.27,36.66,36.07,36.59,458695,SNPS
25-11-2013,36.8,36.8,36.54,36.75,410798,SNPS
26-11-2013,36.67,36.87,36.58,36.59,847452,SNPS
27-11-2013,36.62,36.89,36.52,36.76,369361,SNPS
29-11-2013,36.85,36.85,36.56,36.63,196967,SNPS
02-12-2013,36.49,36.91,36.23,36.44,445862,SNPS
03-12-2013,36.25,36.77,36.25,36.67,516645,SNPS
04-12-2013,36.37,36.76,36.33,36.5,919430,SNPS
05-12-2013,36.38,37.45,36,37.41,1961960,SNPS
06-12-2013,37.72,38.11,37.43,37.94,910936,SNPS
09-12-2013,37.86,38.2,37.57,37.75,1688725,SNPS
10-12-2013,37.53,38.28,37.5,38.11,1081352,SNPS
11-12-2013,38.21,38.35,37.85,37.96,1207947,SNPS
12-12-2013,38.01,38.32,37.96,38.07,950675,SNPS
13-12-2013,38.1,38.72,38.06,38.14,906002,SNPS
16-12-2013,38.2,38.73,38.14,38.46,771847,SNPS
17-12-2013,38.5,38.9,38.33,38.81,933340,SNPS
18-12-2013,38.91,39.43,38.79,39.42,788207,SNPS
19-12-2013,39.26,39.39,39.12,39.14,869478,SNPS
20-12-2013,39.19,39.69,39.19,39.63,1436243,SNPS
23-12-2013,39.66,40.2,39.65,40,1462860,SNPS
24-12-2013,39.76,40.19,39.58,40.06,435138,SNPS
26-12-2013,40.08,40.25,39.88,39.98,406754,SNPS
27-12-2013,40,40.3,39.98,40.17,438051,SNPS
30-12-2013,40.1,40.62,40.1,40.6,632899,SNPS
31-12-2013,40.59,40.79,40.42,40.57,526642,SNPS
02-01-2014,40.33,40.6,40.06,40.42,802775,SNPS
03-01-2014,40.51,40.7,40.34,40.62,818415,SNPS
06-01-2014,40.58,40.79,40.16,40.25,749691,SNPS
07-01-2014,40.34,40.49,40.19,40.34,1161490,SNPS
08-01-2014,40.39,40.78,39.99,40.78,663870,SNPS
09-01-2014,40.73,40.98,40.55,40.94,606971,SNPS
10-01-2014,40.96,41.15,40.8,41.13,497776,SNPS
13-01-2014,40.96,41.15,40.52,40.64,488204,SNPS
14-01-2014,40.86,41.08,40.65,41.04,466161,SNPS
15-01-2014,41.18,41.36,41.05,41.18,731403,SNPS
16-01-2014,41.12,41.18,40.84,40.95,512998,SNPS
17-01-2014,40.88,41.19,40.66,41.09,479522,SNPS
21-01-2014,41.25,41.62,41.15,41.57,661621,SNPS
22-01-2014,41.56,41.56,41.26,41.3,777949,SNPS
23-01-2014,41.05,41.11,40.76,40.96,741538,SNPS
24-01-2014,40.85,40.9,40.09,40.11,519121,SNPS
27-01-2014,39.54,40.27,39.48,39.5,771828,SNPS
28-01-2014,39.6,39.88,39.48,39.87,669449,SNPS
29-01-2014,39.5,40.18,39.5,39.99,837089,SNPS
30-01-2014,39.58,40.6,39.48,40.52,988684,SNPS
31-01-2014,39.94,40.28,39.46,39.86,933815,SNPS
03-02-2014,39.8,39.9,38.28,38.4,1337760,SNPS
04-02-2014,38.53,39.12,38.25,39.11,1139521,SNPS
05-02-2014,39.06,39.14,38.61,38.98,737627,SNPS
06-02-2014,38.99,39.23,38.81,39.1,353291,SNPS
07-02-2014,39.27,39.77,39.21,39.77,397265,SNPS
10-02-2014,39.7,39.95,39.35,39.95,620283,SNPS
11-02-2014,40.07,40.61,39.98,40.59,538932,SNPS
12-02-2014,40.73,40.84,40.33,40.61,521115,SNPS
13-02-2014,40.43,41.1,40.27,41.1,412976,SNPS
14-02-2014,41.07,41.2,40.84,40.98,645262,SNPS
18-02-2014,41.18,41.18,40.58,40.84,1257210,SNPS
19-02-2014,40.76,41.05,40.57,40.76,930239,SNPS
20-02-2014,41.24,41.25,39.2,39.85,1123186,SNPS
21-02-2014,39.83,40.54,39.76,40.4,1015243,SNPS
24-02-2014,40.41,40.61,40.14,40.27,1197303,SNPS
25-02-2014,40.22,40.4,39.85,39.97,833087,SNPS
26-02-2014,40.02,40.35,39.62,39.95,813937,SNPS
27-02-2014,39.87,40.12,39.85,40,979110,SNPS
28-02-2014,40.14,40.47,39.97,40.4,1557994,SNPS
03-03-2014,39.42,39.97,39.32,39.84,900199,SNPS
04-03-2014,40.13,40.59,40.1,40.58,1097966,SNPS
05-03-2014,40.69,40.69,40.36,40.47,662419,SNPS
06-03-2014,40.37,40.65,40.19,40.48,870287,SNPS
07-03-2014,40.56,40.69,40.32,40.4,691043,SNPS
10-03-2014,40.19,40.63,40.04,40.46,477060,SNPS
11-03-2014,40.37,40.55,39.89,39.99,429683,SNPS
12-03-2014,39.71,39.98,39.5,39.9,598279,SNPS
13-03-2014,40.07,40.07,39.51,39.6,690931,SNPS
14-03-2014,39.59,39.84,39.45,39.49,824061,SNPS
17-03-2014,39.61,40,39.45,39.75,1009253,SNPS
18-03-2014,39.76,40.39,39.75,40.37,836070,SNPS
19-03-2014,40.4,40.64,40.3,40.42,836846,SNPS
20-03-2014,40.23,40.66,40.23,40.57,666922,SNPS
21-03-2014,40.7,40.74,40.09,40.11,1560101,SNPS
24-03-2014,40.21,40.39,39.35,39.38,812033,SNPS
25-03-2014,39.47,39.59,38.92,38.99,837576,SNPS
26-03-2014,39.03,39.06,37.95,37.95,1073961,SNPS
27-03-2014,37.98,38.36,37.7,38.35,818164,SNPS
28-03-2014,38.54,38.74,38.15,38.18,651712,SNPS
31-03-2014,38.11,38.59,38.11,38.41,921284,SNPS
01-04-2014,38.49,38.66,38.39,38.6,637603,SNPS
02-04-2014,38.64,38.76,38.39,38.7,647173,SNPS
03-04-2014,38.77,39,38.44,38.64,662384,SNPS
04-04-2014,38.95,38.99,37.83,37.95,856170,SNPS
07-04-2014,37.8,37.97,37.3,37.54,460464,SNPS
08-04-2014,37.51,37.65,37.19,37.56,335423,SNPS
09-04-2014,37.75,37.95,37.47,37.94,433850,SNPS
10-04-2014,37.91,38,36.94,36.99,451595,SNPS
11-04-2014,36.82,37.12,36.35,36.38,466525,SNPS
14-04-2014,36.77,36.82,36.24,36.57,639713,SNPS
15-04-2014,36.75,36.75,36.03,36.63,648712,SNPS
16-04-2014,36.81,37.1,36.18,37.08,437072,SNPS
17-04-2014,37.02,37.62,36.85,37.52,498462,SNPS
21-04-2014,37.46,37.75,37.32,37.58,390148,SNPS
22-04-2014,37.57,38.14,37.5,38.04,533702,SNPS
23-04-2014,38,38.2,37.73,37.88,1061688,SNPS
24-04-2014,38.14,38.28,37.72,37.87,562241,SNPS
25-04-2014,37.78,38.04,37.3,37.31,618049,SNPS
28-04-2014,37.51,37.65,36.4,36.76,1479968,SNPS
29-04-2014,36.88,37.13,36.76,36.99,1040608,SNPS
30-04-2014,37,37.62,36.93,37.62,645612,SNPS
01-05-2014,37.77,37.94,37.33,37.59,503645,SNPS
02-05-2014,37.6,37.89,37.42,37.58,443307,SNPS
05-05-2014,37.26,37.7,37,37.45,685325,SNPS
06-05-2014,37.38,37.4,36.8,36.84,1264254,SNPS
07-05-2014,36.97,37.31,36.57,37.31,982769,SNPS
08-05-2014,37.04,37.75,37.03,37.25,389860,SNPS
09-05-2014,37.21,37.69,36.88,37.6,438772,SNPS
12-05-2014,37.79,38.39,37.78,38.28,336679,SNPS
13-05-2014,38.32,38.43,38,38.14,388801,SNPS
14-05-2014,38.09,38.28,37.95,38.04,488583,SNPS
15-05-2014,37.96,38.03,37.46,37.88,513380,SNPS
16-05-2014,37.98,37.98,37.4,37.77,590541,SNPS
19-05-2014,37.57,38.27,37.48,38.12,469086,SNPS
20-05-2014,38.19,38.45,37.83,38.2,803876,SNPS
21-05-2014,38.33,38.75,37.96,38.49,806152,SNPS
22-05-2014,38.13,39.15,37.49,38.91,955167,SNPS
23-05-2014,38.94,39.15,38.61,39.09,414915,SNPS
27-05-2014,39.18,39.47,39.11,39.26,330522,SNPS
28-05-2014,39.3,39.3,38.96,39.05,448475,SNPS
29-05-2014,37.71,39.13,37.71,38.75,428060,SNPS
30-05-2014,38.77,38.77,38.44,38.49,687830,SNPS
02-06-2014,38.62,38.86,38.33,38.54,521472,SNPS
03-06-2014,38.31,38.78,38.21,38.36,691353,SNPS
04-06-2014,38.24,38.41,37.99,38.04,719215,SNPS
05-06-2014,38.15,38.2,37.78,38.03,1025657,SNPS
06-06-2014,38.3,39.13,38.22,39.11,480409,SNPS
09-06-2014,38.97,39.34,38.92,39.06,455261,SNPS
10-06-2014,38.92,39.23,38.84,39.22,458677,SNPS
11-06-2014,39.01,39.24,38.75,39.18,432945,SNPS
12-06-2014,39.06,39.16,38.7,38.85,343169,SNPS
13-06-2014,39.03,39.35,38.87,39.04,418552,SNPS
16-06-2014,38.67,39.1,38.67,38.9,618747,SNPS
17-06-2014,38.71,39.5,38.71,39.17,652548,SNPS
18-06-2014,39.16,39.27,38.7,38.88,480076,SNPS
19-06-2014,38.96,38.98,38.65,38.69,436353,SNPS
20-06-2014,38.62,38.78,38.46,38.66,762203,SNPS
23-06-2014,38.58,38.98,38.57,38.97,370155,SNPS
24-06-2014,38.86,39.48,38.79,38.79,593109,SNPS
25-06-2014,38.6,39.02,38.5,38.89,481119,SNPS
26-06-2014,38.96,38.97,38.71,38.8,409260,SNPS
27-06-2014,38.63,39.08,38.62,38.97,781992,SNPS
30-06-2014,38.97,38.97,38.59,38.82,878285,SNPS
01-07-2014,38.85,39.29,38.84,39.12,1221970,SNPS
02-07-2014,39.04,39.2,38.75,38.87,685178,SNPS
03-07-2014,38.94,39.1,38.81,38.94,614154,SNPS
07-07-2014,38.8,39.09,38.65,39.03,696526,SNPS
08-07-2014,38.9,38.99,38.5,38.91,811418,SNPS
09-07-2014,39.1,39.11,38.63,38.73,752397,SNPS
10-07-2014,38.28,39,37.99,38.78,709434,SNPS
11-07-2014,38.66,38.67,38.26,38.66,675930,SNPS
14-07-2014,38.86,39.45,38.7,39.16,802369,SNPS
15-07-2014,39.26,39.44,39.06,39.37,681323,SNPS
16-07-2014,39.46,39.55,38.79,39.21,911634,SNPS
17-07-2014,39,39.3,38.92,39.07,585929,SNPS
18-07-2014,39.12,39.29,38.85,39.26,476231,SNPS
21-07-2014,39.07,39.26,38.89,38.94,455106,SNPS
22-07-2014,39.08,39.17,38.8,39.09,612225,SNPS
23-07-2014,39.24,39.24,38.81,38.86,308562,SNPS
24-07-2014,38.97,39.12,38.86,39.03,370686,SNPS
25-07-2014,39,39.1,38.73,38.99,548850,SNPS
28-07-2014,38.9,39.16,38.77,38.97,510040,SNPS
29-07-2014,39,39.19,38.64,38.66,551974,SNPS
30-07-2014,38.77,38.95,38.53,38.78,394181,SNPS
31-07-2014,38.6,38.67,37.75,37.77,704773,SNPS
01-08-2014,37.73,37.87,37.27,37.81,836580,SNPS
04-08-2014,37.97,38.05,37.46,37.95,305914,SNPS
05-08-2014,37.78,38.13,37.63,37.93,319206,SNPS
06-08-2014,37.8,38.1,37.72,38.03,438757,SNPS
07-08-2014,38.2,38.37,37.8,37.9,365675,SNPS
08-08-2014,37.86,38.29,37.74,38.19,358871,SNPS
11-08-2014,38.26,38.68,38.18,38.46,399850,SNPS
12-08-2014,38.35,38.59,38.18,38.48,455212,SNPS
13-08-2014,38.67,39.03,38.59,38.75,322527,SNPS
14-08-2014,38.78,39.04,38.73,38.86,271956,SNPS
15-08-2014,39.11,39.18,38.49,38.78,309182,SNPS
18-08-2014,38.96,39.3,38.91,39.02,416898,SNPS
19-08-2014,39.2,39.26,39.07,39.1,570849,SNPS
20-08-2014,38.95,39.37,38.95,39.3,547193,SNPS
21-08-2014,39.5,41.82,39.49,41.75,1834146,SNPS
22-08-2014,42.55,42.55,40.69,40.69,1013601,SNPS
25-08-2014,40.84,41,40.56,40.64,687238,SNPS
26-08-2014,40.76,41,40.6,40.9,523889,SNPS
27-08-2014,41,41.29,40.75,40.89,559362,SNPS
28-08-2014,40.69,40.91,40.63,40.75,443684,SNPS
29-08-2014,40.89,41,40.56,40.9,535686,SNPS
02-09-2014,40.57,41,40.55,40.79,1184594,SNPS
03-09-2014,40.82,41.37,40.76,41.36,967382,SNPS
04-09-2014,41.36,41.64,41.26,41.35,718688,SNPS
05-09-2014,41.31,41.6,41.29,41.45,332976,SNPS
08-09-2014,41.38,41.63,40.99,41.3,363439,SNPS
09-09-2014,41.19,41.29,40.93,41.03,300415,SNPS
10-09-2014,41.13,41.62,40.99,41.5,507730,SNPS
11-09-2014,41.27,41.58,41.22,41.48,354531,SNPS
12-09-2014,41.43,41.45,41.06,41.15,309110,SNPS
15-09-2014,41.01,41.13,40.72,40.81,368632,SNPS
16-09-2014,40.68,41.13,40.47,40.84,620456,SNPS
17-09-2014,41.04,41.07,40.58,40.61,484197,SNPS
18-09-2014,40.73,41.06,40.73,41.04,324110,SNPS
19-09-2014,41.07,41.26,40.76,40.86,872958,SNPS
22-09-2014,40.85,40.97,40.43,40.44,600669,SNPS
23-09-2014,40.37,40.42,39.87,39.88,320639,SNPS
24-09-2014,39.97,40.47,39.79,40.42,423254,SNPS
25-09-2014,40.22,40.22,39.73,39.98,571707,SNPS
26-09-2014,40.03,40.15,39.84,40.03,268916,SNPS
29-09-2014,39.77,40.03,39.53,39.94,358029,SNPS
30-09-2014,39.99,39.99,39.55,39.7,423408,SNPS
01-10-2014,39.6,39.75,39.37,39.52,894108,SNPS
02-10-2014,39.49,39.78,39.19,39.45,350969,SNPS
03-10-2014,39.77,39.86,39.43,39.63,300645,SNPS
06-10-2014,39.67,40.01,39.67,39.73,442830,SNPS
07-10-2014,39.58,39.78,39.24,39.25,452351,SNPS
08-10-2014,39.27,40.14,39.23,40.12,578093,SNPS
09-10-2014,40.15,40.24,39.11,39.13,676179,SNPS
10-10-2014,39,39.37,37.24,37.28,1493141,SNPS
13-10-2014,37.23,37.91,36.81,37.44,1035135,SNPS
14-10-2014,37.71,37.8,37.17,37.31,765578,SNPS
15-10-2014,36.88,37.72,36.7,37.51,914704,SNPS
16-10-2014,36.92,37.55,36.62,37.32,1078410,SNPS
17-10-2014,37.64,37.93,37.43,37.83,371231,SNPS
20-10-2014,37.69,38.14,37.37,38.1,567185,SNPS
21-10-2014,38.43,38.98,38.15,38.91,522971,SNPS
22-10-2014,38.93,39.27,38.59,38.68,483760,SNPS
23-10-2014,39,39.67,39,39.51,461000,SNPS
24-10-2014,39.51,39.95,39.45,39.93,377360,SNPS
27-10-2014,39.8,39.98,39.56,39.85,410933,SNPS
28-10-2014,39.93,40.48,39.93,40.47,278477,SNPS
29-10-2014,40.41,40.8,40.34,40.6,366560,SNPS
30-10-2014,40.48,40.8,40.38,40.77,261336,SNPS
31-10-2014,41.09,41.34,40.83,40.98,780688,SNPS
03-11-2014,41.06,41.25,40.97,41.16,707455,SNPS
04-11-2014,41.16,41.44,41,41.28,406792,SNPS
05-11-2014,41.4,41.45,41.09,41.25,417417,SNPS
06-11-2014,41.3,41.62,41.08,41.59,369729,SNPS
07-11-2014,41.56,41.89,41.38,41.87,397916,SNPS
10-11-2014,41.8,42.24,41.77,42,554675,SNPS
11-11-2014,42,42.13,41.89,42.01,351347,SNPS
12-11-2014,41.89,42.18,41.83,42.14,297698,SNPS
13-11-2014,42.2,42.21,41.77,42,356592,SNPS
14-11-2014,41.87,42.15,41.69,42.05,479211,SNPS
17-11-2014,41.89,42.16,41.64,41.8,413314,SNPS
18-11-2014,41.87,42.39,41.87,42.08,473197,SNPS
19-11-2014,42,42.12,41.56,41.92,312274,SNPS
20-11-2014,41.69,42.15,41.67,42.13,347906,SNPS
21-11-2014,42.32,42.79,42.27,42.49,484597,SNPS
24-11-2014,42.65,42.88,42.48,42.84,317897,SNPS
25-11-2014,42.9,43.31,42.89,43.19,567468,SNPS
26-11-2014,43.21,43.28,43,43.19,290503,SNPS
28-11-2014,43.36,43.99,42.97,43.39,217320,SNPS
01-12-2014,43.18,43.54,42.88,42.98,697866,SNPS
02-12-2014,42.95,43.59,42.86,43.13,837635,SNPS
03-12-2014,42.31,43.5,42.31,43,779225,SNPS
04-12-2014,43.9,45.03,43.3,44.65,1056393,SNPS
05-12-2014,43.61,44.98,43.61,44.59,1072131,SNPS
08-12-2014,44.33,44.69,43.57,43.74,1059984,SNPS
09-12-2014,43.45,43.86,43.13,43.77,387567,SNPS
10-12-2014,43.58,44,43.1,43.19,470559,SNPS
11-12-2014,43.43,44.23,43.41,43.55,629676,SNPS
12-12-2014,43.35,43.48,42.4,42.43,565641,SNPS
15-12-2014,42.78,42.99,42.06,42.31,716102,SNPS
16-12-2014,42.15,42.67,42.01,42.08,955515,SNPS
17-12-2014,42.31,43.03,42.16,42.97,689151,SNPS
18-12-2014,43.5,44.13,43.45,44.12,765094,SNPS
19-12-2014,44.07,44.5,43.78,43.95,1310393,SNPS
22-12-2014,43.92,44.18,43.78,44.02,514870,SNPS
23-12-2014,44.16,44.25,43.72,43.98,647614,SNPS
24-12-2014,44.02,44.2,43.94,43.99,311897,SNPS
26-12-2014,43.99,44.35,43.78,43.96,396474,SNPS
29-12-2014,43.7,44.32,43.53,44.08,377205,SNPS
30-12-2014,44.04,44.35,43.81,43.83,332901,SNPS
31-12-2014,43.97,44.16,43.47,43.47,531959,SNPS
02-01-2015,43.73,43.89,42.75,43.1,474306,SNPS
05-01-2015,42.76,43.19,42.26,42.54,536262,SNPS
06-01-2015,42.71,42.85,41.77,42.16,626244,SNPS
07-01-2015,42.52,42.53,41.97,42.21,611014,SNPS
08-01-2015,42.53,43.08,42.36,42.86,694668,SNPS
09-01-2015,42.93,43.23,42.74,42.93,694776,SNPS
12-01-2015,42.57,42.93,42.44,42.5,549310,SNPS
13-01-2015,42.53,43.63,41.94,42.4,523723,SNPS
14-01-2015,41.97,42.42,41.77,42.23,557624,SNPS
15-01-2015,42.26,42.73,41.64,41.73,396019,SNPS
16-01-2015,41.65,42.49,41.6,42.41,541398,SNPS
20-01-2015,42.62,42.73,41.64,42.17,799989,SNPS
21-01-2015,42.25,42.52,41.75,42.43,829044,SNPS
22-01-2015,42.66,43.25,42.23,43.17,558347,SNPS
23-01-2015,43.2,43.86,42.9,43.52,471805,SNPS
26-01-2015,43.54,44.04,43.24,44.02,754342,SNPS
27-01-2015,43.35,43.88,43.19,43.69,627101,SNPS
28-01-2015,44.14,44.19,43.31,43.36,574119,SNPS
29-01-2015,43.47,43.77,43.07,43.74,576146,SNPS
30-01-2015,43.51,43.88,42.94,42.99,792808,SNPS
02-02-2015,43.02,43.43,42.2,43.19,768406,SNPS
03-02-2015,43.29,44.27,43.29,44.22,659769,SNPS
04-02-2015,43.91,44.43,43.84,44.17,417604,SNPS
05-02-2015,44.43,44.48,43.96,44.11,757300,SNPS
06-02-2015,44.12,44.42,43.82,43.87,602800,SNPS
09-02-2015,43.63,44.07,43.59,43.7,497759,SNPS
10-02-2015,44.09,44.19,43.64,44.13,633012,SNPS
11-02-2015,44.07,44.45,44.02,44.4,375324,SNPS
12-02-2015,44.5,45.05,44.41,44.87,545301,SNPS
13-02-2015,44.84,45.05,44.7,44.9,408909,SNPS
17-02-2015,44.9,44.98,44.48,44.74,796654,SNPS
18-02-2015,44.6,45.17,44.43,45.16,910834,SNPS
19-02-2015,46.06,46.93,45.72,46.53,1681175,SNPS
20-02-2015,46.39,47.16,46.16,46.95,1063241,SNPS
23-02-2015,46.9,47,46.67,46.82,766070,SNPS
24-02-2015,46.85,47.19,46.56,47.06,778165,SNPS
25-02-2015,47.28,47.37,46.78,47.19,469822,SNPS
26-02-2015,47.14,47.22,46.69,46.72,590922,SNPS
27-02-2015,46.58,46.78,46.3,46.41,816210,SNPS
02-03-2015,46.24,46.93,46.21,46.92,664245,SNPS
03-03-2015,46.7,46.83,46.41,46.49,799614,SNPS
04-03-2015,46.37,46.51,46.1,46.25,623418,SNPS
05-03-2015,46.25,46.5,45.98,46.31,528199,SNPS
06-03-2015,46.06,46.28,45.77,45.94,485404,SNPS
09-03-2015,45.92,46.12,45.83,45.96,440046,SNPS
10-03-2015,45.59,45.67,45.06,45.09,576253,SNPS
11-03-2015,45.16,45.45,45,45.34,683570,SNPS
12-03-2015,45.26,45.71,45.04,45.63,448443,SNPS
13-03-2015,45.51,45.84,45.22,45.71,412741,SNPS
16-03-2015,45.78,46.46,45.78,46.37,594176,SNPS
17-03-2015,46.16,46.35,45.86,46.06,780911,SNPS
18-03-2015,46.05,46.85,46,46.52,474942,SNPS
19-03-2015,46.51,46.95,46.51,46.77,427915,SNPS
20-03-2015,46.99,47.24,46.79,47.13,1182347,SNPS
23-03-2015,47.13,47.15,46.71,46.72,342943,SNPS
24-03-2015,46.65,46.93,46.37,46.44,533664,SNPS
25-03-2015,46.64,46.75,45.68,45.69,876553,SNPS
26-03-2015,45.45,45.9,45.36,45.61,606300,SNPS
27-03-2015,45.56,45.9,45.31,45.79,504588,SNPS
30-03-2015,46,46.6,45.94,46.42,597925,SNPS
31-03-2015,46.34,46.42,46.1,46.32,981702,SNPS
01-04-2015,46.3,46.41,45.81,46.32,662222,SNPS
02-04-2015,46.36,46.56,46.14,46.46,733317,SNPS
06-04-2015,46.1,46.88,46.1,46.87,718723,SNPS
07-04-2015,46.87,47.35,46.82,47.01,913889,SNPS
08-04-2015,47,47.65,47,47.58,996396,SNPS
09-04-2015,47.44,47.72,47.26,47.65,639457,SNPS
10-04-2015,47.65,48.02,47.64,47.8,500835,SNPS
13-04-2015,47.68,48.05,47.45,47.47,445899,SNPS
14-04-2015,47.39,47.54,47.03,47.41,563527,SNPS
15-04-2015,47.54,47.78,47.34,47.41,632630,SNPS
16-04-2015,47.32,47.58,47.23,47.35,466046,SNPS
17-04-2015,47.1,47.13,46.42,46.48,627606,SNPS
20-04-2015,46.68,47.13,46.68,47,376704,SNPS
21-04-2015,47.31,47.49,47.03,47.29,480730,SNPS
22-04-2015,47.3,47.58,47.02,47.54,423652,SNPS
23-04-2015,47.52,48.11,47.52,47.96,547917,SNPS
24-04-2015,48,48.03,47.6,47.61,642655,SNPS
27-04-2015,47.67,47.87,47.2,47.3,401731,SNPS
28-04-2015,47.26,47.92,47.03,47.61,524599,SNPS
29-04-2015,47.47,47.74,47.17,47.5,428973,SNPS
30-04-2015,47.26,47.54,46.74,46.88,610528,SNPS
01-05-2015,47.09,47.3,46.81,47.09,613622,SNPS
04-05-2015,47.1,47.58,46.98,47.23,410006,SNPS
05-05-2015,46.97,47.07,46.55,46.62,419669,SNPS
06-05-2015,46.9,46.92,46.44,46.82,586356,SNPS
07-05-2015,46.74,47.14,46.64,47.12,823475,SNPS
08-05-2015,47.64,48.09,47.2,47.98,708736,SNPS
11-05-2015,47.83,48.37,47.5,48.24,737143,SNPS
12-05-2015,48.17,48.2,47.66,47.88,536084,SNPS
13-05-2015,48.12,48.51,48.02,48.23,482840,SNPS
14-05-2015,48.42,48.84,48.3,48.72,541208,SNPS
15-05-2015,48.68,48.83,48.4,48.61,371681,SNPS
18-05-2015,48.44,49,48.35,48.96,618233,SNPS
19-05-2015,48.93,49.13,48.84,49,452787,SNPS
20-05-2015,49,49.53,48.92,49.24,1203021,SNPS
21-05-2015,48.24,49.94,47.84,49.8,1029781,SNPS
22-05-2015,49.51,49.64,49.11,49.35,1192354,SNPS
26-05-2015,49.35,49.41,48.55,48.84,1092515,SNPS
27-05-2015,49.15,50.1,48.89,50,950279,SNPS
28-05-2015,49.86,50.2,49.67,49.83,736454,SNPS
29-05-2015,49.9,50.2,49.7,49.89,1321939,SNPS
01-06-2015,50.15,50.28,49.54,49.92,660242,SNPS
02-06-2015,49.66,50.28,49.66,50.16,707980,SNPS
03-06-2015,50.22,50.77,50.03,50.73,679061,SNPS
04-06-2015,50.7,50.7,50.18,50.32,529357,SNPS
05-06-2015,50.34,50.75,49.9,50.74,446161,SNPS
08-06-2015,50.8,50.81,49.76,49.88,526761,SNPS
09-06-2015,49.79,49.85,49.31,49.48,579913,SNPS
10-06-2015,49.72,50.35,49.55,50.21,376618,SNPS
11-06-2015,50.43,50.58,50.22,50.57,643774,SNPS
12-06-2015,50.29,50.5,50.17,50.27,340184,SNPS
15-06-2015,50.06,50.3,49.45,49.74,526838,SNPS
16-06-2015,49.05,50.2,49.05,50.01,846110,SNPS
17-06-2015,49.75,50.37,49.75,50.07,898384,SNPS
18-06-2015,50.03,50.73,50.01,50.32,654800,SNPS
19-06-2015,50.43,50.54,50.09,50.15,928407,SNPS
22-06-2015,50.39,50.61,50.23,50.6,567192,SNPS
23-06-2015,50.8,50.8,50.21,50.39,717724,SNPS
24-06-2015,50.46,50.46,49.81,50.25,634826,SNPS
25-06-2015,50.36,50.5,50.12,50.46,800663,SNPS
26-06-2015,50.48,50.66,50.09,50.24,1610490,SNPS
29-06-2015,50.14,50.18,49.72,49.9,1502211,SNPS
30-06-2015,51,51,49.75,50.65,1799149,SNPS
01-07-2015,50.83,50.96,50.11,50.24,974195,SNPS
02-07-2015,50.24,50.4,49.57,49.92,629600,SNPS
06-07-2015,49.57,50.19,49.55,49.67,811217,SNPS
07-07-2015,49.58,49.74,48.85,49.72,708700,SNPS
08-07-2015,49.45,49.78,49.35,49.69,995740,SNPS
09-07-2015,50.09,50.72,49.53,50.32,1137088,SNPS
10-07-2015,50.67,50.68,50.09,50.38,666799,SNPS
13-07-2015,50.66,50.87,50.48,50.71,439190,SNPS
14-07-2015,50.88,51.14,50.81,51.07,735474,SNPS
15-07-2015,51.26,51.29,50.91,51.15,779978,SNPS
16-07-2015,51.19,51.35,50.75,50.79,922086,SNPS
17-07-2015,50.85,50.87,50.43,50.67,447558,SNPS
20-07-2015,50.71,50.92,50.53,50.86,437575,SNPS
21-07-2015,51.03,51.05,50.26,50.28,671518,SNPS
22-07-2015,50.09,50.73,49.95,50.6,488028,SNPS
23-07-2015,50.6,50.89,50.29,50.43,482757,SNPS
24-07-2015,50.52,50.71,49.8,50.06,322689,SNPS
27-07-2015,49.66,49.75,49.13,49.23,353701,SNPS
28-07-2015,49.49,50.28,49.3,50.24,870603,SNPS
29-07-2015,50.14,50.73,49.9,50.68,388553,SNPS
30-07-2015,50.6,51.01,49.91,50.9,301259,SNPS
31-07-2015,51.01,51.1,50.49,50.84,465800,SNPS
03-08-2015,50.72,50.72,50.16,50.58,418934,SNPS
04-08-2015,50.65,51.01,50.43,50.97,458156,SNPS
05-08-2015,51.1,51.75,50.96,51.6,829534,SNPS
06-08-2015,51.68,51.8,50.85,51.07,476004,SNPS
07-08-2015,51.01,51.2,50.55,51.18,487387,SNPS
10-08-2015,51.32,51.8,51.02,51.75,1136924,SNPS
11-08-2015,51.2,51.71,50.99,51.14,418896,SNPS
12-08-2015,50.92,51.29,50.24,51.24,472105,SNPS
13-08-2015,51.27,51.65,51.14,51.39,467693,SNPS
14-08-2015,51.15,51.64,51.05,51.64,681773,SNPS
17-08-2015,51.46,52.15,51.15,52.13,982007,SNPS
18-08-2015,52.44,52.5,51.87,51.98,701419,SNPS
19-08-2015,51.79,52.65,51.43,52.3,819640,SNPS
20-08-2015,51.8,52.03,48.35,48.6,1543308,SNPS
21-08-2015,48.12,48.43,47.48,47.52,1468051,SNPS
24-08-2015,45.37,47.15,43.46,45.7,1360830,SNPS
25-08-2015,46.86,47.24,44.92,44.98,1045495,SNPS
26-08-2015,46,46.91,45.28,46.71,1004973,SNPS
27-08-2015,47,47.48,45.98,46.94,1437083,SNPS
28-08-2015,47.01,47.5,46.8,47.1,1132957,SNPS
31-08-2015,47.13,47.51,46.91,46.93,1044815,SNPS
01-09-2015,45.86,46.41,45.45,45.64,1185899,SNPS
02-09-2015,46.29,46.73,45.38,46.31,877608,SNPS
03-09-2015,46.73,47.59,46.18,47.14,1113097,SNPS
04-09-2015,46.49,46.97,46.36,46.6,783576,SNPS
08-09-2015,47.39,48.09,46.55,48.05,1121443,SNPS
09-09-2015,48.07,48.2,46.02,47.22,958178,SNPS
10-09-2015,47.03,48.06,47.02,47.6,824153,SNPS
11-09-2015,47.32,48.03,47.32,47.88,756573,SNPS
14-09-2015,48.11,48.11,47.63,47.68,698108,SNPS
15-09-2015,47.68,48.15,47.68,48.05,766152,SNPS
16-09-2015,48.2,48.4,47.88,48.13,724069,SNPS
17-09-2015,48.03,48.41,47.71,47.89,675612,SNPS
18-09-2015,47.2,47.88,47.2,47.33,1309154,SNPS
21-09-2015,47.39,48.05,47.32,47.72,549459,SNPS
22-09-2015,47.12,47.57,47.02,47.51,1511781,SNPS
23-09-2015,47.52,47.76,47.23,47.57,658197,SNPS
24-09-2015,47.31,47.44,46.74,47.03,1046668,SNPS
25-09-2015,47.51,47.59,46.55,46.8,664086,SNPS
28-09-2015,46.59,46.98,46.07,46.25,965835,SNPS
29-09-2015,46.41,46.75,45.58,45.96,1061276,SNPS
30-09-2015,46.39,46.74,45.85,46.18,1295708,SNPS
01-10-2015,46.17,46.47,45.81,46.4,1049417,SNPS
02-10-2015,45.93,46.93,45.55,46.92,798617,SNPS
05-10-2015,47.18,47.63,47.15,47.55,1049654,SNPS
06-10-2015,47.63,47.83,47.24,47.55,477563,SNPS
07-10-2015,47.64,47.9,47.25,47.68,703861,SNPS
08-10-2015,47.4,47.97,47.19,47.8,595570,SNPS
09-10-2015,47.85,48.23,47.42,48.04,576427,SNPS
12-10-2015,47.83,48.27,47.68,48.1,502475,SNPS
13-10-2015,47.93,48.17,47.14,47.6,633169,SNPS
14-10-2015,47.52,47.9,47.47,47.56,435870,SNPS
15-10-2015,47.58,48.05,46.01,48.03,625846,SNPS
16-10-2015,48.11,48.44,47.92,48.43,975316,SNPS
19-10-2015,48.35,48.73,47.54,48.4,660664,SNPS
20-10-2015,48.51,48.66,48.06,48.18,400112,SNPS
21-10-2015,48.31,48.39,47.61,47.67,562824,SNPS
22-10-2015,48.3,49.64,47.88,49.48,1413739,SNPS
23-10-2015,49.87,49.94,49.39,49.72,810090,SNPS
26-10-2015,49.72,50,49.55,49.89,628506,SNPS
27-10-2015,49.71,50.44,49.22,49.37,666671,SNPS
28-10-2015,49.86,50.59,48.71,50.58,997575,SNPS
29-10-2015,50.23,50.45,49.87,50.01,631354,SNPS
30-10-2015,49.98,50.13,49.87,49.98,949568,SNPS
02-11-2015,50.09,50.62,49.48,50.42,695675,SNPS
03-11-2015,50.25,50.75,50.05,50.52,621535,SNPS
04-11-2015,50.68,51.06,50.59,51.04,510525,SNPS
05-11-2015,50.88,51.1,50.54,50.84,657879,SNPS
06-11-2015,50.83,51.54,50.62,51.53,449533,SNPS
09-11-2015,51.37,51.45,50.82,51.19,383001,SNPS
10-11-2015,50.88,51.44,50.84,51.4,537714,SNPS
11-11-2015,51.45,51.9,51.13,51.49,402280,SNPS
12-11-2015,51.12,51.66,51.05,51.12,448490,SNPS
13-11-2015,50.94,51.22,50.19,50.56,484195,SNPS
16-11-2015,50.48,51.15,50.48,51.07,460385,SNPS
17-11-2015,51.2,52.06,51.09,51.63,528767,SNPS
18-11-2015,51.54,52.13,51,52.11,679845,SNPS
19-11-2015,52.19,52.78,50.96,52.52,683089,SNPS
20-11-2015,51.28,51.28,47.73,48.23,2817579,SNPS
23-11-2015,48.12,49.64,48.07,49.5,1755660,SNPS
24-11-2015,49.25,49.78,49.09,49.52,827259,SNPS
25-11-2015,49.52,49.9,49.48,49.79,443037,SNPS
27-11-2015,49.96,50.53,49.73,50.47,313921,SNPS
30-11-2015,50.94,50.94,49.98,50.08,1474179,SNPS
01-12-2015,50.48,50.86,49.95,50.49,1242464,SNPS
02-12-2015,50.79,50.86,49.96,50.03,1089404,SNPS
03-12-2015,46.76,48.69,46.27,46.57,2743788,SNPS
04-12-2015,46.5,47.48,46.32,47.37,1176084,SNPS
07-12-2015,47.49,47.54,46.11,46.25,844675,SNPS
08-12-2015,46,46.44,45.67,46.08,1147464,SNPS
09-12-2015,46.12,46.78,45.25,45.38,2915889,SNPS
10-12-2015,45.34,45.77,45.1,45.5,640111,SNPS
11-12-2015,45.25,45.82,44.85,44.97,691828,SNPS
14-12-2015,44.91,45.48,44.7,45.43,827372,SNPS
15-12-2015,45.61,45.89,45.22,45.23,1901583,SNPS
16-12-2015,45.41,45.96,45.13,45.72,739965,SNPS
17-12-2015,45.71,45.92,45.21,45.22,733844,SNPS
18-12-2015,45.3,45.5,44.74,44.77,1478809,SNPS
21-12-2015,45.07,45.32,44.39,44.73,868402,SNPS
22-12-2015,44.85,45.45,44.62,45.34,774213,SNPS
23-12-2015,45.51,45.98,45.25,45.88,607988,SNPS
24-12-2015,45.73,45.99,45.63,45.77,241948,SNPS
28-12-2015,45.55,46.19,45.55,46.16,635523,SNPS
29-12-2015,46.37,47,46.07,46.45,602474,SNPS
30-12-2015,46.28,46.64,46.11,46.14,452275,SNPS
31-12-2015,46.07,46.52,45.61,45.61,808550,SNPS
04-01-2016,45.11,45.11,44,44.92,831674,SNPS
05-01-2016,45.15,46,44.55,44.97,674628,SNPS
06-01-2016,44.37,44.86,43.96,44.31,732852,SNPS
07-01-2016,43.5,43.99,43.09,43.28,949007,SNPS
08-01-2016,43.46,43.65,42.28,42.35,1200453,SNPS
11-01-2016,42.63,42.72,41.82,42.09,1034776,SNPS
12-01-2016,42.44,43.02,41.56,42.02,1465204,SNPS
13-01-2016,42.11,42.17,40.36,40.53,1542464,SNPS
14-01-2016,40.83,41.62,40.2,41.25,1409905,SNPS
15-01-2016,40.12,40.97,39.92,40.96,1329629,SNPS
19-01-2016,41.26,41.36,40.29,40.69,786380,SNPS
20-01-2016,39.98,41.37,39.66,40.94,1244860,SNPS
21-01-2016,40.96,41.23,39.26,40.69,1081783,SNPS
22-01-2016,41.14,41.74,40.88,41.7,1077984,SNPS
25-01-2016,41.55,41.96,41,41.12,973179,SNPS
26-01-2016,41.33,41.97,41.12,41.78,957770,SNPS
27-01-2016,41.55,42.04,41.35,41.51,964570,SNPS
28-01-2016,41.76,41.9,41.27,41.61,950328,SNPS
29-01-2016,41.87,42.9,41.86,42.9,1329185,SNPS
01-02-2016,42.62,42.84,42.25,42.58,680803,SNPS
02-02-2016,42.23,43.42,41.21,42.25,920951,SNPS
03-02-2016,42.55,42.94,41.91,42.53,1073769,SNPS
04-02-2016,42.75,43.34,42.53,42.86,862129,SNPS
05-02-2016,42.65,42.65,41.27,41.66,1583792,SNPS
08-02-2016,41.14,41.6,40.36,41.32,1362029,SNPS
09-02-2016,40.76,41.6,40.5,40.96,1367463,SNPS
10-02-2016,41.32,42.04,41.29,41.37,1652046,SNPS
11-02-2016,40.77,41.75,40.77,41.34,1176874,SNPS
12-02-2016,42.19,42.3,40.42,41.92,1384530,SNPS
16-02-2016,42.43,43.17,42.26,42.96,2268180,SNPS
17-02-2016,43.04,43.84,42.79,43.61,1493523,SNPS
18-02-2016,46.05,46.4,43.93,44,2007531,SNPS
19-02-2016,43.94,44.65,43.46,44.48,1495429,SNPS
22-02-2016,44.93,45.22,44.42,44.72,1316450,SNPS
23-02-2016,44.69,45.25,43.72,44.1,1267251,SNPS
24-02-2016,43.63,44.29,43.17,44.22,932364,SNPS
25-02-2016,44.22,44.75,44.01,44.55,838660,SNPS
26-02-2016,44.76,45.39,44.71,45.2,1345826,SNPS
29-02-2016,45.16,45.34,44.74,44.75,1212916,SNPS
01-03-2016,44.7,45.89,44.55,45.88,1244355,SNPS
02-03-2016,45.67,45.98,44.99,45.89,690745,SNPS
03-03-2016,45.66,45.89,45.37,45.87,842430,SNPS
04-03-2016,45.88,46.67,45.53,46.22,1374892,SNPS
07-03-2016,45.95,46.36,44.07,46.13,792208,SNPS
08-03-2016,45.79,46.06,45.37,45.63,941278,SNPS
09-03-2016,45.85,46.02,45.49,45.78,989228,SNPS
10-03-2016,45.86,46.17,45.06,45.52,555873,SNPS
11-03-2016,45.87,46.26,45.72,46.2,666985,SNPS
14-03-2016,46,46.34,45.97,46.21,509502,SNPS
15-03-2016,45.92,46.48,45.9,46.41,729308,SNPS
16-03-2016,46.17,46.92,46.17,46.79,561104,SNPS
17-03-2016,46.83,47.44,45.96,47.15,792040,SNPS
18-03-2016,47.02,47.82,46.16,47.78,1868405,SNPS
21-03-2016,47.58,47.81,47.48,47.6,735369,SNPS
22-03-2016,47.44,48.14,47.26,47.94,607045,SNPS
23-03-2016,47.85,47.88,47.49,47.57,798724,SNPS
24-03-2016,47.26,47.91,47.11,47.87,579299,SNPS
28-03-2016,47.8,47.93,47.31,47.68,591502,SNPS
29-03-2016,47.62,48.34,47.17,48.27,1145219,SNPS
30-03-2016,48.44,48.6,47.92,48.13,795200,SNPS
31-03-2016,48.2,48.58,47.97,48.44,1174275,SNPS
01-04-2016,48.24,49.3,48,49.28,1232811,SNPS
04-04-2016,49.28,49.37,48.8,48.93,702372,SNPS
05-04-2016,48.5,48.89,48.03,48.42,770239,SNPS
06-04-2016,48.41,48.7,47.97,48.57,1265531,SNPS
07-04-2016,48.23,48.46,47.86,48.14,778283,SNPS
08-04-2016,48.52,48.83,48.04,48.24,331108,SNPS
11-04-2016,48.39,48.69,47.77,47.87,403739,SNPS
12-04-2016,47.95,48.44,47.35,47.82,380128,SNPS
13-04-2016,48.08,48.37,47.83,48.25,690430,SNPS
14-04-2016,48.22,48.46,48.05,48.1,522370,SNPS
15-04-2016,47.92,48.5,47.92,48.38,874769,SNPS
18-04-2016,48.22,48.99,47.85,48.86,411779,SNPS
19-04-2016,49,49.24,48.76,49.24,685602,SNPS
20-04-2016,49.03,49.35,48.51,48.58,611332,SNPS
21-04-2016,48.77,49.31,48.54,49.11,793204,SNPS
22-04-2016,48.89,49.28,48.58,49.05,769032,SNPS
25-04-2016,49.04,49.19,48.66,48.84,659452,SNPS
26-04-2016,48.82,49.13,48.27,48.49,878492,SNPS
27-04-2016,48.5,48.81,48.27,48.61,549690,SNPS
28-04-2016,48.39,48.92,48.06,48.26,587039,SNPS
29-04-2016,48.08,48.14,47.21,47.52,1783543,SNPS
02-05-2016,47.52,48.81,47.52,48.68,838482,SNPS
03-05-2016,48.28,48.6,47.95,48.31,513066,SNPS
04-05-2016,48.2,48.2,47.7,47.81,379835,SNPS
05-05-2016,47.92,48.19,47.37,47.45,531515,SNPS
06-05-2016,47.23,47.98,46.68,47.86,542410,SNPS
09-05-2016,47.75,48.4,47.73,47.99,355450,SNPS
10-05-2016,48.24,48.67,47.89,48.67,356622,SNPS
11-05-2016,48.45,48.69,48.16,48.2,485710,SNPS
12-05-2016,48.5,48.55,48.02,48.47,624311,SNPS
13-05-2016,48.27,48.6,47.84,47.91,560749,SNPS
16-05-2016,48.16,48.97,48.1,48.61,960049,SNPS
17-05-2016,48.37,48.6,47.69,47.78,693502,SNPS
18-05-2016,47.57,48.67,47.47,48.36,1191201,SNPS
19-05-2016,49.19,49.43,47.87,48.74,1256320,SNPS
20-05-2016,49.08,50.05,48.99,49.92,1223277,SNPS
23-05-2016,49.82,50.02,49.69,49.8,646212,SNPS
24-05-2016,50.06,51.52,49.34,51.18,1438276,SNPS
25-05-2016,51.19,51.67,51.19,51.27,1303266,SNPS
26-05-2016,51.16,51.68,51.04,51.34,727928,SNPS
27-05-2016,51.26,51.78,50.86,51.75,594584,SNPS
31-05-2016,51.76,51.99,51.52,51.67,947016,SNPS
01-06-2016,51.38,52,50.67,51.98,566986,SNPS
02-06-2016,51.67,52.42,51.67,52.4,812859,SNPS
03-06-2016,52.2,52.35,51.76,52.03,595615,SNPS
06-06-2016,52.4,52.88,52.23,52.47,939610,SNPS
07-06-2016,52.37,52.99,52.37,52.76,772865,SNPS
08-06-2016,52.8,53.46,52.7,53.44,957879,SNPS
09-06-2016,53.32,53.33,53.04,53.08,1119235,SNPS
10-06-2016,52.59,52.93,52.39,52.5,696411,SNPS
13-06-2016,52.15,52.76,52.04,52.14,887247,SNPS
14-06-2016,52.13,52.35,51.93,52.17,872007,SNPS
15-06-2016,52.33,52.7,52.16,52.53,788923,SNPS
16-06-2016,51.65,52.61,51.14,52.52,944786,SNPS
17-06-2016,52.41,52.5,51.96,52.46,1384863,SNPS
20-06-2016,52.81,53.48,52.57,53.12,1124472,SNPS
21-06-2016,53.16,53.44,52.77,53.09,905013,SNPS
22-06-2016,53.24,53.56,53.09,53.14,652420,SNPS
23-06-2016,53.43,53.95,53.26,53.93,698867,SNPS
24-06-2016,52.02,52.91,51.68,52.08,1983778,SNPS
27-06-2016,51.74,51.92,50.97,51.33,1447724,SNPS
28-06-2016,51.62,52.15,51.36,52.11,727169,SNPS
29-06-2016,52.67,53.04,52.49,53,653638,SNPS
30-06-2016,53.24,54.1,53.03,54.08,1598941,SNPS
01-07-2016,53.9,54.46,53.32,53.77,863783,SNPS
05-07-2016,53.35,53.78,53.29,53.56,796946,SNPS
06-07-2016,53.19,53.76,53.02,53.74,951308,SNPS
07-07-2016,53.67,53.87,53.38,53.82,647274,SNPS
08-07-2016,54,54.59,53.7,54.25,1313483,SNPS
11-07-2016,54.59,54.9,54.41,54.67,761226,SNPS
12-07-2016,54.99,55.04,54.82,54.91,1013990,SNPS
13-07-2016,54.86,55.15,54.85,54.87,950265,SNPS
14-07-2016,55.14,55.21,54.78,54.79,749976,SNPS
15-07-2016,54.83,54.9,54.38,54.42,781596,SNPS
18-07-2016,54.3,54.75,54.17,54.31,1137053,SNPS
19-07-2016,54.35,54.86,54.09,54.58,987809,SNPS
20-07-2016,55,55,54.6,54.88,717517,SNPS
21-07-2016,54.75,54.83,54.28,54.45,815398,SNPS
22-07-2016,54.56,54.92,54.17,54.81,395454,SNPS
25-07-2016,54.9,55,54.54,54.62,777268,SNPS
26-07-2016,54.49,54.61,53.98,54.17,1074590,SNPS
27-07-2016,54.48,54.63,53.87,54.03,1212191,SNPS
28-07-2016,54.02,54.48,53.8,54.31,656079,SNPS
29-07-2016,54.36,54.44,53.86,54.16,1149716,SNPS
01-08-2016,54.32,54.56,53.53,54.55,632059,SNPS
02-08-2016,54.63,54.69,53.94,54.13,632371,SNPS
03-08-2016,54.17,54.46,53.93,54.36,961596,SNPS
04-08-2016,54.55,54.74,54.27,54.68,578128,SNPS
05-08-2016,55,55.17,54.69,55.16,757902,SNPS
08-08-2016,55.16,55.32,54.97,55.13,588189,SNPS
09-08-2016,55.26,55.68,55.21,55.49,627930,SNPS
10-08-2016,55.43,55.79,55.04,55.75,735112,SNPS
11-08-2016,55.87,55.94,55.59,55.88,444955,SNPS
12-08-2016,55.87,55.95,55.6,55.74,451344,SNPS
15-08-2016,55.85,56.29,55.44,56.06,996243,SNPS
16-08-2016,56,56.2,55.76,55.86,719751,SNPS
17-08-2016,55.87,56.06,55.53,55.89,1174563,SNPS
18-08-2016,57.75,58.68,57.15,58.5,1459071,SNPS
19-08-2016,58.5,58.67,57.98,58.59,1211298,SNPS
22-08-2016,58.36,58.87,58.2,58.52,838991,SNPS
23-08-2016,58.61,59.04,58.52,58.93,721263,SNPS
24-08-2016,58.81,59.03,58.12,58.61,724755,SNPS
25-08-2016,58.59,58.83,58.3,58.74,746234,SNPS
26-08-2016,58.85,59.29,58.25,59.14,730530,SNPS
29-08-2016,59.09,59.52,59.09,59.29,536489,SNPS
30-08-2016,59.45,59.59,59.03,59.08,868177,SNPS
31-08-2016,59.1,59.43,58.72,59.29,1200028,SNPS
01-09-2016,58.96,59.41,58.66,59.14,1046736,SNPS
02-09-2016,59.33,59.8,59.15,59.67,888076,SNPS
06-09-2016,59.5,59.82,59.23,59.8,608640,SNPS
07-09-2016,59.79,60,59.73,59.93,756816,SNPS
08-09-2016,59.88,59.98,59.39,59.71,664413,SNPS
09-09-2016,59.38,59.46,58.32,58.32,871616,SNPS
12-09-2016,57.98,59.13,57.63,59.09,631541,SNPS
13-09-2016,58.53,58.66,57.86,57.93,905750,SNPS
14-09-2016,58.14,58.25,57.62,57.72,903623,SNPS
15-09-2016,57.7,58.6,57.43,58.4,790476,SNPS
16-09-2016,58.34,58.34,57.84,58,1057789,SNPS
19-09-2016,58.09,58.68,57.72,58.53,730709,SNPS
20-09-2016,58.91,58.95,58.33,58.34,620547,SNPS
21-09-2016,58.51,59,58.42,58.98,780654,SNPS
22-09-2016,59.08,59.8,58.87,59.66,806761,SNPS
23-09-2016,59.28,59.67,59.28,59.38,665679,SNPS
26-09-2016,58.99,59.37,58.94,59.18,639592,SNPS
27-09-2016,59.08,59.72,58.84,59.62,675085,SNPS
28-09-2016,59.77,59.94,59.35,59.91,581515,SNPS
29-09-2016,59.73,59.94,59.05,59.08,800053,SNPS
30-09-2016,59.35,59.61,58.92,59.35,900129,SNPS
03-10-2016,59.3,59.51,58.88,58.91,758041,SNPS
04-10-2016,58.9,59.18,58.52,58.79,832298,SNPS
05-10-2016,59.08,60.02,59.06,59.65,857973,SNPS
06-10-2016,59.56,59.98,59.33,59.83,614768,SNPS
07-10-2016,59.8,59.88,59.15,59.26,1003421,SNPS
10-10-2016,59.7,61.36,58.2,60.56,987316,SNPS
11-10-2016,60.32,60.55,59.33,59.57,578986,SNPS
12-10-2016,59.53,59.94,59.37,59.76,485920,SNPS
13-10-2016,59.52,59.82,58.68,59.48,653323,SNPS
14-10-2016,59.85,60.58,59.74,59.75,899049,SNPS
17-10-2016,59.76,60.2,59.63,59.75,515819,SNPS
18-10-2016,60.43,60.43,59.55,59.62,599446,SNPS
19-10-2016,60.03,60.04,59.66,59.76,642246,SNPS
20-10-2016,59.57,59.82,58.93,59.19,639053,SNPS
21-10-2016,59.08,59.39,58.75,59.13,434597,SNPS
24-10-2016,59.37,59.95,59.26,59.45,491413,SNPS
25-10-2016,59.3,59.39,58.32,58.61,647919,SNPS
26-10-2016,58.56,59.01,58.25,58.56,569721,SNPS
27-10-2016,58.79,59,58.15,58.33,584440,SNPS
28-10-2016,58.25,58.83,58.23,58.37,550064,SNPS
31-10-2016,58.58,59.44,58.51,59.31,819816,SNPS
01-11-2016,59.25,59.25,58.08,58.3,803352,SNPS
02-11-2016,58.09,58.54,57.64,57.93,721972,SNPS
03-11-2016,57.9,58.39,57.59,57.74,706217,SNPS
04-11-2016,57.72,58.47,57.55,57.65,576827,SNPS
07-11-2016,58.66,59.41,58.49,59.03,708746,SNPS
08-11-2016,58.75,59.83,58.59,59.22,738615,SNPS
09-11-2016,58.18,59.15,57.62,59.02,1203415,SNPS
10-11-2016,59.37,59.65,58.26,58.63,1137221,SNPS
11-11-2016,58.67,59.9,58.57,59.63,746189,SNPS
14-11-2016,61.9,62,59.76,59.82,1269323,SNPS
15-11-2016,60.14,60.33,59.78,60.07,1198754,SNPS
16-11-2016,59.75,60.82,59.75,60.77,912277,SNPS
17-11-2016,60.68,61.69,60.27,61.49,687139,SNPS
18-11-2016,61.71,61.86,61.08,61.11,542295,SNPS
21-11-2016,61.28,61.6,61,61.31,678252,SNPS
22-11-2016,61.58,61.58,61.07,61.3,633876,SNPS
23-11-2016,61.05,61.27,60.84,61.08,478346,SNPS
25-11-2016,61.1,61.69,61.1,61.56,370057,SNPS
28-11-2016,61.33,61.58,61.11,61.3,480546,SNPS
29-11-2016,61.17,61.47,61,61.17,795346,SNPS
30-11-2016,61.11,61.2,60.48,60.48,1574779,SNPS
01-12-2016,58.52,59.45,56.67,56.84,2070802,SNPS
02-12-2016,56.09,57.41,56.03,57.11,1125209,SNPS
05-12-2016,57.4,57.67,57.18,57.42,1227137,SNPS
06-12-2016,57.98,58.68,57.88,58,1261984,SNPS
07-12-2016,57.87,59.05,57.8,58.92,960406,SNPS
08-12-2016,59.03,59.54,58.82,59.31,929535,SNPS
09-12-2016,59.3,59.42,58.85,58.9,906424,SNPS
12-12-2016,58.6,59.94,58.58,59.92,1008530,SNPS
13-12-2016,60.19,60.8,59.91,60.28,1008649,SNPS
14-12-2016,60.35,60.72,59.72,59.96,776035,SNPS
15-12-2016,59.94,61.05,59.77,60.37,960731,SNPS
16-12-2016,60.41,60.77,59.83,60.11,1680477,SNPS
19-12-2016,60.36,60.72,60.18,60.37,473376,SNPS
20-12-2016,60.5,60.71,60.13,60.42,573085,SNPS
21-12-2016,60.46,60.54,60.07,60.1,532592,SNPS
22-12-2016,60,60,59.04,59.41,893771,SNPS
23-12-2016,59.51,59.98,59.31,59.76,365162,SNPS
27-12-2016,59.73,60.17,59.4,59.85,327736,SNPS
28-12-2016,60.03,60.27,59.14,59.22,433594,SNPS
29-12-2016,59.36,59.6,59.17,59.42,707326,SNPS
30-12-2016,59.4,59.57,58.74,58.86,623761,SNPS
03-01-2017,59.27,59.7,59.04,59.37,595847,SNPS
04-01-2017,59.37,60.03,59.37,59.57,790253,SNPS
05-01-2017,59.61,60.18,59.52,59.79,1081207,SNPS
06-01-2017,59.73,60.32,59.41,60,647910,SNPS
09-01-2017,59.82,60.37,59.63,60.08,496049,SNPS
10-01-2017,60.34,60.94,60.12,60.69,679097,SNPS
11-01-2017,60.66,61.21,60.13,60.91,492078,SNPS
12-01-2017,60.61,60.93,59.85,60.88,356924,SNPS
13-01-2017,61.12,61.44,60.87,61.34,397918,SNPS
17-01-2017,61.05,61.24,60.44,60.74,504287,SNPS
18-01-2017,60.82,61,60.51,60.76,580136,SNPS
19-01-2017,60.77,61.39,60.67,60.91,602804,SNPS
20-01-2017,60.89,61.5,60.74,60.77,565540,SNPS
23-01-2017,60.58,60.91,60.41,60.83,315232,SNPS
24-01-2017,61.1,62.55,61.1,62.41,878189,SNPS
25-01-2017,62.58,62.84,62.4,62.68,769136,SNPS
26-01-2017,62.7,62.95,62.01,62.2,541411,SNPS
27-01-2017,62.17,62.51,62.15,62.5,261794,SNPS
30-01-2017,62.03,62.62,61.56,62.62,596922,SNPS
31-01-2017,62.72,62.92,62.12,62.89,814472,SNPS
01-02-2017,63.06,63.19,62.24,62.62,658235,SNPS
02-02-2017,62.7,64.22,62.7,64.18,1024228,SNPS
03-02-2017,64.38,65.23,64.25,64.9,843294,SNPS
06-02-2017,64.94,65.39,64.53,65.17,944809,SNPS
07-02-2017,65.3,65.57,65.05,65.2,572607,SNPS
08-02-2017,65.22,65.28,64.75,64.79,755438,SNPS
09-02-2017,65,65.61,64.86,65.44,823702,SNPS
10-02-2017,65.58,65.62,65.08,65.29,1168553,SNPS
13-02-2017,65.57,66.19,65.36,65.98,724631,SNPS
14-02-2017,65.67,65.98,65.31,65.84,798537,SNPS
15-02-2017,65.64,66.47,65.56,66.26,896217,SNPS
16-02-2017,71.73,73.08,70.18,70.66,2392110,SNPS
17-02-2017,70.03,70.86,69.18,70.51,1576848,SNPS
21-02-2017,70.05,71.04,68.79,70.98,1287050,SNPS
22-02-2017,70.8,71.35,70.31,71.26,891575,SNPS
23-02-2017,71.49,71.72,70.75,71.22,984613,SNPS
24-02-2017,70.66,72.08,70.66,72.06,845561,SNPS
27-02-2017,71.82,72.63,71.82,72.26,912780,SNPS
28-02-2017,72,72.14,71.41,71.44,773379,SNPS
01-03-2017,71.44,72.37,71.42,72.24,961468,SNPS
02-03-2017,71.87,71.92,70.85,71.01,1096158,SNPS
03-03-2017,70.84,71.27,70.5,71.03,827153,SNPS
06-03-2017,70.7,71.11,70.6,70.75,884243,SNPS
07-03-2017,70.64,71.36,70.5,71.08,617507,SNPS
08-03-2017,70.94,71.72,70.93,71.35,581238,SNPS
09-03-2017,71.4,71.61,71.12,71.39,411630,SNPS
10-03-2017,71.64,71.89,71.3,71.83,411270,SNPS
13-03-2017,71.8,72.28,71.7,72.09,555590,SNPS
14-03-2017,72.05,72.05,70.37,70.76,2214852,SNPS
15-03-2017,71.08,71.08,69.42,70.25,30294553,SNPS
16-03-2017,70.6,71.49,70.6,70.76,2182750,SNPS
17-03-2017,71.51,71.56,70.99,71.14,2542598,SNPS
20-03-2017,71.13,71.75,70.96,71.52,998095,SNPS
21-03-2017,71.52,72.14,70.42,70.61,1420224,SNPS
22-03-2017,70.42,71.16,70.42,71.07,870282,SNPS
23-03-2017,71.26,71.65,71.04,71.22,789745,SNPS
24-03-2017,71.5,71.76,70.9,71.15,638903,SNPS
27-03-2017,70.77,71.61,70.37,71.36,594306,SNPS
28-03-2017,71.29,72.21,71.26,71.96,1223164,SNPS
29-03-2017,71.71,72.35,71.71,72.25,1092521,SNPS
30-03-2017,72.05,72.28,72.02,72.21,678034,SNPS
31-03-2017,72.06,72.42,71.93,72.13,611698,SNPS
03-04-2017,72.43,72.74,71.57,72.2,1082391,SNPS
04-04-2017,72.07,72.53,71.84,71.98,885490,SNPS
05-04-2017,71.93,72.37,71.34,71.45,807282,SNPS
06-04-2017,71.57,71.88,71.2,71.34,1233063,SNPS
07-04-2017,71.25,71.55,71.13,71.46,743455,SNPS
10-04-2017,71.38,71.77,71.2,71.34,886020,SNPS
11-04-2017,71.25,71.44,70.97,71.44,1102706,SNPS
12-04-2017,71.83,71.9,70.86,70.97,641729,SNPS
13-04-2017,70.93,71.45,70.63,70.93,1032130,SNPS
17-04-2017,71.11,71.38,70.89,71.13,1283973,SNPS
18-04-2017,70.9,71.84,70.85,71.76,1208211,SNPS
19-04-2017,71.87,72.45,71.77,72.23,1002075,SNPS
20-04-2017,72.37,72.68,72.22,72.56,1084156,SNPS
21-04-2017,72.51,72.69,72.3,72.6,677594,SNPS
24-04-2017,73.24,74.22,73.15,73.85,1179702,SNPS
25-04-2017,73.97,74.16,73.28,73.34,1109667,SNPS
26-04-2017,73.53,73.53,73.09,73.25,827203,SNPS
27-04-2017,73.35,74.04,73.35,73.66,737963,SNPS
28-04-2017,73.69,73.77,73.34,73.7,1329773,SNPS
01-05-2017,73.87,74.06,73.55,73.94,803186,SNPS
02-05-2017,74,74.17,73.61,73.75,816807,SNPS
03-05-2017,73.6,73.92,73.46,73.82,878694,SNPS
04-05-2017,74.09,74.28,73.79,74,820997,SNPS
05-05-2017,74.03,74.3,73.88,74.28,775155,SNPS
08-05-2017,74.2,74.3,73.49,73.8,626755,SNPS
09-05-2017,73.94,74.41,73.92,74.12,681433,SNPS
10-05-2017,74.22,74.56,73.98,74.54,811639,SNPS
11-05-2017,74.31,74.63,74.1,74.49,714648,SNPS
12-05-2017,74.48,74.76,74.3,74.42,707892,SNPS
15-05-2017,74.52,75.09,74.5,74.96,1144682,SNPS
16-05-2017,75.08,75.19,74.7,75.12,1178311,SNPS
17-05-2017,74.7,74.84,73.39,73.4,2007229,SNPS
18-05-2017,75,75.34,70.87,70.93,2952894,SNPS
19-05-2017,71,71.49,70.55,70.99,2324633,SNPS
22-05-2017,71.07,72.32,71.01,72.25,1573609,SNPS
23-05-2017,72.48,73.11,72.04,72.6,1267061,SNPS
24-05-2017,72.96,73.22,72.36,73.03,1416938,SNPS
25-05-2017,73.13,73.71,72.91,73.53,1058590,SNPS
26-05-2017,73.85,74.71,73.62,74.37,1368999,SNPS
30-05-2017,74.31,74.74,74,74.7,1275537,SNPS
31-05-2017,74.78,75,74.5,74.87,3856854,SNPS
01-06-2017,75.03,75.41,74.53,74.93,1318707,SNPS
02-06-2017,75.13,75.99,74.99,75.82,1289021,SNPS
05-06-2017,75.61,76.25,75.61,75.76,905427,SNPS
06-06-2017,75.71,76.43,75.41,75.81,940989,SNPS
07-06-2017,76.23,76.33,75.58,76.07,921481,SNPS
08-06-2017,76.12,76.45,75.72,76.12,889866,SNPS
09-06-2017,75.95,76.57,74.43,74.93,1194026,SNPS
12-06-2017,74.39,74.76,73.05,73.89,1554209,SNPS
13-06-2017,74.12,74.67,73.95,74.66,1173314,SNPS
14-06-2017,74.95,74.96,73.71,74.34,1011498,SNPS
15-06-2017,74.11,74.11,73.13,74.02,1325344,SNPS
16-06-2017,73.77,74.33,73.58,73.78,1360335,SNPS
19-06-2017,73.73,75.18,73.72,74.71,1178294,SNPS
20-06-2017,74.45,75.27,74.45,74.61,888969,SNPS
21-06-2017,74.95,74.98,74.14,74.65,863109,SNPS
22-06-2017,74.75,74.92,74.04,74.59,779274,SNPS
23-06-2017,74.59,74.87,74.31,74.36,1971188,SNPS
26-06-2017,74.36,74.94,74.26,74.52,905170,SNPS
27-06-2017,74.39,74.82,73.61,73.65,840983,SNPS
28-06-2017,73.98,74.46,73.65,74.26,734965,SNPS
29-06-2017,74.04,74.25,72.4,72.97,901109,SNPS
30-06-2017,73.02,73.35,72.76,72.93,779767,SNPS
03-07-2017,73.37,73.44,72.08,72.12,530307,SNPS
05-07-2017,72.43,72.99,72.05,72.74,1081871,SNPS
06-07-2017,72.48,72.66,71.94,72.53,1042928,SNPS
07-07-2017,72.67,73.53,72.26,73.15,697848,SNPS
10-07-2017,73.05,73.84,73.04,73.5,833020,SNPS
11-07-2017,73.51,73.89,73.04,73.54,732602,SNPS
12-07-2017,74,75.25,73.43,75.16,949898,SNPS
13-07-2017,75.16,75.43,74.71,74.89,685511,SNPS
14-07-2017,75.04,75.41,74.67,75.27,554760,SNPS
17-07-2017,75.3,75.83,75.02,75.64,479958,SNPS
18-07-2017,75.49,75.69,75.16,75.66,384840,SNPS
19-07-2017,75.85,76.51,75.74,76.41,536670,SNPS
20-07-2017,76.48,76.56,75.49,75.82,556472,SNPS
21-07-2017,75.59,76.18,75.59,75.91,453358,SNPS
24-07-2017,75.95,76.36,75.81,76.34,687691,SNPS
25-07-2017,76.3,76.97,76.19,76.4,844991,SNPS
26-07-2017,76.57,77.25,76.47,76.69,416973,SNPS
27-07-2017,76.85,77.29,75.61,76.36,748165,SNPS
28-07-2017,76.23,76.68,75.98,76.43,352122,SNPS
31-07-2017,76.6,76.89,76.08,76.57,579661,SNPS
01-08-2017,76.9,76.9,76.37,76.77,661020,SNPS
02-08-2017,76.96,76.96,75.63,76.04,690006,SNPS
03-08-2017,76.11,76.28,75.53,76.1,724882,SNPS
04-08-2017,76.06,76.64,75.82,76.61,1125553,SNPS
07-08-2017,76.69,77.22,76.48,77.15,506025,SNPS
08-08-2017,77.13,77.55,76.75,76.82,871638,SNPS
09-08-2017,76.45,77.05,76.23,76.85,637227,SNPS
10-08-2017,76.56,76.7,75.59,75.65,1003312,SNPS
11-08-2017,76,76.5,75.63,76.27,591969,SNPS
14-08-2017,76.86,77.5,76.83,77.28,801067,SNPS
15-08-2017,77.49,78.97,76.95,78.23,959561,SNPS
16-08-2017,78.31,79.45,78.06,79.09,928556,SNPS
17-08-2017,76.72,79.66,76.61,76.76,1816428,SNPS
18-08-2017,76.83,78.01,76.71,77.22,1174012,SNPS
21-08-2017,77.32,78.02,77.16,77.95,812017,SNPS
22-08-2017,78.22,78.94,77.89,78.84,741884,SNPS
23-08-2017,78.57,78.94,78.51,78.53,639817,SNPS
24-08-2017,78.68,78.78,77.91,78.55,586380,SNPS
25-08-2017,78.75,79.36,78.43,78.49,873155,SNPS
28-08-2017,78.83,79.03,78.47,78.79,751312,SNPS
29-08-2017,78.14,78.99,78,78.8,807812,SNPS
30-08-2017,78.71,79.86,78.67,79.6,519793,SNPS
31-08-2017,79.75,80.45,79.57,80.42,907816,SNPS
01-09-2017,80.05,80.7,80.05,80.41,781964,SNPS
05-09-2017,79.92,80.38,79.28,80.01,1406158,SNPS
06-09-2017,80.07,80.19,79.52,80,1203101,SNPS
07-09-2017,80.12,80.55,79.78,79.79,844713,SNPS
08-09-2017,79.78,79.96,79.33,79.54,675528,SNPS
11-09-2017,79.93,80.49,79.34,79.6,1031784,SNPS
12-09-2017,79.62,79.69,78.66,79.57,928272,SNPS
13-09-2017,79.37,79.37,78.88,79.1,462562,SNPS
14-09-2017,79.01,80.46,78.73,80.21,1848437,SNPS
15-09-2017,80.13,80.48,79.52,79.8,1376201,SNPS
18-09-2017,79.94,80.59,79.88,80.43,781177,SNPS
19-09-2017,80.6,81.57,80.47,81.15,854344,SNPS
20-09-2017,81,81.23,80.1,80.7,761988,SNPS
21-09-2017,80.73,80.8,79.76,80.06,501186,SNPS
22-09-2017,79.72,80.65,79.72,80.36,471250,SNPS
25-09-2017,80.19,80.27,79.04,79.42,616820,SNPS
26-09-2017,79.71,80.02,79,79.15,601213,SNPS
27-09-2017,79.5,80.13,79.39,79.83,615941,SNPS
28-09-2017,79.63,79.99,79.15,79.88,481668,SNPS
29-09-2017,79.94,80.55,79.69,80.53,802612,SNPS
02-10-2017,80.67,81.54,80.67,81.18,984270,SNPS
03-10-2017,81.27,81.53,81.04,81.27,635910,SNPS
04-10-2017,81.13,81.93,80.94,81.89,475786,SNPS
05-10-2017,82,82.16,81.52,82.07,513355,SNPS
06-10-2017,82.03,82.55,81.52,82.48,575521,SNPS
09-10-2017,82.48,82.84,82.4,82.71,355983,SNPS
10-10-2017,82.57,82.74,82.18,82.68,618784,SNPS
11-10-2017,82.66,83.41,82.65,82.86,1342688,SNPS
12-10-2017,83.1,84.93,83,84.74,1146353,SNPS
13-10-2017,84.96,85,84.3,84.61,831081,SNPS
16-10-2017,84.6,85,84.05,84.07,642270,SNPS
17-10-2017,83.77,84,83.47,83.72,523150,SNPS
18-10-2017,83.7,83.73,82.72,83.18,502163,SNPS
19-10-2017,82.69,83.39,82.44,83.38,739916,SNPS
20-10-2017,83.72,84.55,83.64,84.32,662872,SNPS
23-10-2017,84.53,84.98,84.18,84.28,507621,SNPS
24-10-2017,84.31,84.95,83.92,84.77,752577,SNPS
25-10-2017,85.45,86.81,85.22,85.69,1391811,SNPS
26-10-2017,85.99,87,85.74,86.81,1067729,SNPS
27-10-2017,87.12,87.47,86.13,87.19,811559,SNPS
30-10-2017,86.87,87.18,86.05,86.26,852404,SNPS
31-10-2017,86.58,86.69,86.14,86.52,871308,SNPS
01-11-2017,87.07,87.21,85.71,86.12,765690,SNPS
02-11-2017,86.16,87.01,86.05,86.95,686250,SNPS
03-11-2017,86.76,87.52,86.56,86.92,801064,SNPS
06-11-2017,86.96,87.47,86.02,87.22,1174469,SNPS
07-11-2017,87.4,87.91,86.75,86.91,1448540,SNPS
08-11-2017,86.89,87.24,86.8,87.07,902251,SNPS
09-11-2017,86.48,86.96,85.68,86.9,785018,SNPS
10-11-2017,86.41,87.34,86.28,87.28,1327242,SNPS
13-11-2017,87.08,87.94,87.05,87.82,986116,SNPS
14-11-2017,87.54,88.08,87.27,87.76,1201396,SNPS
15-11-2017,87.36,88.08,87.08,87.63,936633,SNPS
16-11-2017,88.06,89.23,87.91,89.04,1219396,SNPS
17-11-2017,88.89,89.4,88.35,88.36,884550,SNPS
20-11-2017,88.51,89.03,88.42,88.9,721434,SNPS
21-11-2017,89.28,89.81,89.05,89.38,713169,SNPS
22-11-2017,89.29,89.56,88.88,89.34,570285,SNPS
24-11-2017,89.55,90.33,89.46,90.15,445909,SNPS
27-11-2017,90.08,90.08,89.08,89.23,901450,SNPS
28-11-2017,89.84,90.31,89.3,89.8,1116040,SNPS
29-11-2017,89.7,89.74,86.47,86.77,1649223,SNPS
30-11-2017,94.7,94.8,90.36,90.38,2950833,SNPS
01-12-2017,90.42,91.19,88.29,90.32,1765211,SNPS
04-12-2017,90.62,91.45,87.71,87.72,1383994,SNPS
05-12-2017,87.46,89.01,87.01,87.34,1140894,SNPS
06-12-2017,87.27,88.79,86.77,88.65,1287064,SNPS
07-12-2017,89.05,90.54,88.55,90.33,1436081,SNPS
08-12-2017,90.67,91.32,90.32,90.51,1335502,SNPS
11-12-2017,90.42,91,89.43,89.56,1312084,SNPS
12-12-2017,87.44,88.53,86.78,87.58,1538087,SNPS
13-12-2017,88.05,89.2,87.88,88.25,1234714,SNPS
14-12-2017,88.5,89.03,87.53,87.98,971103,SNPS
15-12-2017,88.24,88.84,87.51,87.86,6602311,SNPS
18-12-2017,88.7,89.54,87.72,87.92,1548202,SNPS
19-12-2017,87.87,88.55,87.41,88.37,1370515,SNPS
20-12-2017,88.46,88.46,86.94,87.1,749913,SNPS
21-12-2017,87.58,87.81,86.23,86.48,606614,SNPS
22-12-2017,86.4,86.4,85.34,85.82,843292,SNPS
26-12-2017,85.65,85.91,85.23,85.35,800969,SNPS
27-12-2017,85.5,86.23,85.05,85.71,1050934,SNPS
28-12-2017,86,86.04,85.17,85.65,711430,SNPS
29-12-2017,85.57,86.16,85.22,85.24,620908,SNPS
02-01-2018,85.9,86.13,85.08,86.03,984618,SNPS
03-01-2018,85.94,87.25,85.74,87.06,877232,SNPS
04-01-2018,87.25,88.7,87.05,87.89,1059902,SNPS
05-01-2018,88.28,89.4,87.9,88.93,905248,SNPS
08-01-2018,88.74,89.92,88.56,89.76,1010097,SNPS
09-01-2018,89.91,90.47,89.36,89.69,777447,SNPS
10-01-2018,89.28,89.6,88.84,89.34,687179,SNPS
11-01-2018,89.41,90.41,89.06,89.71,696168,SNPS
12-01-2018,89.89,90.6,89.55,90.37,616174,SNPS
16-01-2018,90.4,91.29,89.03,89.27,940453,SNPS
17-01-2018,89.94,91.29,89.82,90.98,658324,SNPS
18-01-2018,90.75,92.02,90.75,91.47,958785,SNPS
19-01-2018,91.88,92.69,91.37,92.61,1027421,SNPS
22-01-2018,92.47,93.49,92.04,92.96,743126,SNPS
23-01-2018,93.02,93.46,92.5,93.38,572895,SNPS
24-01-2018,93.83,94.14,92.72,92.84,711647,SNPS
25-01-2018,93.16,93.69,91.71,91.91,663043,SNPS
26-01-2018,92.43,93.08,92.16,92.96,758183,SNPS
29-01-2018,92.42,92.99,91.2,91.28,779658,SNPS
30-01-2018,91.23,91.92,90.99,91.32,826435,SNPS
31-01-2018,91.51,92.91,91.28,92.61,1099437,SNPS
01-02-2018,91.89,92.94,90.89,91.38,1115001,SNPS
02-02-2018,90.83,91.57,90.14,90.16,1017540,SNPS
05-02-2018,89.92,91.37,87.62,87.62,1487986,SNPS
06-02-2018,86.6,87.92,83.83,87.45,1815740,SNPS
07-02-2018,86.89,87.68,85.82,85.85,1431449,SNPS
08-02-2013,32.31,33.48,32.3,33.05,2599232,ZTS
11-02-2013,33.06,33.5,32.88,33.26,1486115,ZTS
12-02-2013,33.4,34,33.15,33.74,1637279,ZTS
13-02-2013,33.8,33.8,33,33.55,1269625,ZTS
14-02-2013,33.39,33.45,32.77,33.27,2954324,ZTS
15-02-2013,33.31,34.09,33,33.98,5415665,ZTS
19-02-2013,34.02,34.07,33.57,33.84,1206819,ZTS
20-02-2013,33.84,33.88,32.6,32.72,1842861,ZTS
21-02-2013,32.5,32.8,31.86,32.56,3242213,ZTS
22-02-2013,32.78,32.93,32.5,32.59,954407,ZTS
25-02-2013,32.68,32.69,32,32.07,818858,ZTS
26-02-2013,32.05,32.4,31.99,32.04,1048603,ZTS
27-02-2013,32,33.05,32,32.32,1343563,ZTS
28-02-2013,32.56,33.55,32.56,33.45,2991401,ZTS
01-03-2013,33.36,34.7,33.15,34.6,2333917,ZTS
04-03-2013,34.8,34.89,34.24,34.35,865348,ZTS
05-03-2013,34.41,34.48,33.75,34.29,1413387,ZTS
06-03-2013,34.34,34.38,33.85,33.85,801912,ZTS
07-03-2013,33.95,34.68,33.56,34.56,1319992,ZTS
08-03-2013,34.03,34.69,33.8,34.09,1541064,ZTS
11-03-2013,33.97,34.26,33.25,34.18,1729308,ZTS
12-03-2013,34.12,34.25,33.6,33.82,1557570,ZTS
13-03-2013,33.9,34.06,33.08,34,2240952,ZTS
14-03-2013,34.33,35.42,34.3,34.64,1865195,ZTS
15-03-2013,34.7,34.84,33.31,33.44,2692080,ZTS
18-03-2013,32.75,32.94,32.64,32.84,2371964,ZTS
19-03-2013,32.8,33.42,32.33,32.8,1336276,ZTS
20-03-2013,32.9,33.54,32.5,33.51,1944682,ZTS
21-03-2013,33.9,34,33.29,33.47,514497,ZTS
22-03-2013,33.55,33.75,32.74,33.12,763527,ZTS
25-03-2013,33.48,33.48,32.25,32.46,1324563,ZTS
26-03-2013,32.73,32.79,32,32.51,1396456,ZTS
27-03-2013,32.38,32.89,32.06,32.74,1896725,ZTS
28-03-2013,32.85,33.5,32.63,33.4,7435237,ZTS
01-04-2013,33.42,33.59,32.43,32.59,1466213,ZTS
02-04-2013,32.66,33.13,32.46,32.55,712189,ZTS
03-04-2013,32.67,32.98,32.36,32.53,1409612,ZTS
04-04-2013,32.41,32.5,31.71,31.84,1946314,ZTS
05-04-2013,31.73,32.07,30.57,31.96,3963480,ZTS
08-04-2013,31.95,32.98,31.77,32.92,1965108,ZTS
09-04-2013,33.05,33.59,32.56,33.44,2002379,ZTS
10-04-2013,33.76,33.76,32.98,33.15,969452,ZTS
11-04-2013,33.22,33.24,32.87,33.16,1826538,ZTS
12-04-2013,32.97,33.35,32.6,33.23,723441,ZTS
15-04-2013,33.07,33.23,32.17,32.24,839485,ZTS
16-04-2013,32.36,33.37,32.29,33.21,2271124,ZTS
17-04-2013,32.98,33.23,32.17,32.89,3140912,ZTS
18-04-2013,33.1,33.1,32.38,32.47,799890,ZTS
19-04-2013,32.71,32.79,31.81,32.71,2159266,ZTS
22-04-2013,32.9,32.9,32.22,32.66,922060,ZTS
23-04-2013,32.78,32.96,31.5,31.7,2731943,ZTS
24-04-2013,31.63,31.69,30.42,30.62,4149243,ZTS
25-04-2013,30.93,31.99,30.75,31.55,1520556,ZTS
26-04-2013,31.61,32.68,31.61,32.64,1421727,ZTS
29-04-2013,32.95,32.95,32.17,32.66,1711393,ZTS
30-04-2013,33.68,34.74,32.93,33.02,3390321,ZTS
01-05-2013,32.97,33.51,32.66,33.39,1394436,ZTS
02-05-2013,33.38,33.87,33.11,33.28,696250,ZTS
03-05-2013,33.62,33.64,33,33.21,998866,ZTS
06-05-2013,33.35,33.49,32.75,32.94,503640,ZTS
07-05-2013,33.08,33.08,32.3,32.88,700677,ZTS
08-05-2013,33,33.44,32.72,33.26,1034104,ZTS
09-05-2013,33.31,33.67,33.28,33.55,977130,ZTS
10-05-2013,33.54,33.61,32.97,33.18,534009,ZTS
13-05-2013,33.06,33.49,32.75,33.04,438632,ZTS
14-05-2013,33.13,33.75,32.85,33.08,872233,ZTS
15-05-2013,32.94,33.06,32.56,32.79,563206,ZTS
16-05-2013,33.48,33.8,33.16,33.39,1279483,ZTS
17-05-2013,33.35,33.9,33.19,33.9,962249,ZTS
20-05-2013,33.9,34,33.6,33.71,735671,ZTS
21-05-2013,33.57,33.74,32.99,33.04,1692350,ZTS
22-05-2013,32.55,33.99,31.75,33.55,25904946,ZTS
23-05-2013,33.25,33.8,32.71,32.84,9008453,ZTS
24-05-2013,33.2,33.62,32.53,33.46,5911577,ZTS
28-05-2013,33.8,34.28,33.59,34.26,4960455,ZTS
29-05-2013,34.25,34.25,32.88,32.95,3095633,ZTS
30-05-2013,32.77,33.1,32.1,32.24,3934038,ZTS
31-05-2013,32.3,32.34,31.8,32,6512338,ZTS
03-06-2013,32.01,32.84,31.31,32.75,3398831,ZTS
04-06-2013,32.83,32.99,31.84,32.4,4513319,ZTS
05-06-2013,32.42,32.42,31.75,32.17,3522254,ZTS
06-06-2013,32.17,32.31,31.54,32.08,2919005,ZTS
07-06-2013,32.26,32.34,31.21,31.5,5133789,ZTS
10-06-2013,31.83,32.11,31.47,32.01,4992132,ZTS
11-06-2013,31.7,32.02,31.4,31.7,6367498,ZTS
12-06-2013,31.95,32.03,31.4,31.53,7648422,ZTS
13-06-2013,31.47,31.55,30.87,31.17,5849798,ZTS
14-06-2013,31,31.26,30.61,30.8,10656478,ZTS
17-06-2013,31.4,31.76,30.71,30.96,26785572,ZTS
18-06-2013,31.33,31.39,30.95,31.18,24286157,ZTS
19-06-2013,31.06,31.24,30.82,31,23483382,ZTS
20-06-2013,30.89,31.04,30.05,30.19,14937583,ZTS
21-06-2013,30.55,31.09,30.34,30.6,33694457,ZTS
24-06-2013,30.15,30.5,29.4,30.38,39627562,ZTS
25-06-2013,30.8,31.62,30.5,31.49,13511685,ZTS
26-06-2013,31.8,31.9,30.92,30.97,23787008,ZTS
27-06-2013,31.46,31.51,30.79,30.87,16734554,ZTS
28-06-2013,30.9,31.39,30.54,30.89,19419017,ZTS
01-07-2013,31.02,31.06,30.13,30.61,17601074,ZTS
02-07-2013,30.22,30.83,29.62,29.7,11160718,ZTS
03-07-2013,29.65,29.74,28.97,29.28,12931571,ZTS
05-07-2013,29.81,30.18,29.78,30.17,10820223,ZTS
08-07-2013,30.45,30.97,30.22,30.94,15682364,ZTS
09-07-2013,31.12,31.4,30.94,30.98,8713674,ZTS
10-07-2013,31.08,31.24,30.47,31.04,6525088,ZTS
11-07-2013,31.43,31.45,30.84,30.92,4488711,ZTS
12-07-2013,31.02,31.38,31.01,31.35,5431095,ZTS
15-07-2013,31.31,31.65,31.1,31.58,4202558,ZTS
16-07-2013,31.56,31.65,31.1,31.16,4301147,ZTS
17-07-2013,31.23,31.23,30.85,30.99,3546253,ZTS
18-07-2013,31.11,31.2,30.77,30.82,4058764,ZTS
19-07-2013,30.79,30.8,30.12,30.24,8948546,ZTS
22-07-2013,30.36,30.59,30.16,30.27,4255736,ZTS
23-07-2013,30.41,30.44,29.76,30.06,5091644,ZTS
24-07-2013,30.13,30.55,29.66,29.9,4890004,ZTS
25-07-2013,29.88,30.55,29.71,30.52,5474030,ZTS
26-07-2013,30.4,30.53,30,30.43,5051867,ZTS
29-07-2013,30.27,30.54,29.98,30.09,4123553,ZTS
30-07-2013,30.15,30.32,29.89,30.04,4630067,ZTS
31-07-2013,30,30.19,29.8,29.81,5382355,ZTS
01-08-2013,29.97,30.21,29.46,30.16,8108412,ZTS
02-08-2013,30.12,30.96,29.91,30.94,5177089,ZTS
05-08-2013,30.47,31.39,30.47,31.25,7283281,ZTS
06-08-2013,31.68,32.5,31.09,31.13,12471177,ZTS
07-08-2013,31.1,31.4,30.65,31.24,5921384,ZTS
08-08-2013,31.4,31.83,31.18,31.24,7161858,ZTS
09-08-2013,31.14,31.24,30.78,30.91,2784105,ZTS
12-08-2013,30.68,30.99,30.04,30.33,5793669,ZTS
13-08-2013,30.5,30.75,30.2,30.45,3116215,ZTS
14-08-2013,30.5,30.63,30.08,30.14,3858235,ZTS
15-08-2013,29.94,30.16,29.79,30.02,5818910,ZTS
16-08-2013,29.94,30.2,29.75,30,3678834,ZTS
19-08-2013,29.91,30.3,29.84,29.87,2480564,ZTS
20-08-2013,29.86,30.41,29.71,30.23,3804100,ZTS
21-08-2013,30.07,30.19,29.6,29.85,3531428,ZTS
22-08-2013,29.83,30.01,29.57,29.87,3030848,ZTS
23-08-2013,29.88,30.23,29.64,30.2,2535799,ZTS
26-08-2013,30.16,30.16,29.65,29.8,7179862,ZTS
27-08-2013,29.53,29.67,29,29.2,8106184,ZTS
28-08-2013,29.07,29.83,28.81,29.57,7067390,ZTS
29-08-2013,29.43,29.61,29.22,29.47,1590580,ZTS
30-08-2013,29.45,29.5,29.04,29.15,2296295,ZTS
03-09-2013,29.46,29.78,29.19,29.43,2052149,ZTS
04-09-2013,29.45,29.71,29.35,29.69,3187157,ZTS
05-09-2013,29.72,30.49,29.66,30.33,5688117,ZTS
06-09-2013,30.45,30.95,29.97,30.61,5245917,ZTS
09-09-2013,30.64,31,30.36,30.59,2723837,ZTS
10-09-2013,31.33,31.82,30.86,30.95,5024358,ZTS
11-09-2013,31.36,31.46,30.89,31.33,6367914,ZTS
12-09-2013,31.36,31.39,30.82,31.08,2881262,ZTS
13-09-2013,31.07,31.3,30.91,31.05,3087304,ZTS
16-09-2013,31.44,32.18,31.39,31.85,7070796,ZTS
17-09-2013,32.01,32.52,31.98,32.38,4616280,ZTS
18-09-2013,32.28,32.73,31.96,32.72,3913180,ZTS
19-09-2013,32.8,32.9,32.16,32.51,4128746,ZTS
20-09-2013,32.68,32.75,31.87,32.19,11394572,ZTS
23-09-2013,32.19,32.19,31.35,31.58,3322080,ZTS
24-09-2013,31.62,31.67,31.21,31.48,2186303,ZTS
25-09-2013,31.48,31.59,31.03,31.06,3165797,ZTS
26-09-2013,31.22,31.64,31.2,31.58,2289127,ZTS
27-09-2013,31.56,31.6,31.05,31.15,2391036,ZTS
30-09-2013,31.1,31.32,30.93,31.12,2890360,ZTS
01-10-2013,31.12,32.04,31.01,31.78,3263242,ZTS
02-10-2013,31.67,32.13,31.43,32,3071508,ZTS
03-10-2013,31.79,31.82,31.34,31.48,2520456,ZTS
04-10-2013,32.29,32.56,31.64,32.05,5795504,ZTS
07-10-2013,31.7,32.38,31.59,31.93,4420227,ZTS
08-10-2013,31.86,32.09,31.46,31.53,4162684,ZTS
09-10-2013,31.73,31.73,31.08,31.43,3379940,ZTS
10-10-2013,31.78,32.36,31.47,32.36,4397614,ZTS
11-10-2013,32.44,32.77,32.03,32.4,6164770,ZTS
14-10-2013,32.03,32.46,31.86,32.29,2523926,ZTS
15-10-2013,32.22,32.42,32,32.07,2326575,ZTS
16-10-2013,32.26,32.97,32.26,32.89,3625856,ZTS
17-10-2013,32.83,33.19,32.77,33.03,2891468,ZTS
18-10-2013,33.16,33.3,32.85,33.22,3979447,ZTS
21-10-2013,33.16,33.34,32.62,32.77,2677751,ZTS
22-10-2013,32.92,33,32.26,32.51,3084570,ZTS
23-10-2013,32.48,32.9,32.48,32.6,2817661,ZTS
24-10-2013,32.75,32.89,32.5,32.74,2351477,ZTS
25-10-2013,32.8,32.8,32.35,32.47,1480824,ZTS
28-10-2013,32.53,32.53,31.94,31.98,3621064,ZTS
29-10-2013,31.99,32.3,31.92,32.03,2912021,ZTS
30-10-2013,32.17,32.61,31.95,32.06,4398642,ZTS
31-10-2013,32,32.28,31.66,31.66,4241692,ZTS
01-11-2013,31.77,31.93,31.38,31.84,5890546,ZTS
04-11-2013,31.84,31.99,31.52,31.93,3838920,ZTS
05-11-2013,31.9,31.97,31.26,31.69,6266706,ZTS
06-11-2013,32.08,32.18,30.89,31.27,6723140,ZTS
07-11-2013,31.38,31.53,30.86,31.04,5204590,ZTS
08-11-2013,31.17,31.63,30.96,31.59,4664000,ZTS
11-11-2013,31.7,32,31.62,31.77,3078718,ZTS
12-11-2013,31.75,31.98,31.45,31.84,3204215,ZTS
13-11-2013,31.65,31.81,31.28,31.72,4179762,ZTS
14-11-2013,31.93,32.18,31.48,31.68,2945035,ZTS
15-11-2013,31.69,31.87,31.41,31.81,3601726,ZTS
18-11-2013,31.84,31.96,31.46,31.62,2927512,ZTS
19-11-2013,31.66,31.95,31.2,31.42,2571776,ZTS
20-11-2013,31.42,31.82,31.21,31.37,2374419,ZTS
21-11-2013,31.49,31.72,31.32,31.58,4425171,ZTS
22-11-2013,31.64,31.73,31.25,31.36,3850494,ZTS
25-11-2013,31.41,31.42,31.06,31.29,4719830,ZTS
26-11-2013,31.46,31.92,31.39,31.42,4398447,ZTS
27-11-2013,31.45,31.55,31.1,31.28,1783246,ZTS
29-11-2013,31.29,31.45,31.08,31.15,1058601,ZTS
02-12-2013,31.31,31.6,31.09,31.15,4065226,ZTS
03-12-2013,31.13,31.24,30.89,31.09,5514818,ZTS
04-12-2013,31.07,31.34,30.96,31.21,3196403,ZTS
05-12-2013,31.2,31.71,31,31.44,6498010,ZTS
06-12-2013,31.62,31.69,31.3,31.54,3263672,ZTS
09-12-2013,31.56,31.94,31.39,31.75,3073774,ZTS
10-12-2013,31.62,31.62,31.2,31.36,2941864,ZTS
11-12-2013,31.43,31.54,30.76,31.09,4439435,ZTS
12-12-2013,30.98,31.41,30.98,31.17,3603540,ZTS
13-12-2013,31.31,31.89,31.23,31.58,3286505,ZTS
16-12-2013,31.67,32,31.55,32,2635565,ZTS
17-12-2013,31.91,31.97,31.32,31.64,2630326,ZTS
18-12-2013,31.61,32.2,31.3,32.17,3684403,ZTS
19-12-2013,32.14,32.37,31.66,32.31,3447344,ZTS
20-12-2013,32.33,32.69,32.26,32.38,3680956,ZTS
23-12-2013,32.61,32.64,32.16,32.37,2219816,ZTS
24-12-2013,32.3,32.48,32.07,32.37,624309,ZTS
26-12-2013,32.5,32.78,32.4,32.59,1504703,ZTS
27-12-2013,32.69,32.77,32.47,32.67,1322360,ZTS
30-12-2013,32.74,32.84,32.54,32.67,1803579,ZTS
31-12-2013,32.8,32.81,32.46,32.69,2270418,ZTS
02-01-2014,32.53,32.66,32.11,32.36,2576112,ZTS
03-01-2014,32.34,32.5,32.02,32.05,2524947,ZTS
06-01-2014,32.3,32.73,31.85,31.98,2763350,ZTS
07-01-2014,32.19,32.45,31.95,32.1,2338176,ZTS
08-01-2014,31.71,32.09,31.51,31.74,3965882,ZTS
09-01-2014,31.83,31.97,31.53,31.96,2303278,ZTS
10-01-2014,31.9,32.56,31.86,32.54,2999893,ZTS
13-01-2014,32.39,32.42,31.69,31.78,4042797,ZTS
14-01-2014,31.94,31.99,31.65,31.85,2334520,ZTS
15-01-2014,31.89,31.96,31.68,31.81,2916267,ZTS
16-01-2014,31.85,32.08,31.71,32,1960434,ZTS
17-01-2014,31.91,32.09,31.63,31.73,2502473,ZTS
21-01-2014,31.98,32.09,31.26,31.27,5681930,ZTS
22-01-2014,31.42,31.67,31.26,31.46,5693616,ZTS
23-01-2014,31.46,31.83,31.4,31.74,3263824,ZTS
24-01-2014,31.51,31.67,31.3,31.46,4532074,ZTS
27-01-2014,31.53,31.62,31.26,31.36,6933992,ZTS
28-01-2014,31.32,31.62,31.19,31.44,4203385,ZTS
29-01-2014,31.27,31.45,30.72,30.78,3152006,ZTS
30-01-2014,31.07,31.33,30.59,30.67,4700390,ZTS
31-01-2014,30.39,30.54,30.07,30.36,5302177,ZTS
03-02-2014,30.4,30.55,30.14,30.37,6569396,ZTS
04-02-2014,30.56,30.75,30.14,30.23,3657480,ZTS
05-02-2014,30.1,30.43,29.95,30.13,3758730,ZTS
06-02-2014,30.09,30.24,30,30.05,3327118,ZTS
07-02-2014,30.11,30.8,30.11,30.7,4134225,ZTS
10-02-2014,30.78,31.53,30.78,31.14,6339692,ZTS
11-02-2014,29.63,29.75,28.77,29.13,29137996,ZTS
12-02-2014,29.2,30.13,29.13,30,14394220,ZTS
13-02-2014,29.93,30.17,29.56,29.67,7891632,ZTS
14-02-2014,29.66,30,29.55,29.88,5579063,ZTS
18-02-2014,29.91,30.59,29.88,30.27,6087798,ZTS
19-02-2014,30.04,30.16,29.63,29.75,6169876,ZTS
20-02-2014,29.74,30.17,29.64,29.97,4699291,ZTS
21-02-2014,29.99,30.03,29.53,29.61,3235700,ZTS
24-02-2014,29.78,30.07,29.62,29.7,3106683,ZTS
25-02-2014,29.56,30.38,29.55,30.13,4412585,ZTS
26-02-2014,30.04,30.45,30,30.4,3647374,ZTS
27-02-2014,30.4,30.74,30.35,30.72,3778003,ZTS
28-02-2014,30.75,31.02,30.63,31.02,5186785,ZTS
03-03-2014,30.88,31.18,30.79,30.99,3534683,ZTS
04-03-2014,31.23,31.3,30.8,30.89,5502025,ZTS
05-03-2014,31,31.14,30.59,30.72,4399171,ZTS
06-03-2014,30.82,31.05,30.67,30.78,3617531,ZTS
07-03-2014,30.88,30.99,30.47,30.58,4421485,ZTS
10-03-2014,30.62,30.64,30.2,30.35,3902923,ZTS
11-03-2014,30.47,30.63,30.08,30.28,2641354,ZTS
12-03-2014,30.07,30.24,29.65,29.7,4363340,ZTS
13-03-2014,29.72,29.78,29.06,29.25,4090945,ZTS
14-03-2014,29.25,29.82,29.23,29.42,4021861,ZTS
17-03-2014,29.48,29.61,29.32,29.38,3837073,ZTS
18-03-2014,29.42,29.48,29.25,29.28,5453353,ZTS
19-03-2014,29.31,30.11,29.27,29.91,5692444,ZTS
20-03-2014,29.81,30.11,29.67,30.09,3672359,ZTS
21-03-2014,30.37,30.43,29.19,29.26,9668645,ZTS
24-03-2014,29.32,29.38,28.97,29.14,4632751,ZTS
25-03-2014,29.27,29.38,29.11,29.26,3181985,ZTS
26-03-2014,29.41,29.45,29.16,29.21,3914897,ZTS
27-03-2014,29.21,29.4,29.08,29.3,2987046,ZTS
28-03-2014,29.46,29.51,28.91,29.01,6398897,ZTS
31-03-2014,29.07,29.14,28.66,28.94,8689164,ZTS
01-04-2014,28.97,29.39,28.97,29.35,3657996,ZTS
02-04-2014,29.28,29.7,29.14,29.62,2341243,ZTS
03-04-2014,29.71,29.71,29.39,29.62,2896462,ZTS
04-04-2014,29.64,30.01,29.21,29.32,4963371,ZTS
07-04-2014,29.25,29.32,28.85,29,4073651,ZTS
08-04-2014,28.9,29.22,28.68,29.15,4744627,ZTS
09-04-2014,29.22,29.22,28.77,29.06,3631256,ZTS
10-04-2014,28.99,29.22,28.8,28.86,5372582,ZTS
11-04-2014,28.76,28.87,28.28,28.4,3185507,ZTS
14-04-2014,28.48,28.78,28.26,28.48,2559888,ZTS
15-04-2014,28.57,28.57,28.14,28.55,3231553,ZTS
16-04-2014,28.55,28.7,28.4,28.53,4220853,ZTS
17-04-2014,28.51,28.71,28.46,28.6,3425756,ZTS
21-04-2014,28.7,29.06,28.53,29.03,4437455,ZTS
22-04-2014,29.52,30.02,29.19,29.89,8353770,ZTS
23-04-2014,29.75,29.89,29.3,29.32,3803292,ZTS
24-04-2014,29.3,30.02,29.25,29.89,4412085,ZTS
25-04-2014,29.81,30.29,29.62,30.16,4864480,ZTS
28-04-2014,30.52,30.67,30.04,30.4,3704400,ZTS
29-04-2014,30.43,30.53,30.2,30.53,2531680,ZTS
30-04-2014,30.36,30.46,29.96,30.26,4116083,ZTS
01-05-2014,30.31,30.53,30.18,30.31,3206975,ZTS
02-05-2014,30.32,30.75,30.3,30.64,3042084,ZTS
05-05-2014,30.42,30.63,30.11,30.53,4425246,ZTS
06-05-2014,29.85,31.39,29.56,30.89,6532397,ZTS
07-05-2014,30.1,30.74,30,30.65,6810642,ZTS
08-05-2014,30.55,30.81,30.41,30.48,2687249,ZTS
09-05-2014,30.47,30.57,30.05,30.54,3339654,ZTS
12-05-2014,30.58,30.86,30.55,30.81,1970976,ZTS
13-05-2014,30.8,30.86,30.6,30.73,1932225,ZTS
14-05-2014,30.64,30.81,30.48,30.64,2253638,ZTS
15-05-2014,30.53,30.64,30.35,30.46,3104463,ZTS
16-05-2014,30.43,30.61,30.32,30.6,3058738,ZTS
19-05-2014,30.6,30.63,30.28,30.46,3671103,ZTS
20-05-2014,30.51,30.59,30.27,30.28,2538724,ZTS
21-05-2014,30.38,30.5,30.24,30.42,2421857,ZTS
22-05-2014,30.35,30.55,30.26,30.33,4522725,ZTS
23-05-2014,30.34,30.58,30.3,30.53,4085453,ZTS
27-05-2014,30.74,30.77,30.54,30.7,2395740,ZTS
28-05-2014,30.73,30.73,30.43,30.48,5791017,ZTS
29-05-2014,30.6,30.77,30.5,30.72,2610773,ZTS
30-05-2014,30.79,30.93,30.67,30.7,3076576,ZTS
02-06-2014,30.8,30.96,30.65,30.92,3561280,ZTS
03-06-2014,30.89,31.26,30.79,31.25,3323037,ZTS
04-06-2014,31.18,31.45,31.13,31.37,3349879,ZTS
05-06-2014,31.41,31.65,31.22,31.61,2784654,ZTS
06-06-2014,31.62,31.8,31.61,31.74,2524196,ZTS
09-06-2014,31.78,32.01,31.65,32.01,3194759,ZTS
10-06-2014,31.94,32.51,31.91,32.5,4639811,ZTS
11-06-2014,32.5,32.53,32.1,32.13,3600715,ZTS
12-06-2014,32.08,32.13,31.82,31.99,4298497,ZTS
13-06-2014,31.96,32.14,31.83,32.12,1904472,ZTS
16-06-2014,32.08,32.21,31.99,32.13,2197198,ZTS
17-06-2014,32.06,32.85,32.06,32.81,4407376,ZTS
18-06-2014,32.72,32.89,32.46,32.89,2482841,ZTS
19-06-2014,32.97,33.05,32.53,32.55,4062916,ZTS
20-06-2014,32.4,32.58,32.05,32.46,7836209,ZTS
23-06-2014,32.54,32.73,32.43,32.64,2513649,ZTS
24-06-2014,32.67,32.7,32.35,32.37,1772489,ZTS
25-06-2014,32.41,32.57,32.29,32.37,2751433,ZTS
26-06-2014,32.35,32.43,32.08,32.24,2240152,ZTS
27-06-2014,32.21,32.41,32.16,32.38,1435038,ZTS
30-06-2014,32.45,32.73,32.12,32.27,1852751,ZTS
01-07-2014,32.46,32.61,32.31,32.51,2263485,ZTS
02-07-2014,32.5,32.76,32.5,32.74,1850691,ZTS
03-07-2014,32.76,32.92,32.65,32.91,1370189,ZTS
07-07-2014,32.88,32.89,32.56,32.56,2087559,ZTS
08-07-2014,32.4,32.51,32.17,32.48,1846249,ZTS
09-07-2014,32.47,32.64,32.29,32.46,1339862,ZTS
10-07-2014,32.22,32.69,32.02,32.52,2003750,ZTS
11-07-2014,32.44,32.56,32.3,32.37,1422893,ZTS
14-07-2014,32.56,32.85,32.4,32.73,1900180,ZTS
15-07-2014,32.63,32.71,32.26,32.39,2496213,ZTS
16-07-2014,32.43,32.7,32.35,32.63,1768097,ZTS
17-07-2014,32.15,32.74,32.07,32.69,3261028,ZTS
18-07-2014,32.15,32.74,32.07,32.69,3261028,ZTS
21-07-2014,32.61,32.88,32.6,32.85,2513326,ZTS
22-07-2014,32.96,33.23,32.83,32.87,2590603,ZTS
23-07-2014,32.85,32.94,32.78,32.84,2078639,ZTS
24-07-2014,32.9,32.97,32.76,32.89,2007927,ZTS
25-07-2014,32.77,32.9,32.68,32.82,1579592,ZTS
28-07-2014,32.77,32.97,32.67,32.86,1627838,ZTS
29-07-2014,32.8,33.22,32.7,33.03,2994380,ZTS
30-07-2014,33.15,33.25,32.92,33.14,1800583,ZTS
31-07-2014,32.91,33.13,32.87,32.91,3002684,ZTS
01-08-2014,32.77,33.04,32.59,32.74,5381094,ZTS
04-08-2014,32.72,33.35,32.58,33.24,4676097,ZTS
05-08-2014,32.57,32.88,31.98,32.21,5935961,ZTS
06-08-2014,32.03,32.37,32.01,32.3,3163841,ZTS
07-08-2014,32.37,32.48,31.67,31.79,3747757,ZTS
08-08-2014,31.8,32.34,31.8,32.32,2191479,ZTS
11-08-2014,32.46,32.65,32.38,32.6,2282458,ZTS
12-08-2014,32.48,32.69,32.35,32.45,2837930,ZTS
13-08-2014,32.71,33.04,32.69,32.87,3729172,ZTS
14-08-2014,32.93,33.1,32.87,33.07,2562480,ZTS
15-08-2014,33.13,33.7,33.13,33.69,3842973,ZTS
18-08-2014,33.75,34.01,33.7,33.93,3459887,ZTS
19-08-2014,33.95,34.57,33.89,34.52,2922483,ZTS
20-08-2014,34.52,34.85,34.45,34.79,2720929,ZTS
21-08-2014,34.77,34.98,34.69,34.89,2041808,ZTS
22-08-2014,34.82,34.94,34.73,34.89,2300500,ZTS
25-08-2014,35,35.03,34.81,34.9,2417191,ZTS
26-08-2014,34.98,35.21,34.84,35.13,2956572,ZTS
27-08-2014,35.18,35.48,35.07,35.34,2746146,ZTS
28-08-2014,35.17,35.38,35.07,35.33,3760673,ZTS
29-08-2014,35.33,35.44,35.01,35.44,1190898,ZTS
02-09-2014,35.44,35.59,35.32,35.48,1654045,ZTS
03-09-2014,36.63,36.65,35.53,35.76,4220636,ZTS
04-09-2014,35.77,35.89,35.39,35.51,2383078,ZTS
05-09-2014,35.61,36.05,35.45,36.04,1602883,ZTS
08-09-2014,36,36.31,35.95,36.28,1913558,ZTS
09-09-2014,36.25,36.3,36.01,36.18,2832460,ZTS
10-09-2014,36.31,36.34,35.88,36.24,2287436,ZTS
11-09-2014,36.15,36.29,36.09,36.27,1768941,ZTS
12-09-2014,36.21,36.24,36.09,36.18,1920161,ZTS
15-09-2014,36.25,36.32,36.13,36.27,2164630,ZTS
16-09-2014,36.28,36.55,36.2,36.49,2252994,ZTS
17-09-2014,36.54,36.68,36.34,36.65,2525609,ZTS
18-09-2014,36.74,37.08,36.63,36.7,2336323,ZTS
19-09-2014,36.84,37.31,36.84,37.2,6105052,ZTS
22-09-2014,37.22,37.3,36.5,36.62,4951128,ZTS
23-09-2014,36.31,36.49,35.85,35.88,4421779,ZTS
24-09-2014,35.99,36.63,35.95,36.58,4714096,ZTS
25-09-2014,36.57,36.59,36.12,36.3,2061965,ZTS
26-09-2014,36.36,36.75,36.19,36.63,2124766,ZTS
29-09-2014,36.3,36.81,36.17,36.79,2075649,ZTS
30-09-2014,37.05,37.11,36.77,36.95,3412903,ZTS
01-10-2014,36.87,37.01,36.23,36.45,5508285,ZTS
02-10-2014,36.58,36.97,36.46,36.91,3670179,ZTS
03-10-2014,36.87,37.73,36.87,37.67,5948543,ZTS
06-10-2014,37.81,37.97,37.6,37.66,2693668,ZTS
07-10-2014,37.4,37.56,36.62,36.71,8116899,ZTS
08-10-2014,36.8,37.57,36.63,37.55,3565702,ZTS
09-10-2014,37.49,37.63,36.9,37.02,4336710,ZTS
10-10-2014,37.02,37.3,36.64,36.68,3689339,ZTS
13-10-2014,36.67,36.67,35.53,35.57,6677195,ZTS
14-10-2014,35.83,36.16,35.46,35.87,3078656,ZTS
15-10-2014,35.36,35.39,34.16,35.26,7155794,ZTS
16-10-2014,34.74,35.52,34.18,35.07,4181274,ZTS
17-10-2014,35.4,35.6,34.95,35.37,3438534,ZTS
20-10-2014,35.37,35.69,35.31,35.41,2543817,ZTS
21-10-2014,35.57,36.18,35.54,36.09,4772831,ZTS
22-10-2014,36.06,36.34,35.88,35.89,2263456,ZTS
23-10-2014,35.8,36.45,35.47,36.11,2925838,ZTS
24-10-2014,36.2,36.6,36.1,36.58,1419018,ZTS
27-10-2014,36.6,36.78,36.49,36.57,2511405,ZTS
28-10-2014,36.66,37.02,36.51,37.01,1533402,ZTS
29-10-2014,36.88,36.94,36.31,36.62,2271776,ZTS
30-10-2014,36.63,37.4,36.55,37.32,2137901,ZTS
31-10-2014,37.74,37.91,37.05,37.16,2589530,ZTS
03-11-2014,37.08,37.82,37.02,37.72,4071275,ZTS
04-11-2014,38.01,39.12,38.01,39.12,9723740,ZTS
05-11-2014,39.29,39.41,38.76,39.27,11878891,ZTS
06-11-2014,39.35,39.72,39.27,39.71,4457084,ZTS
07-11-2014,39.65,40.3,39.62,40.23,6818977,ZTS
10-11-2014,40.3,40.34,40.03,40.16,7530110,ZTS
11-11-2014,40.16,44.13,39.92,43.72,20246313,ZTS
12-11-2014,43.9,43.96,42.57,42.64,21414898,ZTS
13-11-2014,42.66,43.29,42.61,43.24,6151288,ZTS
14-11-2014,43.19,43.45,42.86,43.14,2689490,ZTS
17-11-2014,43.86,44.43,42.98,44.23,9537394,ZTS
18-11-2014,44.88,44.94,43.03,44.19,12181375,ZTS
19-11-2014,44.33,44.38,43.21,43.4,7031136,ZTS
20-11-2014,42.91,43.25,42.71,43.15,5091131,ZTS
21-11-2014,43.48,43.87,42.85,43.87,5192498,ZTS
24-11-2014,44.09,44.93,43.83,44.58,4179357,ZTS
25-11-2014,44.58,44.72,43.87,43.91,3589015,ZTS
26-11-2014,44.27,44.7,43.87,44.67,2131385,ZTS
28-11-2014,44.75,45.09,44.75,44.93,1332156,ZTS
01-12-2014,45.2,45.24,44.26,44.37,3153115,ZTS
02-12-2014,44.37,44.95,44.28,44.74,2500597,ZTS
03-12-2014,44.74,45.01,44.39,44.88,2008310,ZTS
04-12-2014,44.79,44.9,43.85,44,4294633,ZTS
05-12-2014,43.97,44.46,43.83,43.98,3313964,ZTS
08-12-2014,44.2,44.39,43.87,44.1,5889345,ZTS
09-12-2014,43.18,44.49,42.74,43.82,5516141,ZTS
10-12-2014,43.85,44.2,42.7,42.77,4398000,ZTS
11-12-2014,42.97,43.5,42.76,42.88,4942195,ZTS
12-12-2014,42.72,43.09,41.74,41.77,4050331,ZTS
15-12-2014,42.25,42.49,41.34,41.74,5947406,ZTS
16-12-2014,41.65,42.01,40.83,40.85,4606599,ZTS
17-12-2014,41.08,41.43,40.83,41.13,7628313,ZTS
18-12-2014,41.84,43.15,41.79,43.15,6578062,ZTS
19-12-2014,43.03,43.73,42.63,43.51,5601641,ZTS
22-12-2014,43.57,43.78,42.95,43.41,1921541,ZTS
23-12-2014,43.6,43.73,42.76,42.97,2612498,ZTS
24-12-2014,43.06,43.99,43,43.84,1300640,ZTS
26-12-2014,43.8,44.29,43.8,44.2,1518039,ZTS
29-12-2014,44.02,44.23,43.85,44.01,2007239,ZTS
30-12-2014,43.98,44.1,43.09,43.35,2251147,ZTS
31-12-2014,43.46,43.88,43,43.03,2148909,ZTS
02-01-2015,43.46,43.7,43.07,43.31,1784851,ZTS
05-01-2015,43.25,43.63,42.97,43.05,3116681,ZTS
06-01-2015,43.15,43.36,42.3,42.63,3987015,ZTS
07-01-2015,43,43.56,42.98,43.51,2481935,ZTS
08-01-2015,44.75,44.87,44,44.18,3121258,ZTS
09-01-2015,44.06,44.44,43.68,44.25,2999107,ZTS
12-01-2015,44.34,44.34,43.29,43.42,2168274,ZTS
13-01-2015,43.89,44.22,42.57,42.81,3668576,ZTS
14-01-2015,42.5,43.23,42.29,43.03,2481327,ZTS
15-01-2015,43.27,43.77,42.9,42.94,2719250,ZTS
16-01-2015,42.8,44.29,42.77,44.22,2761564,ZTS
20-01-2015,44.2,44.2,43.22,43.56,3471042,ZTS
21-01-2015,43.57,44.63,43.44,44.25,1991904,ZTS
22-01-2015,44.35,44.82,43.65,44.51,2914674,ZTS
23-01-2015,44.52,44.8,43.97,44.12,2885511,ZTS
26-01-2015,44.04,44.31,43.85,44.09,1926811,ZTS
27-01-2015,43.6,43.9,43.21,43.3,3008263,ZTS
28-01-2015,43.73,44.29,43.07,43.11,2425148,ZTS
29-01-2015,43.05,43.68,42.56,43.32,4927327,ZTS
30-01-2015,43.18,43.56,42.64,42.73,3146933,ZTS
02-02-2015,43.03,43.38,42.37,43.38,2136733,ZTS
03-02-2015,43.51,43.81,43.2,43.5,4910840,ZTS
04-02-2015,43.86,44.04,43.22,43.46,5102908,ZTS
05-02-2015,43.55,44.08,43.12,43.4,3470904,ZTS
06-02-2015,43.44,44.24,43.28,43.66,5408025,ZTS
09-02-2015,43.5,43.66,42.66,42.87,4467136,ZTS
10-02-2015,43.13,44.01,42.81,43.91,4112336,ZTS
11-02-2015,44.88,46.12,44.88,45.77,7071088,ZTS
12-02-2015,47.24,47.4,45.26,45.79,6989570,ZTS
13-02-2015,44.74,45.5,44.36,45.46,6413282,ZTS
17-02-2015,45.55,46.24,45.45,46.2,4055844,ZTS
18-02-2015,46.11,46.43,45.82,45.85,3276876,ZTS
19-02-2015,45.83,46,45.49,45.65,2928791,ZTS
20-02-2015,45.7,45.89,45.11,45.6,3713002,ZTS
23-02-2015,45.71,45.93,45.21,45.58,2664458,ZTS
24-02-2015,45.65,45.79,45.28,45.4,1869770,ZTS
25-02-2015,45.55,45.97,45.39,45.72,2958773,ZTS
26-02-2015,45.83,46.7,45.8,46.62,4902993,ZTS
27-02-2015,46.54,46.88,46.04,46.09,5555462,ZTS
02-03-2015,46.55,47.61,46.55,47.31,5261715,ZTS
03-03-2015,47.28,47.34,46.34,46.54,2256151,ZTS
04-03-2015,46.4,46.49,45.86,46.23,3293014,ZTS
05-03-2015,46.69,46.83,45.99,46.46,2327567,ZTS
06-03-2015,46.3,46.53,45.67,45.78,3486498,ZTS
09-03-2015,45.87,46.96,45.48,46.29,3758563,ZTS
10-03-2015,46.13,46.28,45.68,45.7,2189462,ZTS
11-03-2015,45.88,46.58,45.73,46.01,3245036,ZTS
12-03-2015,46.31,46.87,46.14,46.84,2276543,ZTS
13-03-2015,46.86,46.86,46.02,46.45,2487056,ZTS
16-03-2015,46.71,47.03,46.55,46.98,2519822,ZTS
17-03-2015,46.62,47.34,46.41,47.15,2906852,ZTS
18-03-2015,46.98,47.76,46.67,47.51,3055969,ZTS
19-03-2015,47.46,47.74,47.1,47.41,2000710,ZTS
20-03-2015,47.49,47.92,47.1,47.34,4542700,ZTS
23-03-2015,47.55,47.7,47.04,47.15,4820293,ZTS
24-03-2015,47.24,47.61,46.76,47.02,1938127,ZTS
25-03-2015,47.17,47.38,46.22,46.27,4148401,ZTS
26-03-2015,46.02,46.39,45.69,46.11,3550763,ZTS
27-03-2015,46.14,46.53,46,46.22,2801671,ZTS
30-03-2015,46.47,46.96,46.42,46.92,2207792,ZTS
31-03-2015,46.76,46.93,46.29,46.29,2768436,ZTS
01-04-2015,46.3,46.56,45.96,46.27,4752533,ZTS
02-04-2015,46.45,46.66,46.2,46.5,3083956,ZTS
06-04-2015,46.15,46.67,46.01,46.33,2385312,ZTS
07-04-2015,46.4,46.86,46.33,46.36,2367075,ZTS
08-04-2015,46.37,46.61,46.12,46.21,2565899,ZTS
09-04-2015,46.3,46.74,46.16,46.55,2721260,ZTS
10-04-2015,46.6,47.29,46.3,47.17,2278282,ZTS
13-04-2015,47.25,47.44,46.64,46.66,2009281,ZTS
14-04-2015,46.66,46.99,46.02,46.9,2672548,ZTS
15-04-2015,47.05,47.22,46.91,47,1578545,ZTS
16-04-2015,46.8,47.17,46.64,47.14,1586498,ZTS
17-04-2015,46.9,47.03,46.46,46.77,2885118,ZTS
20-04-2015,46.89,47.13,46.71,47.04,2890179,ZTS
21-04-2015,47.28,47.58,47.1,47.54,3139377,ZTS
22-04-2015,47.45,47.52,46.93,47.03,2075661,ZTS
23-04-2015,46.94,47.1,46.57,47.05,2113277,ZTS
24-04-2015,46.89,47.99,46.73,47.91,3449546,ZTS
27-04-2015,47.98,47.99,46.74,46.83,2684146,ZTS
28-04-2015,46.72,46.82,45.64,45.73,4492421,ZTS
29-04-2015,45.5,45.94,45.1,45.22,3997612,ZTS
30-04-2015,45.08,45.45,44.31,44.42,4330171,ZTS
01-05-2015,44.73,44.91,44.39,44.61,5835126,ZTS
04-05-2015,44.75,45.56,44.71,45.4,4782867,ZTS
05-05-2015,47.13,47.44,45.13,45.68,7681179,ZTS
06-05-2015,45.93,45.94,45.19,45.29,4441355,ZTS
07-05-2015,45.33,45.75,45.03,45.56,2426957,ZTS
08-05-2015,45.99,46.09,45.57,45.9,2548154,ZTS
11-05-2015,45.91,46.35,45.67,46.09,3405113,ZTS
12-05-2015,45.72,45.86,45.34,45.58,2230384,ZTS
13-05-2015,45.62,46,45.42,45.62,2160588,ZTS
14-05-2015,45.87,46.32,45.48,46.28,1959621,ZTS
15-05-2015,46.52,46.91,46.43,46.49,2831450,ZTS
18-05-2015,46.45,46.77,46.32,46.73,2890623,ZTS
19-05-2015,46.88,47.69,46.74,47.45,3845744,ZTS
20-05-2015,47.47,47.81,46.99,47.28,2206640,ZTS
21-05-2015,47.33,47.89,47.05,47.8,3599250,ZTS
22-05-2015,47.71,47.84,47.5,47.63,1832276,ZTS
26-05-2015,47.52,48.05,47.51,47.95,3999519,ZTS
27-05-2015,47.98,49.48,47.67,49.45,5447771,ZTS
28-05-2015,49.29,49.55,48.4,49.11,4933974,ZTS
29-05-2015,49.44,49.96,49.13,49.77,5617083,ZTS
01-06-2015,49.92,50.37,49.37,49.78,4496147,ZTS
02-06-2015,49.72,49.97,48.9,49.58,2680479,ZTS
03-06-2015,49.88,49.9,49.34,49.55,1976555,ZTS
04-06-2015,49.05,49.59,48.85,48.9,2080683,ZTS
05-06-2015,48.7,49.17,48.41,49.01,2411992,ZTS
08-06-2015,48.75,49.22,48.74,48.8,1906372,ZTS
09-06-2015,48.67,49.37,48.52,49.24,2675509,ZTS
10-06-2015,49.41,49.9,49,49.69,2012119,ZTS
11-06-2015,49.8,50.04,49.6,49.87,2055692,ZTS
12-06-2015,49.63,49.86,49.01,49.08,2033278,ZTS
15-06-2015,48.84,49.35,48.71,49.27,3014964,ZTS
16-06-2015,49.3,49.73,48.9,49.71,1817939,ZTS
17-06-2015,49.75,50.37,49.71,50.17,2804407,ZTS
18-06-2015,50.29,50.6,50.16,50.5,3696096,ZTS
19-06-2015,50.36,50.62,50.2,50.24,2906848,ZTS
22-06-2015,50.6,50.7,50.07,50.22,2040419,ZTS
23-06-2015,50.41,50.85,50.24,50.47,2104111,ZTS
24-06-2015,50.25,50.3,49.71,49.71,2561857,ZTS
25-06-2015,49.84,55.38,49.57,55.38,3228130,ZTS
26-06-2015,53.93,54,48.26,48.62,20823304,ZTS
29-06-2015,48.51,48.69,47.04,47.07,5149372,ZTS
30-06-2015,47.67,48.61,47.21,48.22,4372753,ZTS
01-07-2015,48.75,49.04,47.83,48.43,5532098,ZTS
02-07-2015,48.6,48.66,47.89,48.31,2070875,ZTS
06-07-2015,48.04,48.4,47.77,48.4,3088073,ZTS
07-07-2015,48.54,48.78,47.1,47.88,5656174,ZTS
08-07-2015,47.35,47.43,46.46,46.48,3452761,ZTS
09-07-2015,47.11,47.37,46.56,46.57,3417433,ZTS
10-07-2015,47,47.19,46.82,46.96,2917524,ZTS
13-07-2015,47.1,47.44,46.84,47.04,3050077,ZTS
14-07-2015,47.04,47.56,46.28,47.46,5636273,ZTS
15-07-2015,47.5,47.63,47.01,47.11,2099419,ZTS
16-07-2015,47.39,48.22,47.39,48,3423487,ZTS
17-07-2015,48,48.3,47.72,47.8,2324025,ZTS
20-07-2015,48.1,49.03,48.02,48.98,3364218,ZTS
21-07-2015,49.7,49.75,48.93,49.12,4412671,ZTS
22-07-2015,49.05,50.06,49.02,50.02,2937633,ZTS
23-07-2015,49.96,50.39,49.51,49.85,2457852,ZTS
24-07-2015,49.9,50.3,49.33,49.49,2081039,ZTS
27-07-2015,49.39,49.57,48.77,49.48,1683893,ZTS
28-07-2015,49.52,49.57,48.17,48.85,4846275,ZTS
29-07-2015,49.1,49.16,47.87,48.4,3629936,ZTS
30-07-2015,47.96,48.72,47.96,48.55,1576778,ZTS
31-07-2015,48.82,49.45,48.74,48.98,2539760,ZTS
03-08-2015,49.16,49.49,47.99,48.48,3559549,ZTS
04-08-2015,49.11,50,48.28,48.85,4867278,ZTS
05-08-2015,48.95,49.12,48.52,48.61,4118231,ZTS
06-08-2015,49.56,50.25,47.97,48.28,3223414,ZTS
07-08-2015,48.12,48.47,47.44,48.31,3465953,ZTS
10-08-2015,48.5,49.09,48.28,48.39,3064542,ZTS
11-08-2015,48.07,48.54,47.84,48.21,1946691,ZTS
12-08-2015,47.9,48.08,46.88,47.86,3574600,ZTS
13-08-2015,47.82,48.38,47.6,47.66,2574807,ZTS
14-08-2015,47.65,47.65,46.94,47.47,2594522,ZTS
17-08-2015,47.3,48.71,47.26,48.69,1849735,ZTS
18-08-2015,48.59,48.78,47.69,47.73,2848398,ZTS
19-08-2015,47.45,48.18,47.22,47.91,2153534,ZTS
20-08-2015,47.36,47.68,46.28,46.38,2516558,ZTS
21-08-2015,45.85,46.32,45.01,45.02,3775238,ZTS
24-08-2015,42.51,44.97,37.73,43.53,5725519,ZTS
25-08-2015,44.59,44.84,42.56,42.56,3814312,ZTS
26-08-2015,43.55,44.33,41.99,44.25,5873296,ZTS
27-08-2015,44.71,46.15,44.11,45.86,4602075,ZTS
28-08-2015,46.01,46.13,45.06,45.78,2711444,ZTS
31-08-2015,45.74,45.91,44.77,44.87,2580044,ZTS
01-09-2015,43.95,44.89,43.78,43.98,4346069,ZTS
02-09-2015,44.49,45.16,43.9,45.12,2699665,ZTS
03-09-2015,45.32,45.62,44.32,44.53,2932537,ZTS
04-09-2015,43.97,44.73,43.53,44.01,4195457,ZTS
08-09-2015,44.72,44.94,43.82,44.89,4134947,ZTS
09-09-2015,45.18,45.26,43.85,43.95,2964688,ZTS
10-09-2015,43.93,44.93,43.8,44.34,2871193,ZTS
11-09-2015,44.6,45.13,44.12,45,2476212,ZTS
14-09-2015,44.87,45,44.19,44.47,2182175,ZTS
15-09-2015,44.7,45.13,44.48,45.06,1999886,ZTS
16-09-2015,44.79,44.85,43.7,44.51,4242562,ZTS
17-09-2015,44.75,46.63,44.75,46.01,5470489,ZTS
18-09-2015,45.31,45.7,44.9,45.12,8078649,ZTS
21-09-2015,45.28,45.57,44.11,44.5,2502669,ZTS
22-09-2015,44.01,44.52,43.74,44.23,2368410,ZTS
23-09-2015,44.2,44.66,43.99,44.32,1802527,ZTS
24-09-2015,44.13,44.2,43.01,43.59,3202025,ZTS
25-09-2015,44.11,44.14,41.88,42.51,3498042,ZTS
28-09-2015,42.27,42.3,39.38,39.96,8954944,ZTS
29-09-2015,40.3,40.77,38.98,39.65,7328436,ZTS
30-09-2015,40.63,41.22,40.35,41.18,4954107,ZTS
01-10-2015,41.07,41.34,40.37,41.29,4131846,ZTS
02-10-2015,40.63,43.04,40.49,43.02,4036770,ZTS
05-10-2015,43.15,43.39,42.35,42.85,5467739,ZTS
06-10-2015,42.78,43.1,41.19,41.39,4622168,ZTS
07-10-2015,41.59,42.71,41.23,42.67,4182644,ZTS
08-10-2015,42.56,43.4,41.98,43.22,4434607,ZTS
09-10-2015,43.11,43.31,42.77,42.8,2862997,ZTS
12-10-2015,42.88,43.07,42.43,42.71,2848060,ZTS
13-10-2015,42.54,43.12,42.19,42.32,3285476,ZTS
14-10-2015,42.34,42.96,42.13,42.38,2940841,ZTS
15-10-2015,41.69,43.12,41.58,43,2481460,ZTS
16-10-2015,43.21,44.14,43.19,43.93,4120374,ZTS
19-10-2015,43.81,44.01,43.23,43.78,1924842,ZTS
20-10-2015,43.66,43.78,42.83,43.09,2890406,ZTS
21-10-2015,43.38,43.56,39.53,41.66,9780195,ZTS
22-10-2015,41.69,41.9,39.98,40.8,8907977,ZTS
23-10-2015,41.16,43.18,41.05,42.54,7391491,ZTS
26-10-2015,42.44,42.96,41.99,42.35,2929346,ZTS
27-10-2015,42.51,43.36,42.29,42.74,4570269,ZTS
28-10-2015,42.69,43.79,42.31,43.34,3219143,ZTS
29-10-2015,43.31,43.91,43.24,43.55,3019034,ZTS
30-10-2015,43.38,43.69,42.89,43.01,3774428,ZTS
02-11-2015,43.54,44.52,43.17,44.24,4298821,ZTS
03-11-2015,46.47,46.9,45.4,46.63,8007228,ZTS
04-11-2015,46.65,47.14,46.23,46.55,7718164,ZTS
05-11-2015,46.56,46.78,44.92,45.46,5177517,ZTS
06-11-2015,45.4,46.28,44.83,45.97,3496194,ZTS
09-11-2015,45.78,46.04,44.96,45.8,3707943,ZTS
10-11-2015,45.85,46.04,45.26,45.88,2963165,ZTS
11-11-2015,45.92,45.92,45.06,45.08,2118879,ZTS
12-11-2015,45.01,45.19,44.46,44.53,2858613,ZTS
13-11-2015,44.37,45.08,44.2,44.85,3283657,ZTS
16-11-2015,45,45.42,44.73,45.3,3532313,ZTS
17-11-2015,45.03,46.11,44.73,45.77,3638669,ZTS
18-11-2015,45.81,47.2,45.36,47.18,3377964,ZTS
19-11-2015,47.05,47.21,46.57,46.9,2928496,ZTS
20-11-2015,47,47.57,46.86,47.32,3679430,ZTS
23-11-2015,47.23,47.43,46.61,46.96,3265258,ZTS
24-11-2015,46.56,46.99,46.3,46.93,1713458,ZTS
25-11-2015,46.8,47.23,46.66,46.97,2196761,ZTS
27-11-2015,47.14,47.23,46.91,47.08,1155073,ZTS
30-11-2015,47.08,47.25,46.46,46.7,3481867,ZTS
01-12-2015,46.81,47.13,46.21,47.01,2956927,ZTS
02-12-2015,47.07,47.18,46.07,46.37,2335144,ZTS
03-12-2015,46.48,46.54,44.94,45.2,2465441,ZTS
04-12-2015,45.36,46.5,45.17,46.46,2237818,ZTS
07-12-2015,46.47,46.83,45.35,45.91,2108735,ZTS
08-12-2015,45.45,46.2,45.4,45.94,1335773,ZTS
09-12-2015,45.61,46.18,44.97,45.21,1768035,ZTS
10-12-2015,45.16,46.49,45.15,46.1,2472296,ZTS
11-12-2015,45.39,46,45.33,45.83,4233680,ZTS
14-12-2015,45.85,46.64,45.55,46.59,3895918,ZTS
15-12-2015,47.05,47.65,46.87,46.97,4154091,ZTS
16-12-2015,47.42,47.55,46.16,47.09,3441944,ZTS
17-12-2015,47.27,47.57,46.49,46.73,2642412,ZTS
18-12-2015,46.6,47.62,46.49,46.6,5439713,ZTS
21-12-2015,46.83,47.37,46.56,47.34,2467076,ZTS
22-12-2015,47.5,48.46,47.39,47.72,2404647,ZTS
23-12-2015,47.84,48.1,47.61,47.98,2368420,ZTS
24-12-2015,47.86,48.45,47.63,48.13,965268,ZTS
28-12-2015,47.96,48.2,47.59,47.9,928748,ZTS
29-12-2015,48.37,48.62,47.96,48.33,1483846,ZTS
30-12-2015,48.33,48.65,48.01,48.26,1453861,ZTS
31-12-2015,47.93,48.4,47.81,47.92,1768460,ZTS
04-01-2016,46.94,47.72,46.75,47.27,2871687,ZTS
05-01-2016,47.51,48.1,47.28,48.01,3117022,ZTS
06-01-2016,47.27,48.35,47.26,48.02,4670537,ZTS
07-01-2016,46.99,48,46.29,46.56,4324437,ZTS
08-01-2016,46.94,47.57,45.65,45.88,4946099,ZTS
11-01-2016,46.1,46.34,43.83,44.58,4306864,ZTS
12-01-2016,43.87,45.05,43.25,44.97,7774895,ZTS
13-01-2016,45.25,45.33,43.03,43.25,4197604,ZTS
14-01-2016,43.34,44.4,42.66,44.13,4794946,ZTS
15-01-2016,43,43.85,42.77,43.38,4529139,ZTS
19-01-2016,44.11,44.72,42.73,43.19,4594992,ZTS
20-01-2016,42.57,44.28,42.41,43.79,5212889,ZTS
21-01-2016,43.79,43.92,42.98,43.08,3777690,ZTS
22-01-2016,43.59,43.82,43.1,43.4,3397483,ZTS
25-01-2016,43.25,43.77,43.06,43.2,2364183,ZTS
26-01-2016,43.3,44.06,43.15,43.87,3797639,ZTS
27-01-2016,43.67,44.36,42.8,43.15,3242486,ZTS
28-01-2016,43.4,43.58,42.71,42.84,5660560,ZTS
29-01-2016,43.2,43.36,42.61,43.05,7032635,ZTS
01-02-2016,43,43.39,42.51,42.96,4703045,ZTS
02-02-2016,42.43,42.53,41.37,41.72,3441505,ZTS
03-02-2016,41.84,42,40.45,41.31,5145113,ZTS
04-02-2016,41.15,41.95,40.93,41.54,3949771,ZTS
05-02-2016,41.32,41.51,40.61,40.91,4058061,ZTS
08-02-2016,40.4,40.71,39.59,40.19,4314301,ZTS
09-02-2016,39.58,40.96,39.39,39.86,6277573,ZTS
10-02-2016,40.17,40.48,39.25,39.33,6629167,ZTS
11-02-2016,38.98,39.53,38.26,39.36,8058209,ZTS
12-02-2016,39.81,40.48,39.21,40.43,6734704,ZTS
16-02-2016,41.66,41.87,39.73,40.43,5614323,ZTS
17-02-2016,40.78,42,40.47,41.8,7226927,ZTS
18-02-2016,41.56,42.37,41.53,42.02,5350351,ZTS
19-02-2016,42.07,42.23,41.4,41.83,3844525,ZTS
22-02-2016,42.12,42.83,41.79,42.77,3476629,ZTS
23-02-2016,42.58,43.2,42.29,42.37,2498957,ZTS
24-02-2016,41.94,42.42,41.25,42.37,3086771,ZTS
25-02-2016,42.37,42.92,41.79,42.9,4135866,ZTS
26-02-2016,42.99,43.34,42.22,42.36,2654311,ZTS
29-02-2016,42.1,42.17,41.05,41.06,3550490,ZTS
01-03-2016,41.49,42.14,40.88,42.1,5280733,ZTS
02-03-2016,41.91,42.18,41.51,41.72,2508011,ZTS
03-03-2016,41.72,41.85,40.7,41.08,4473742,ZTS
04-03-2016,41.08,41.32,40.62,40.8,3557937,ZTS
07-03-2016,40.6,41.43,40.46,41.2,3540458,ZTS
08-03-2016,40.84,41.14,40.16,40.23,3266342,ZTS
09-03-2016,40.55,40.6,39.84,40.46,4083719,ZTS
10-03-2016,39.92,40.61,39.35,39.91,7999495,ZTS
11-03-2016,40.2,41.91,40.02,41.87,5890901,ZTS
14-03-2016,41.63,41.71,41.07,41.31,3338468,ZTS
15-03-2016,41.06,41.09,39.97,40.72,7035117,ZTS
16-03-2016,40.86,40.86,40.1,40.46,5147364,ZTS
17-03-2016,40.49,40.67,39.52,39.72,7288060,ZTS
18-03-2016,39.92,41.04,39.8,40.86,5812842,ZTS
21-03-2016,40.91,42.03,40.88,41.62,5461655,ZTS
22-03-2016,41.59,42.89,41.59,42.75,7592572,ZTS
23-03-2016,42.8,42.84,42.15,42.64,5261521,ZTS
24-03-2016,42.27,43.06,42.13,42.48,4796624,ZTS
28-03-2016,42.49,42.64,41.97,42.18,2038308,ZTS
29-03-2016,42,43.14,41.86,43.12,2763536,ZTS
30-03-2016,43.24,44.38,43.23,44.02,5311700,ZTS
31-03-2016,43.4,44.55,43.25,44.33,6326689,ZTS
01-04-2016,44.02,45.06,43.97,44.99,4549824,ZTS
04-04-2016,45.1,46.04,45.03,45.76,5400869,ZTS
05-04-2016,45.26,45.98,45.01,45.85,6004348,ZTS
06-04-2016,45.8,47.6,45.7,47.27,6181360,ZTS
07-04-2016,46.96,47.24,46.83,47.19,5865559,ZTS
08-04-2016,47.36,47.46,46.54,46.94,4872705,ZTS
11-04-2016,47,47.04,46.48,46.67,3962142,ZTS
12-04-2016,46.84,47.12,46.6,47.01,3634764,ZTS
13-04-2016,47.15,47.5,46.95,47.5,3295670,ZTS
14-04-2016,47.27,47.96,47.12,47.67,3065321,ZTS
15-04-2016,47.75,48.14,47.57,48.11,3189355,ZTS
18-04-2016,47.98,48.78,47.77,48.57,3034017,ZTS
19-04-2016,48.69,49.1,48.36,48.56,2426212,ZTS
20-04-2016,48.56,48.72,47.89,48.47,2702109,ZTS
21-04-2016,48.42,48.83,48.04,48.44,2998927,ZTS
22-04-2016,48.54,48.95,48.18,48.64,2117646,ZTS
25-04-2016,48.34,48.36,47.21,47.32,5239550,ZTS
26-04-2016,47.4,47.76,46.95,47.61,3360295,ZTS
27-04-2016,47.61,47.81,47.34,47.46,2490103,ZTS
28-04-2016,47.23,47.64,46.97,47.19,1888639,ZTS
29-04-2016,47.16,47.31,46.62,47.03,3342808,ZTS
02-05-2016,47.2,48.1,46.87,48.03,3705382,ZTS
03-05-2016,47.89,48.37,47.62,48.15,4474579,ZTS
04-05-2016,47.91,48.04,46.05,47.05,5430442,ZTS
05-05-2016,47.32,48.28,47.03,48.24,3536184,ZTS
06-05-2016,47.31,47.73,46.86,47.34,3499648,ZTS
09-05-2016,47.38,48.03,47.12,47.5,6012409,ZTS
10-05-2016,46.29,46.64,46.14,46.56,12371394,ZTS
11-05-2016,46.5,46.85,45.99,46,5596511,ZTS
12-05-2016,45.85,46.42,45.56,46.25,6171418,ZTS
13-05-2016,46.35,46.6,46.03,46.39,3167516,ZTS
16-05-2016,46.14,46.94,46.08,46.77,3694258,ZTS
17-05-2016,46.71,46.92,46.23,46.5,2562566,ZTS
18-05-2016,46.35,47.22,46.31,46.96,3498454,ZTS
19-05-2016,46.79,46.93,45.92,46.43,2189232,ZTS
20-05-2016,46.7,47.1,46.52,47.06,5065175,ZTS
23-05-2016,47,47.04,46.4,46.4,2356010,ZTS
24-05-2016,46.81,47.36,46.74,47.29,3450293,ZTS
25-05-2016,47.39,47.56,46.88,47,4637693,ZTS
26-05-2016,46.89,47.47,46.77,47.33,3116865,ZTS
27-05-2016,47.54,47.68,47.1,47.18,2023188,ZTS
31-05-2016,47.42,47.71,47.11,47.42,2804245,ZTS
01-06-2016,47.49,48,47.23,47.85,2140723,ZTS
02-06-2016,47.89,48.18,47.66,48.13,1751077,ZTS
03-06-2016,48.09,48.11,47.43,47.93,2286990,ZTS
06-06-2016,47.93,48.42,47.83,48.41,2006568,ZTS
07-06-2016,48.08,48.53,47.89,48.35,2433152,ZTS
08-06-2016,48.37,48.58,48.21,48.45,1827284,ZTS
09-06-2016,48.36,48.68,47.92,48.14,2121841,ZTS
10-06-2016,47.34,47.6,46.95,47.39,4378940,ZTS
13-06-2016,47.17,47.32,46.15,46.19,2829876,ZTS
14-06-2016,46.03,47.23,45.97,47.19,4245084,ZTS
15-06-2016,47.19,47.71,47.13,47.22,3517855,ZTS
16-06-2016,47,47.36,46.56,47.26,2366903,ZTS
17-06-2016,47.21,47.26,46.44,46.44,4009953,ZTS
20-06-2016,47.01,47.31,46.83,46.91,2543883,ZTS
21-06-2016,47.13,47.37,46.68,47.29,2698758,ZTS
22-06-2016,47.16,47.79,46.84,47.33,2640346,ZTS
23-06-2016,47.6,47.9,47.44,47.9,2291503,ZTS
24-06-2016,46.23,47.36,46.18,46.51,6423664,ZTS
27-06-2016,46.3,46.59,45.28,45.42,5047270,ZTS
28-06-2016,45.9,46.42,45.68,46.42,3628498,ZTS
29-06-2016,46.88,47.38,46.68,47.24,3603850,ZTS
30-06-2016,47.19,47.53,46.97,47.46,3769037,ZTS
01-07-2016,47.5,47.98,47.35,47.45,2008304,ZTS
05-07-2016,47.18,47.63,46.84,47.5,2655385,ZTS
06-07-2016,47.21,48.14,47.01,48.09,3451627,ZTS
07-07-2016,48.1,48.17,47.46,47.69,2338037,ZTS
08-07-2016,47.84,48.61,47.79,48.5,2851969,ZTS
11-07-2016,48.58,48.68,48.28,48.29,2011628,ZTS
12-07-2016,48.53,48.92,48.22,48.87,1824095,ZTS
13-07-2016,49.07,49.28,48.94,49.19,2574381,ZTS
14-07-2016,49.62,50.06,49.37,49.98,2618327,ZTS
15-07-2016,50.08,50.27,49.52,49.68,2089057,ZTS
18-07-2016,49.69,50.21,49.58,49.72,2757160,ZTS
19-07-2016,49.5,49.74,49,49.37,2305717,ZTS
20-07-2016,49.52,50.34,49.46,50.25,2530802,ZTS
21-07-2016,50.21,50.39,50.01,50.14,1721719,ZTS
22-07-2016,50.17,50.36,49.87,50.26,1308113,ZTS
25-07-2016,50.19,50.24,49.73,49.99,2053656,ZTS
26-07-2016,50,50.05,49.69,49.92,2582557,ZTS
27-07-2016,49.92,50.06,49.63,49.85,3930217,ZTS
28-07-2016,49.85,50.17,49.57,50.06,2852855,ZTS
29-07-2016,49.99,50.58,49.97,50.47,3504973,ZTS
01-08-2016,50.47,50.74,50.37,50.4,3715417,ZTS
02-08-2016,50.22,50.25,49.29,49.72,5500497,ZTS
03-08-2016,52.15,52.18,50.72,51.21,5425472,ZTS
04-08-2016,51.53,51.99,51.19,51.41,4520261,ZTS
05-08-2016,51.74,51.74,51.02,51.09,4222031,ZTS
08-08-2016,51.02,51.06,50.48,50.8,5174616,ZTS
09-08-2016,50.83,50.98,50.64,50.93,3667152,ZTS
10-08-2016,50.77,52,50.61,51.81,5086371,ZTS
11-08-2016,51.89,52.16,51.64,52.07,3056889,ZTS
12-08-2016,51.93,52.1,51.7,51.98,1980656,ZTS
15-08-2016,52.16,52.48,52.08,52.38,2280767,ZTS
16-08-2016,52.16,52.46,51.94,52.09,2696898,ZTS
17-08-2016,52.3,52.37,51.69,52.3,3027602,ZTS
18-08-2016,52.4,52.64,52.09,52.29,1842527,ZTS
19-08-2016,52.06,52.61,52.06,52.54,2714250,ZTS
22-08-2016,52,52.27,51.11,51.23,5297999,ZTS
23-08-2016,51.39,51.64,51.23,51.25,3518734,ZTS
24-08-2016,51.26,51.42,50.56,50.63,3262792,ZTS
25-08-2016,50.62,51.03,50.36,50.47,2919317,ZTS
26-08-2016,50.66,51.16,50.47,50.76,2707091,ZTS
29-08-2016,50.76,50.96,50.42,50.76,2370656,ZTS
30-08-2016,50.68,50.9,50.37,50.75,2878680,ZTS
31-08-2016,50.74,51.18,50.48,51.1,3446680,ZTS
01-09-2016,51.15,51.15,50.62,51.11,2695047,ZTS
02-09-2016,51.34,51.4,51.08,51.26,2226546,ZTS
06-09-2016,51.41,51.71,51.16,51.29,3957429,ZTS
07-09-2016,51.44,52.05,51.39,52.04,3766819,ZTS
08-09-2016,52.03,52.1,51.3,51.41,5517323,ZTS
09-09-2016,51.23,51.23,50.38,50.39,3173250,ZTS
12-09-2016,50.19,51.34,50.07,51.15,5678035,ZTS
13-09-2016,50.73,50.92,50.19,50.32,3880000,ZTS
14-09-2016,50.42,50.83,50.35,50.55,3544556,ZTS
15-09-2016,50.71,50.93,50.2,50.72,3331049,ZTS
16-09-2016,50.87,50.87,50.3,50.51,8679598,ZTS
19-09-2016,50.65,50.84,50.27,50.32,2428959,ZTS
20-09-2016,50.65,50.75,50.51,50.6,1722833,ZTS
21-09-2016,50.6,51.12,50.42,51.06,2487488,ZTS
22-09-2016,51.2,51.82,51.15,51.63,3173490,ZTS
23-09-2016,51.63,51.77,51.33,51.51,2560491,ZTS
26-09-2016,51.4,51.4,51.06,51.21,3266966,ZTS
27-09-2016,51.2,51.88,50.89,51.87,3203389,ZTS
28-09-2016,51.98,52.17,51.22,51.75,2842261,ZTS
29-09-2016,51.74,51.91,50.93,51.02,2877920,ZTS
30-09-2016,51.14,52.12,50.95,52.01,3971569,ZTS
03-10-2016,51.76,52.43,51.63,52.36,2412695,ZTS
04-10-2016,52.43,52.61,51.78,52.31,3189769,ZTS
05-10-2016,52.31,52.42,51.95,52.18,2608084,ZTS
06-10-2016,51.94,52.02,51.4,51.65,2702501,ZTS
07-10-2016,52.08,52.21,51.55,51.85,3323648,ZTS
10-10-2016,52,53.14,52,52.69,3119094,ZTS
11-10-2016,52.31,52.35,50.23,50.96,7512167,ZTS
12-10-2016,51.03,51.57,50.79,51.42,4602127,ZTS
13-10-2016,51.13,51.2,50.65,51.02,2812177,ZTS
14-10-2016,51.16,51.17,50.18,50.18,2485377,ZTS
17-10-2016,50.15,50.29,49.87,50.03,2644607,ZTS
18-10-2016,50.57,51.13,50.51,51.06,2032614,ZTS
19-10-2016,51.39,51.39,50.82,51.11,1605234,ZTS
20-10-2016,51.08,51.41,50.97,51.3,1497785,ZTS
21-10-2016,50.98,51.17,50.7,50.94,2032227,ZTS
24-10-2016,51.06,51.19,50.81,51.03,1674033,ZTS
25-10-2016,50.46,50.46,49.64,49.99,3557260,ZTS
26-10-2016,49.56,49.64,48.73,48.77,3930051,ZTS
27-10-2016,49.12,49.25,48.66,48.77,2564509,ZTS
28-10-2016,48.49,48.72,47.9,48.56,3621768,ZTS
31-10-2016,48.69,48.78,47.76,47.8,4635765,ZTS
01-11-2016,47.61,47.9,46.86,47.25,8722821,ZTS
02-11-2016,50.91,50.98,48.83,50.11,8106716,ZTS
03-11-2016,50.17,50.22,48.71,48.95,4550193,ZTS
04-11-2016,49.06,50.22,48.97,49.94,4234161,ZTS
07-11-2016,50.62,50.84,49.82,49.98,9364491,ZTS
08-11-2016,49.72,50.96,49.35,50.33,3852221,ZTS
09-11-2016,51.89,52.19,50.32,51,5102875,ZTS
10-11-2016,51.65,51.84,50.48,51.09,5661784,ZTS
11-11-2016,50.84,50.96,50.13,50.61,3527011,ZTS
14-11-2016,50.85,51,48.9,48.96,3681828,ZTS
15-11-2016,48.71,49.19,48.24,49.15,5996815,ZTS
16-11-2016,49.26,49.64,48.77,48.84,2941523,ZTS
17-11-2016,49.08,49.56,48.8,49.21,3645088,ZTS
18-11-2016,49.25,50.11,49.23,49.89,4747938,ZTS
21-11-2016,49.95,50.15,49.75,50,2730212,ZTS
22-11-2016,49.85,50,49.07,49.63,3018483,ZTS
23-11-2016,49.38,50.18,48.87,50.18,2056184,ZTS
25-11-2016,50.35,50.49,50.06,50.18,804749,ZTS
28-11-2016,50,50.39,49.79,50.15,2695157,ZTS
29-11-2016,50.03,50.58,50.03,50.45,2314144,ZTS
30-11-2016,50.61,50.82,50.27,50.38,3782081,ZTS
01-12-2016,50.41,50.55,48.62,49.16,4252362,ZTS
02-12-2016,49.32,49.36,48.55,49.1,3183437,ZTS
05-12-2016,48.95,49.84,48.95,49.82,2578193,ZTS
06-12-2016,49.68,50.23,49.55,50.22,2573040,ZTS
07-12-2016,51.2,51.38,49.79,51.26,4037819,ZTS
08-12-2016,50.9,51.7,50.66,51.68,3217027,ZTS
09-12-2016,51.86,52.48,51.6,51.89,2664496,ZTS
12-12-2016,51.82,51.93,50.77,50.92,5021825,ZTS
13-12-2016,51.26,51.43,50.81,51.05,5177724,ZTS
14-12-2016,51.03,51.47,50.57,50.84,2890470,ZTS
15-12-2016,52.17,52.77,51.66,52.32,3995397,ZTS
16-12-2016,52.46,52.75,52.23,52.46,3959794,ZTS
19-12-2016,52.46,53.06,52.26,52.39,2137792,ZTS
20-12-2016,53.22,53.48,52.83,53.1,2580756,ZTS
21-12-2016,53.33,53.41,52.73,53.12,2755192,ZTS
22-12-2016,52.67,53.37,52.67,53.26,1515790,ZTS
23-12-2016,53.2,53.78,53.18,53.78,1942469,ZTS
27-12-2016,53.78,54.15,53.65,53.72,1344976,ZTS
28-12-2016,53.76,53.85,53.35,53.44,1241854,ZTS
29-12-2016,53.47,53.78,53.4,53.62,1047017,ZTS
30-12-2016,53.64,53.74,53.27,53.53,1701204,ZTS
03-01-2017,53.88,54.38,53.34,53.59,3580369,ZTS
04-01-2017,53.72,54.18,53.1,54.11,3316309,ZTS
05-01-2017,54.14,54.17,53.6,53.93,2469121,ZTS
06-01-2017,53.85,54.72,53.73,54.1,2845753,ZTS
09-01-2017,54.09,54.35,53.39,53.95,2123301,ZTS
10-01-2017,54.03,54.29,53.69,53.93,2087082,ZTS
11-01-2017,53.84,54.11,52.71,53.31,3400547,ZTS
12-01-2017,53.09,53.58,53.03,53.39,1513688,ZTS
13-01-2017,53.55,53.88,53.35,53.74,2458676,ZTS
17-01-2017,53.5,53.68,52.93,53.22,2213400,ZTS
18-01-2017,53.39,54.01,53.04,53.3,3199880,ZTS
19-01-2017,53.3,53.62,53.12,53.5,2902544,ZTS
20-01-2017,53.63,54.39,53.6,53.97,3573514,ZTS
23-01-2017,53.65,54,53.59,53.75,2978626,ZTS
24-01-2017,53.75,53.99,53.46,53.78,2490862,ZTS
25-01-2017,54.1,54.29,53.73,54,5709082,ZTS
26-01-2017,53.63,54.44,53.59,53.84,2272268,ZTS
27-01-2017,54.09,54.72,53.97,54.65,2326838,ZTS
30-01-2017,54.39,54.51,53.87,54.27,2317125,ZTS
31-01-2017,54.01,54.97,53.8,54.94,3616460,ZTS
01-02-2017,54.93,55.35,54.62,55.32,2492158,ZTS
02-02-2017,55.01,55.72,54.72,55.7,2723044,ZTS
03-02-2017,55.85,56.07,55.53,55.92,2309365,ZTS
06-02-2017,55.66,55.85,55.42,55.77,2894262,ZTS
07-02-2017,56.11,56.32,55.69,55.98,2402728,ZTS
08-02-2017,55.97,56.32,55.73,55.96,2888874,ZTS
09-02-2017,55.97,56.5,55.91,55.96,2655773,ZTS
10-02-2017,56,56.09,55.55,55.73,6160949,ZTS
13-02-2017,54.5,55.49,54.45,55.14,5636017,ZTS
14-02-2017,55.14,55.26,54.79,55.02,5216391,ZTS
15-02-2017,54.79,55.31,54.2,55.15,5639895,ZTS
16-02-2017,54.69,54.88,52,52.78,12881819,ZTS
17-02-2017,53.01,53.52,52.32,52.51,8167474,ZTS
21-02-2017,52.49,53.66,52.34,53.47,5931413,ZTS
22-02-2017,52.86,53.54,52.73,53.38,3596975,ZTS
23-02-2017,53.5,53.79,53.26,53.58,4673432,ZTS
24-02-2017,53.53,53.91,53.2,53.88,4819662,ZTS
27-02-2017,53.85,54.18,53.55,53.83,4220561,ZTS
28-02-2017,53.46,53.97,53.24,53.31,4106339,ZTS
01-03-2017,53.73,54.08,53.55,53.89,3581081,ZTS
02-03-2017,54,54.08,53.31,53.37,3299974,ZTS
03-03-2017,53.34,53.72,53.25,53.42,2483602,ZTS
06-03-2017,53.01,53.33,52.88,53.08,1832305,ZTS
07-03-2017,52.86,53.38,52.64,53.07,2763243,ZTS
08-03-2017,53.02,53.41,52.79,53,2095304,ZTS
09-03-2017,53.05,53.72,52.91,53.69,3187968,ZTS
10-03-2017,53.7,53.76,53.2,53.34,2833539,ZTS
13-03-2017,53.33,53.63,53.24,53.56,2297765,ZTS
14-03-2017,53.33,53.55,53.06,53.42,2277529,ZTS
15-03-2017,53.39,54.39,53.39,54.28,2926129,ZTS
16-03-2017,54.48,54.48,54.1,54.43,3245909,ZTS
17-03-2017,54.62,54.82,53.85,54,4510179,ZTS
20-03-2017,54.04,54.45,53.83,54.28,2180574,ZTS
21-03-2017,54.47,54.79,53.24,53.39,3008336,ZTS
22-03-2017,53.4,53.95,53.24,53.87,3276789,ZTS
23-03-2017,53.89,54.19,53.6,53.8,3015617,ZTS
24-03-2017,53.85,54.21,53.59,53.85,2384029,ZTS
27-03-2017,53.49,54.17,53.4,53.97,3168491,ZTS
28-03-2017,53.81,54.31,53.69,54.16,2328150,ZTS
29-03-2017,54.04,54.27,53.72,53.82,2269855,ZTS
30-03-2017,53.82,53.82,53.25,53.47,2697544,ZTS
31-03-2017,52.98,53.65,52.98,53.37,3163836,ZTS
03-04-2017,53.35,53.45,52.82,53.17,2806458,ZTS
04-04-2017,53.07,53.17,52.37,52.65,3002457,ZTS
05-04-2017,52.74,53.33,52.62,52.67,3762934,ZTS
06-04-2017,52.68,52.76,52.25,52.67,4210467,ZTS
07-04-2017,52.58,52.76,52.37,52.54,2218732,ZTS
10-04-2017,52.6,53.06,52.47,52.74,1772287,ZTS
11-04-2017,52.57,52.86,52.36,52.85,1976384,ZTS
12-04-2017,52.57,53.23,52.53,53.22,2764541,ZTS
13-04-2017,53.11,53.36,52.96,53.1,2104936,ZTS
17-04-2017,53.09,53.57,53,53.5,1975296,ZTS
18-04-2017,53.2,53.64,53.05,53.55,2194420,ZTS
19-04-2017,53.72,54.19,53.64,53.85,4102669,ZTS
20-04-2017,53.99,54.46,53.65,54.29,2233370,ZTS
21-04-2017,54.23,54.38,54,54.19,2124663,ZTS
24-04-2017,54.68,55.15,54.59,54.99,2770642,ZTS
25-04-2017,55.12,55.16,54.7,55.12,4346140,ZTS
26-04-2017,55.15,55.68,55.08,55.57,2665816,ZTS
27-04-2017,55.66,56.65,55.52,56.46,2986421,ZTS
28-04-2017,56.46,56.62,56.08,56.11,3341793,ZTS
01-05-2017,56.14,56.56,56.03,56.28,3607817,ZTS
02-05-2017,56.29,56.53,55.89,56.47,3728559,ZTS
03-05-2017,56.09,56.4,55.5,55.59,5795937,ZTS
04-05-2017,55.48,59.6,55.48,58.87,6923157,ZTS
05-05-2017,58.76,59.61,58.48,59.47,6896027,ZTS
08-05-2017,59.39,59.74,58.3,58.81,3160708,ZTS
09-05-2017,58.8,59.69,58.55,59.43,3130507,ZTS
10-05-2017,58.99,60.13,58.99,59.9,4052762,ZTS
11-05-2017,59.68,59.89,59.25,59.72,3175456,ZTS
12-05-2017,60.03,60.19,59.57,59.88,3425146,ZTS
15-05-2017,59.77,60.07,59.56,60,2319379,ZTS
16-05-2017,60.24,60.38,59.9,60.33,1816297,ZTS
17-05-2017,59.86,60.19,59.69,59.73,2397563,ZTS
18-05-2017,59.73,60.29,59.61,59.91,1583662,ZTS
19-05-2017,59.98,60.61,59.94,60.31,2567745,ZTS
22-05-2017,60.39,60.88,60.28,60.31,3117309,ZTS
23-05-2017,60.5,61.46,60.5,61.43,3330549,ZTS
24-05-2017,61.43,62.49,61.39,62.3,3869148,ZTS
25-05-2017,62.56,62.64,62.17,62.58,2864917,ZTS
26-05-2017,62.78,63.11,62.39,62.61,1985460,ZTS
30-05-2017,62.45,62.7,61.86,62.26,2884394,ZTS
31-05-2017,62.58,62.7,62.1,62.28,3789807,ZTS
01-06-2017,62.45,62.64,61.99,62.64,3112530,ZTS
02-06-2017,62.78,63.3,62.39,62.5,4110099,ZTS
05-06-2017,62.42,62.78,62.15,62.67,3364563,ZTS
06-06-2017,62.5,63.08,62.49,62.98,2420424,ZTS
07-06-2017,62.93,63.42,62.85,63.26,1904655,ZTS
08-06-2017,63.41,63.49,62.46,62.58,3201991,ZTS
09-06-2017,62.49,63.1,62.37,62.59,2021775,ZTS
12-06-2017,62.61,62.71,61.26,61.85,4522559,ZTS
13-06-2017,61.72,62.3,60.92,61.96,2007271,ZTS
14-06-2017,62.01,62.6,61.71,62.23,1822111,ZTS
15-06-2017,61.83,62.54,61.73,62.39,1605500,ZTS
16-06-2017,62.73,63,62.27,62.55,2821302,ZTS
19-06-2017,62.88,63.29,62.79,63.03,1839510,ZTS
20-06-2017,63.38,63.85,62.85,63,2077458,ZTS
21-06-2017,63.13,63.48,62.84,63,2363021,ZTS
22-06-2017,63,63.84,62.81,63.51,2379279,ZTS
23-06-2017,63.5,63.52,62.48,62.78,5215502,ZTS
26-06-2017,62.87,62.92,62.24,62.72,1911717,ZTS
27-06-2017,62.72,63.2,62.62,62.76,2330039,ZTS
28-06-2017,63,63.46,62.61,62.95,1635153,ZTS
29-06-2017,63.07,63.28,62.05,62.5,1782124,ZTS
30-06-2017,62.46,62.93,62.37,62.38,1890227,ZTS
03-07-2017,62.4,62.84,62.27,62.67,744262,ZTS
05-07-2017,62.71,62.88,62.34,62.55,3000331,ZTS
06-07-2017,62.35,62.5,61.66,61.79,2319605,ZTS
07-07-2017,62.3,62.81,62.12,62.59,2289463,ZTS
10-07-2017,62.5,62.71,62.28,62.47,1596841,ZTS
11-07-2017,62.41,62.5,61.96,62.21,1220979,ZTS
12-07-2017,62.45,62.94,62.41,62.56,2016188,ZTS
13-07-2017,62.56,63.09,62.49,63.05,2976754,ZTS
14-07-2017,63.15,63.53,62.9,63.35,2131365,ZTS
17-07-2017,63.45,63.51,63.03,63.07,1695813,ZTS
18-07-2017,63,63,62.26,62.46,1808388,ZTS
19-07-2017,62.71,62.79,62.29,62.42,1850573,ZTS
20-07-2017,62.56,62.94,62.52,62.75,1394582,ZTS
21-07-2017,62.75,63.42,62.39,63.16,2097192,ZTS
24-07-2017,63.2,63.46,63.05,63.29,1811946,ZTS
25-07-2017,62.98,63.03,61.12,61.28,6067931,ZTS
26-07-2017,60.88,62.2,60.8,62.06,3153569,ZTS
27-07-2017,62.06,62.2,61.7,62.01,2090512,ZTS
28-07-2017,62.15,62.65,62.06,62.21,1540607,ZTS
31-07-2017,62.45,62.83,62.32,62.52,2130374,ZTS
01-08-2017,62.37,62.85,61.86,62.12,1277542,ZTS
02-08-2017,62.04,62.21,61.38,61.54,1831228,ZTS
03-08-2017,61.23,62.47,61.2,62.28,1768815,ZTS
04-08-2017,62.37,62.85,61.86,62.12,1277542,ZTS
07-08-2017,62.12,62.34,61.25,61.83,4208287,ZTS
08-08-2017,60.49,61,59.5,60,4663668,ZTS
09-08-2017,59.95,60.87,59.76,60.81,4017297,ZTS
10-08-2017,60.87,61.37,59.71,59.74,2690725,ZTS
11-08-2017,60.05,60.22,59.64,59.73,2285863,ZTS
14-08-2017,60.19,60.83,60.04,60.74,2475394,ZTS
15-08-2017,60.86,61.68,60.56,61.03,2220781,ZTS
16-08-2017,61.27,61.54,61.08,61.5,1388941,ZTS
17-08-2017,61.42,61.97,60.88,60.9,1765704,ZTS
18-08-2017,60.71,61.08,60.44,60.75,1513092,ZTS
21-08-2017,60.82,61.47,60.65,61.35,1806313,ZTS
22-08-2017,61.26,61.81,61.1,61.6,3459347,ZTS
23-08-2017,61.44,61.6,61.23,61.36,1597889,ZTS
24-08-2017,61.61,61.61,61.15,61.39,2098981,ZTS
25-08-2017,61.73,61.97,61.24,61.33,1965984,ZTS
28-08-2017,61.53,61.84,61.38,61.54,2102054,ZTS
29-08-2017,61.36,61.67,61.08,61.5,1331328,ZTS
30-08-2017,61.52,62.19,61.5,61.94,2101838,ZTS
31-08-2017,62.16,62.82,61.88,62.7,2934224,ZTS
01-09-2017,62.75,62.97,62.43,62.87,1407533,ZTS
05-09-2017,62.7,63.25,62.64,63.17,2860197,ZTS
06-09-2017,63.55,63.6,63.06,63.39,3216109,ZTS
07-09-2017,63.58,65.12,63.23,64.85,2558538,ZTS
08-09-2017,64.85,65.09,64.62,64.7,2608157,ZTS
11-09-2017,65.33,65.39,64.52,65.28,1842380,ZTS
12-09-2017,65.25,65.5,65.18,65.4,1832450,ZTS
13-09-2017,65.32,65.83,65.22,65.28,1517180,ZTS
14-09-2017,65.1,65.27,64.77,65.25,2584337,ZTS
15-09-2017,65.41,65.64,64.87,65.2,2115398,ZTS
18-09-2017,65.31,65.42,64.64,65.2,1584970,ZTS
19-09-2017,65.38,65.41,64.53,64.78,2005847,ZTS
20-09-2017,64.72,65.08,64.01,64.48,2634685,ZTS
21-09-2017,64.5,64.86,64.2,64.24,1232176,ZTS
22-09-2017,64.3,64.55,63.94,64.16,1538406,ZTS
25-09-2017,64.18,64.28,63.51,63.67,2214327,ZTS
26-09-2017,63.71,64.14,63.29,63.33,1580127,ZTS
27-09-2017,63.39,63.68,63.02,63.21,1959710,ZTS
28-09-2017,63.37,63.73,62.79,63.32,1689750,ZTS
29-09-2017,63.36,63.78,62.89,63.76,1981436,ZTS
02-10-2017,63.84,64.39,63.69,63.75,1838530,ZTS
03-10-2017,63.75,64.1,63.4,63.59,1809492,ZTS
04-10-2017,63.68,64.01,63.48,63.57,1954410,ZTS
05-10-2017,63.42,63.99,63.28,63.75,2345538,ZTS
06-10-2017,63.75,63.96,63.58,63.75,2543606,ZTS
09-10-2017,63.81,63.87,63.51,63.73,1257637,ZTS
10-10-2017,63.75,64.03,63.44,63.99,2014739,ZTS
11-10-2017,63.9,64.28,63.79,64.28,1612005,ZTS
12-10-2017,64.24,64.94,64.2,64.91,1837949,ZTS
13-10-2017,64.93,65.53,64.72,65.44,2401585,ZTS
16-10-2017,65.59,65.8,65.36,65.71,2453372,ZTS
17-10-2017,65.65,66.11,65.43,65.81,2251596,ZTS
18-10-2017,65.91,65.91,65.25,65.56,1723259,ZTS
19-10-2017,65.5,65.69,65.16,65.58,1572105,ZTS
20-10-2017,65.63,65.99,65.24,65.94,1690098,ZTS
23-10-2017,66.2,66.35,65.27,65.28,1782115,ZTS
24-10-2017,65.33,65.73,64.84,64.98,1780711,ZTS
25-10-2017,64.81,64.99,64.28,64.38,1593840,ZTS
26-10-2017,64.59,64.59,63.59,63.74,3112794,ZTS
27-10-2017,63.76,64.37,63.52,64.05,2911660,ZTS
30-10-2017,64.05,64.05,63.03,63.24,3912189,ZTS
31-10-2017,63.41,64.14,63.25,63.82,3798447,ZTS
01-11-2017,64.2,65.09,64.02,64.51,3065957,ZTS
02-11-2017,64.3,67.85,64.3,67.31,5185564,ZTS
03-11-2017,67.77,68.8,67.44,68.69,4320676,ZTS
06-11-2017,68.92,70.48,68.85,69.71,3884834,ZTS
07-11-2017,69.73,70.26,68.15,68.45,5010064,ZTS
08-11-2017,68,69.62,67.76,69.51,3933647,ZTS
09-11-2017,69.16,69.5,68.96,69.3,2406677,ZTS
10-11-2017,68.95,69.24,68.58,69.13,1905724,ZTS
13-11-2017,69.01,69.3,68.56,68.88,2747469,ZTS
14-11-2017,68.78,69.95,68.57,69.9,2372007,ZTS
15-11-2017,69.69,70.33,69.35,69.62,2075487,ZTS
16-11-2017,69.97,70.49,69.71,70.41,2055575,ZTS
17-11-2017,70.24,71.12,70.24,70.79,2355140,ZTS
20-11-2017,70.8,71.14,70.49,70.95,2268805,ZTS
21-11-2017,71.03,72.14,70.97,71.36,2725360,ZTS
22-11-2017,71.33,71.83,70.95,71.07,1437222,ZTS
24-11-2017,71.17,71.42,70.93,71.29,1200253,ZTS
27-11-2017,71.49,71.8,71.22,71.54,1997531,ZTS
28-11-2017,71.59,71.63,71.26,71.39,2610441,ZTS
29-11-2017,71.99,72.1,71.28,71.61,1618690,ZTS
30-11-2017,71.84,72.71,71.84,72.29,2602127,ZTS
01-12-2017,72.22,72.35,71.28,72.3,1932240,ZTS
04-12-2017,72.44,72.79,71,71.02,3581375,ZTS
05-12-2017,70.82,71.77,70.6,70.85,2261514,ZTS
06-12-2017,70.6,71.11,70.48,70.97,1507421,ZTS
07-12-2017,70.97,71.84,70.76,71.64,2694414,ZTS
08-12-2017,71.89,71.98,71.3,71.88,1640004,ZTS
11-12-2017,71.84,71.97,71.52,71.77,1172513,ZTS
12-12-2017,71.77,72.66,71.64,72.23,1939851,ZTS
13-12-2017,72.14,72.99,72.06,72.38,1595095,ZTS
14-12-2017,72.41,72.46,71.57,71.76,1364454,ZTS
15-12-2017,72.21,72.27,71.52,71.96,2843187,ZTS
18-12-2017,72.35,72.92,71.91,72.63,1657818,ZTS
19-12-2017,72.83,73.58,72.73,72.8,1946322,ZTS
20-12-2017,72.84,73.16,72.17,72.71,1806257,ZTS
21-12-2017,72.97,73.31,72.27,72.28,1163460,ZTS
22-12-2017,72.3,72.37,71.79,71.99,1345683,ZTS
26-12-2017,72.4,72.55,71.9,72.34,792134,ZTS
27-12-2017,72.59,72.69,72.25,72.45,1159771,ZTS
28-12-2017,72.49,72.6,72.14,72.39,710499,ZTS
29-12-2017,72.55,72.76,72.04,72.04,1704122,ZTS
02-01-2018,72.54,72.59,71.47,71.77,2135564,ZTS
03-01-2018,71.77,72.18,71.34,72.1,2328506,ZTS
04-01-2018,72.75,72.91,72.26,72.53,2534010,ZTS
05-01-2018,72.83,73.92,72.57,73.36,2166065,ZTS
08-01-2018,73.43,74.42,73.16,74.24,3631552,ZTS
09-01-2018,74.7,75.48,74.47,75.11,2721946,ZTS
10-01-2018,74.58,74.8,73.28,73.91,2257464,ZTS
11-01-2018,74.05,74.68,73.72,74.59,1629279,ZTS
12-01-2018,74.91,75.69,74.77,75.39,1915669,ZTS
16-01-2018,76.06,76.4,75.21,75.54,2599094,ZTS
17-01-2018,75.81,77.03,75.39,76.77,2769587,ZTS
18-01-2018,76.65,76.65,75.85,76.33,2588995,ZTS
19-01-2018,76.69,76.91,76.22,76.62,4829602,ZTS
22-01-2018,76.67,77.58,76.62,77.48,4195103,ZTS
23-01-2018,77.3,78.32,76.97,77.59,2264132,ZTS
24-01-2018,78.16,78.51,77.6,78.33,2585326,ZTS
25-01-2018,78.47,79.38,78.35,79.25,2327262,ZTS
26-01-2018,79.49,80.13,79.38,80.09,2532808,ZTS
29-01-2018,79.81,79.95,79.11,79.18,2662383,ZTS
30-01-2018,78.44,78.69,77.91,78.35,3808707,ZTS
31-01-2018,78.49,78.77,76.54,76.73,4136360,ZTS
01-02-2018,76.84,78.27,76.69,77.82,2982259,ZTS
02-02-2018,77.53,78.12,76.73,76.78,2595187,ZTS
05-02-2018,76.64,76.92,73.18,73.83,2962031,ZTS
06-02-2018,72.74,74.56,72.13,73.27,4924323,ZTS
07-02-2018,72.7,75,72.69,73.86,4534912,ZTS
